season,week,game_id,underdog,favorite,dog_home,dog_moneyline,dog_spread,dog_record,dog_winning,stats_won,certified,dog_margin,won_outright,covered,dog_led,covered_3,covered_7,total_line,total_actual,over_hit,dog_win_pct,fav_win_pct,dog_opp_ppg,fav_opp_ppg,dog_third_down_pct,fav_third_down_pct,dog_turnover_pct,fav_turnover_pct,dog_def_rank,fav_def_rank
2023,6,2023_06_ARI_LA,ARI,LA,0,270.0,7.0,1-4-0,0,0,0,-17,0,0,1,0,0,48.0,35.0,0,0.2,0.4,27.2,21.6,0.417,0.437,0.098,0.098,30,12
2023,6,2023_06_BAL_TEN,TEN,BAL,1,205.0,5.5,2-3-0,0,1,0,-8,0,0,0,0,0,42.5,40.0,0,0.4,0.6,18.6,15.0,0.371,0.451,0.1,0.133,10,2
2023,6,2023_06_CAR_MIA,CAR,MIA,0,700.0,14.0,0-5-0,0,0,0,-21,0,0,1,0,0,47.5,63.0,1,0.0,0.8,28.8,27.0,0.408,0.413,0.143,0.138,25,24
2023,6,2023_06_DEN_KC,DEN,KC,0,470.0,10.5,1-4-0,0,1,0,-11,0,0,0,0,0,47.5,27.0,0,0.2,0.8,36.2,16.0,0.393,0.515,0.132,0.137,32,5
2023,6,2023_06_IND_JAX,IND,JAX,0,170.0,4.0,3-2-0,1,2,0,-17,0,0,1,0,0,44.0,57.0,1,0.6,0.6,23.0,20.4,0.391,0.377,0.066,0.117,22,17
2023,6,2023_06_MIN_CHI,CHI,MIN,1,140.0,3.0,1-4-0,0,2,0,-6,0,0,0,0,1,44.5,32.0,0,0.2,0.2,31.4,24.4,0.4,0.383,0.151,0.216,31,26
2023,6,2023_06_NE_LV,NE,LV,0,124.0,3.0,1-4-0,0,3,0,-4,0,0,0,0,1,41.5,38.0,0,0.2,0.4,26.2,22.8,0.329,0.327,0.161,0.22,13,19
2023,6,2023_06_NO_HOU,HOU,NO,1,110.0,2.0,2-3-0,0,2,0,7,1,1,1,1,1,42.5,33.0,0,0.4,0.6,20.0,15.2,0.455,0.373,0.036,0.083,15,3
2023,6,2023_06_NYG_BUF,NYG,BUF,0,750.0,15.5,1-4-0,0,0,0,-5,0,1,1,0,1,43.5,23.0,0,0.2,0.6,30.6,16.0,0.356,0.492,0.148,0.127,27,9
2023,6,2023_06_PHI_NYJ,NYJ,PHI,1,245.0,6.5,2-3-0,0,1,0,6,1,1,1,1,1,43.0,34.0,0,0.4,1.0,21.0,20.8,0.262,0.507,0.119,0.093,11,21
2023,6,2023_06_WAS_ATL,WAS,ATL,0,105.0,1.5,2-3-0,0,0,0,8,1,1,1,1,1,42.0,40.0,0,0.4,0.6,32.0,19.2,0.367,0.385,0.175,0.123,23,4
2023,7,2023_07_ARI_SEA,ARI,SEA,0,350.0,9.5,1-5-0,0,1,0,-10,0,0,1,0,0,43.5,30.0,0,0.2,0.6,28.4,21.6,0.435,0.316,0.098,0.054,29,26
2023,7,2023_07_ATL_TB,ATL,TB,0,124.0,3.0,3-3-0,0,1,0,3,1,1,1,1,1,37.5,29.0,0,0.4,0.6,22.0,17.6,0.4,0.42,0.182,0.075,6,10
2023,7,2023_07_BUF_NE,NE,BUF,1,310.0,7.5,1-5-0,0,0,0,4,1,1,1,1,1,41.0,54.0,1,0.2,0.8,25.4,13.4,0.356,0.516,0.155,0.094,14,5
2023,7,2023_07_CLE_IND,IND,CLE,1,150.0,3.5,3-3-0,0,2,0,-1,0,1,1,1,1,40.0,77.0,1,0.6,0.6,24.2,15.4,0.419,0.306,0.085,0.188,23,2
2023,7,2023_07_DET_BAL,DET,BAL,0,136.0,3.0,5-1-0,1,2,0,-32,0,0,0,0,0,43.5,44.0,1,0.8,0.6,18.6,16.4,0.441,0.444,0.086,0.115,12,1
2023,7,2023_07_GB_DEN,GB,DEN,0,-102.0,1.5,2-3-0,0,5,0,-2,0,0,1,1,1,44.0,36.0,0,0.4,0.2,22.6,36.6,0.409,0.382,0.105,0.175,17,32
2023,7,2023_07_JAX_NO,JAX,NO,0,124.0,2.5,4-2-0,1,2,0,7,1,1,1,1,1,41.0,55.0,1,0.6,0.4,20.2,16.2,0.38,0.365,0.102,0.086,18,3
2023,7,2023_07_LAC_KC,LAC,KC,0,215.0,5.5,2-3-0,0,1,0,-14,0,0,0,0,0,48.5,48.0,0,0.4,1.0,24.8,13.4,0.382,0.507,0.056,0.137,28,4
2023,7,2023_07_LV_CHI,CHI,LV,1,120.0,2.5,1-5-0,0,2,0,18,1,1,1,1,1,38.5,42.0,1,0.2,0.4,27.6,23.0,0.439,0.35,0.167,0.212,30,20
2023,7,2023_07_MIA_PHI,MIA,PHI,0,130.0,3.0,5-1-0,1,1,0,-14,0,0,0,0,0,52.0,48.0,0,0.8,0.8,24.4,20.8,0.44,0.541,0.119,0.16,27,19
2023,7,2023_07_PIT_LA,PIT,LA,0,145.0,3.5,3-2-0,1,3,1,7,1,1,1,1,1,44.0,41.0,0,0.6,0.4,22.0,20.8,0.37,0.364,0.081,0.096,21,11
2023,7,2023_07_SF_MIN,MIN,SF,1,260.0,7.0,2-4-0,0,0,0,5,1,1,1,1,1,44.5,39.0,0,0.4,0.8,23.0,16.0,0.322,0.434,0.173,0.036,22,7
2023,7,2023_07_WAS_NYG,NYG,WAS,1,136.0,3.0,1-5-0,0,3,0,7,1,1,1,1,1,37.0,21.0,0,0.2,0.4,25.4,32.0,0.408,0.345,0.096,0.125,25,24
2023,8,2023_08_ATL_TEN,TEN,ATL,1,110.0,2.5,2-4-0,0,1,0,5,1,1,1,1,1,35.0,51.0,1,0.4,0.4,20.2,19.8,0.373,0.426,0.062,0.218,9,4
2023,8,2023_08_BAL_ARI,ARI,BAL,1,380.0,9.5,1-6-0,0,2,0,-7,0,1,1,0,push,44.5,55.0,1,0.2,0.6,26.2,12.8,0.418,0.409,0.096,0.129,26,1
2023,8,2023_08_CHI_LAC,CHI,LAC,0,340.0,9.5,2-5-0,0,2,0,-17,0,0,0,0,0,46.0,43.0,0,0.4,0.4,24.6,23.8,0.47,0.343,0.13,0.091,28,30
2023,8,2023_08_CIN_SF,CIN,SF,0,170.0,4.0,3-3-0,0,0,0,14,1,1,1,1,1,44.0,48.0,1,0.6,0.6,20.6,15.8,0.379,0.491,0.093,0.093,15,10
2023,8,2023_08_CLE_SEA,CLE,SEA,0,164.0,4.0,4-2-0,1,1,0,-4,0,push,1,0,1,39.5,44.0,1,0.6,0.8,22.4,17.6,0.297,0.377,0.179,0.088,5,22
2023,8,2023_08_HOU_CAR,CAR,HOU,1,136.0,3.0,0-6-0,0,0,0,2,1,1,1,1,1,43.0,28.0,0,0.0,0.6,32.4,17.6,0.408,0.457,0.089,0.055,31,16
2023,8,2023_08_JAX_PIT,PIT,JAX,1,114.0,2.5,4-2-0,1,2,0,-10,0,0,0,0,0,41.0,30.0,0,0.8,0.8,19.4,21.6,0.371,0.371,0.048,0.098,20,19
2023,8,2023_08_KC_DEN,DEN,KC,1,270.0,7.0,2-5-0,0,0,0,15,1,1,1,1,1,45.5,33.0,0,0.4,1.0,33.0,15.0,0.4,0.554,0.145,0.135,32,2
2023,8,2023_08_LA_DAL,LA,DAL,0,250.0,6.5,3-4-0,0,2,0,-23,0,0,0,0,0,44.5,63.0,1,0.4,0.6,19.6,20.0,0.382,0.479,0.077,0.093,11,7
2023,8,2023_08_LV_DET,LV,DET,0,270.0,7.0,3-4-0,0,0,0,-12,0,0,0,0,0,46.0,40.0,0,0.4,0.8,21.4,18.8,0.323,0.397,0.212,0.054,23,18
2023,8,2023_08_MIN_GB,GB,MIN,1,-108.0,1.0,2-4-0,0,3,0,-14,0,0,0,0,0,41.5,34.0,0,0.2,0.6,22.4,19.6,0.375,0.339,0.13,0.14,13,21
2023,8,2023_08_NE_MIA,NE,MIA,0,300.0,7.5,2-5-0,0,2,0,-14,0,0,1,0,0,46.5,48.0,1,0.4,0.6,25.6,27.2,0.343,0.431,0.14,0.123,14,29
2023,8,2023_08_NO_IND,IND,NO,1,110.0,2.0,3-4-0,0,2,0,-11,0,0,1,0,0,43.5,65.0,1,0.4,0.2,28.0,19.0,0.416,0.303,0.138,0.082,27,3
2023,8,2023_08_NYJ_NYG,NYG,NYJ,1,136.0,3.0,2-5-0,0,2,0,-3,0,push,1,push,1,35.0,23.0,0,0.2,0.4,21.2,20.6,0.362,0.22,0.089,0.103,24,12
2023,8,2023_08_PHI_WAS,WAS,PHI,1,245.0,7.0,3-4-0,0,1,0,-7,0,push,1,0,push,42.5,69.0,1,0.2,0.8,28.2,18.6,0.286,0.528,0.136,0.188,25,17
2023,8,2023_08_TB_BUF,TB,BUF,0,370.0,10.0,3-3-0,0,2,0,-6,0,1,0,0,1,43.0,42.0,0,0.4,0.6,17.4,17.2,0.453,0.492,0.115,0.13,6,8
2023,9,2023_09_ARI_CLE,ARI,CLE,0,525.0,13.0,1-7-0,0,2,0,-27,0,0,0,0,0,38.0,27.0,0,0.0,0.6,29.2,22.0,0.406,0.315,0.125,0.172,26,8
2023,9,2023_09_BUF_CIN,BUF,CIN,0,105.0,1.5,5-3-0,1,2,0,-6,0,0,0,0,1,51.0,42.0,0,0.6,0.8,20.2,18.6,0.475,0.305,0.13,0.089,5,17
2023,9,2023_09_CHI_NO,CHI,NO,0,340.0,9.0,2-6-0,0,1,0,-7,0,1,1,0,push,42.0,41.0,0,0.4,0.4,22.4,20.8,0.485,0.338,0.127,0.097,29,6
2023,9,2023_09_DAL_PHI,DAL,PHI,0,145.0,3.5,5-2-0,1,3,1,-5,0,0,1,0,1,46.5,51.0,1,0.6,0.8,22.0,22.6,0.478,0.522,0.111,0.18,3,23
2023,9,2023_09_IND_CAR,CAR,IND,1,110.0,1.5,1-6-0,0,3,0,-14,0,0,0,0,0,45.0,40.0,0,0.2,0.2,31.0,31.8,0.423,0.437,0.073,0.164,30,31
2023,9,2023_09_LAC_NYJ,NYJ,LAC,1,142.0,3.0,4-3-0,1,3,1,-21,0,0,0,0,0,41.0,33.0,0,0.6,0.6,16.6,21.0,0.219,0.424,0.062,0.111,4,28
2023,9,2023_09_LA_GB,LA,GB,0,160.0,3.5,3-5-0,0,4,0,-17,0,0,0,0,0,38.0,23.0,0,0.4,0.2,24.4,22.2,0.414,0.377,0.059,0.148,14,16
2023,9,2023_09_MIA_KC,MIA,KC,0,-105.0,1.0,6-2-0,1,1,0,-7,0,0,0,0,push,51.0,35.0,0,0.6,0.8,26.6,17.8,0.393,0.475,0.167,0.173,25,2
2023,9,2023_09_MIN_ATL,MIN,ATL,0,160.0,3.5,4-4-0,0,3,0,3,1,1,1,1,1,38.5,59.0,1,0.8,0.4,16.0,21.4,0.409,0.42,0.122,0.211,19,9
2023,9,2023_09_NYG_LV,NYG,LV,0,-102.0,1.0,2-6-0,0,4,0,-24,0,0,0,0,0,38.5,36.0,0,0.2,0.4,17.8,22.0,0.322,0.293,0.062,0.173,20,24
2023,9,2023_09_SEA_BAL,SEA,BAL,0,220.0,6.0,5-2-0,1,0,0,-34,0,0,0,0,0,44.5,40.0,0,0.8,0.8,15.4,13.2,0.355,0.41,0.121,0.102,22,1
2023,9,2023_09_TB_HOU,TB,HOU,0,124.0,2.5,3-4-0,0,1,0,-2,0,1,1,1,1,39.5,76.0,1,0.2,0.6,18.8,14.4,0.391,0.444,0.115,0.057,10,11
2023,9,2023_09_TEN_PIT,TEN,PIT,0,145.0,3.5,3-4-0,0,1,0,-4,0,0,1,0,1,37.0,36.0,0,0.4,0.6,20.0,19.0,0.344,0.368,0.078,0.052,7,18
2023,9,2023_09_WAS_NE,WAS,NE,0,130.0,2.5,3-5-0,0,3,0,3,1,1,1,1,1,40.5,37.0,0,0.2,0.2,28.4,29.8,0.364,0.281,0.068,0.164,27,21
2023,10,2023_10_ATL_ARI,ARI,ATL,1,110.0,2.0,1-8-0,0,1,0,2,1,1,1,1,1,43.5,48.0,1,0.0,0.4,27.6,23.0,0.318,0.44,0.159,0.183,28,10
2023,10,2023_10_CAR_CHI,CAR,CHI,0,150.0,3.0,1-7-0,0,1,0,-3,0,push,1,push,1,38.0,29.0,0,0.2,0.4,29.0,21.0,0.397,0.485,0.127,0.179,31,30
2023,10,2023_10_CLE_BAL,CLE,BAL,0,210.0,6.0,5-3-0,1,0,0,2,1,1,1,1,1,38.5,64.0,1,0.6,0.8,21.4,13.2,0.299,0.435,0.145,0.119,2,1
2023,10,2023_10_DEN_BUF,DEN,BUF,0,310.0,7.5,3-5-0,0,3,0,2,1,1,1,1,1,47.5,46.0,0,0.6,0.4,20.8,21.0,0.439,0.492,0.115,0.176,32,7
2023,10,2023_10_DET_LAC,LAC,DET,1,120.0,2.5,4-4-0,0,2,0,-3,0,0,0,push,1,48.5,79.0,1,0.6,0.8,17.4,20.4,0.423,0.425,0.088,0.089,25,13
2023,10,2023_10_GB_PIT,GB,PIT,0,140.0,3.0,3-5-0,0,1,0,-4,0,0,1,0,1,38.5,42.0,1,0.2,0.6,19.4,18.6,0.385,0.385,0.167,0.056,9,12
2023,10,2023_10_HOU_CIN,HOU,CIN,0,205.0,5.5,4-4-0,0,4,0,3,1,1,1,1,1,46.0,57.0,1,0.6,0.8,18.4,19.0,0.373,0.368,0.073,0.077,16,18
2023,10,2023_10_IND_NE,NE,IND,1,-102.0,1.0,2-7-0,0,3,0,-4,0,0,1,0,1,42.0,16.0,0,0.2,0.4,26.2,28.6,0.268,0.432,0.125,0.15,20,29
2023,10,2023_10_NO_MIN,MIN,NO,1,130.0,3.0,5-4-0,1,2,0,8,1,1,1,1,1,41.0,46.0,1,0.8,0.6,19.0,19.0,0.446,0.365,0.115,0.048,19,5
2023,10,2023_10_NYG_DAL,NYG,DAL,0,1100.0,17.5,2-7-0,0,2,0,-32,0,0,0,0,0,38.5,66.0,1,0.2,0.6,19.0,22.0,0.301,0.439,0.046,0.107,21,8
2023,10,2023_10_NYJ_LV,LV,NYJ,1,-105.0,1.0,4-5-0,0,2,0,4,1,1,1,1,1,35.5,28.0,0,0.6,0.6,18.4,19.0,0.344,0.224,0.113,0.109,22,4
2023,10,2023_10_SF_JAX,JAX,SF,1,142.0,3.0,6-2-0,1,3,1,-31,0,0,0,0,0,44.5,37.0,0,1.0,0.4,16.2,19.6,0.386,0.478,0.115,0.148,15,11
2023,10,2023_10_TEN_TB,TEN,TB,0,120.0,2.5,3-5-0,0,4,0,-14,0,0,1,0,0,39.5,26.0,0,0.4,0.2,18.6,21.6,0.355,0.343,0.1,0.091,6,17
2023,10,2023_10_WAS_SEA,WAS,SEA,0,220.0,6.0,4-5-0,0,2,0,-3,0,1,1,push,1,44.0,55.0,1,0.4,0.6,25.0,17.4,0.379,0.328,0.098,0.138,27,24
2023,11,2023_11_ARI_HOU,ARI,HOU,0,205.0,5.5,2-8-0,0,0,0,-5,0,1,1,0,1,48.0,37.0,0,0.2,0.6,25.4,22.6,0.303,0.333,0.133,0.121,28,16
2023,11,2023_11_CHI_DET,CHI,DET,0,340.0,8.0,3-7-0,0,2,0,-5,0,1,1,0,1,48.0,57.0,1,0.4,0.8,19.6,24.0,0.471,0.406,0.179,0.074,26,21
2023,11,2023_11_CIN_BAL,CIN,BAL,0,170.0,4.0,5-4-0,1,1,0,-14,0,0,1,0,0,46.5,54.0,1,0.8,0.8,19.6,16.4,0.403,0.429,0.088,0.102,20,1
2023,11,2023_11_DAL_CAR,CAR,DAL,1,470.0,11.0,1-8-0,0,1,0,-23,0,0,0,0,0,43.0,43.0,push,0.2,0.6,28.0,24.8,0.362,0.429,0.111,0.138,27,7
2023,11,2023_11_LAC_GB,GB,LAC,1,136.0,3.0,3-6-0,0,2,0,3,1,1,1,1,1,44.0,43.0,0,0.2,0.4,17.2,22.2,0.429,0.451,0.17,0.091,9,31
2023,11,2023_11_LV_MIA,LV,MIA,0,700.0,14.0,5-5-0,0,3,0,-7,0,1,1,0,push,44.5,33.0,0,0.6,0.6,18.2,21.2,0.333,0.379,0.132,0.148,17,25
2023,11,2023_11_MIN_DEN,MIN,DEN,0,120.0,2.5,6-4-0,1,5,1,-1,0,1,1,1,1,43.5,41.0,0,1.0,0.6,17.4,19.6,0.44,0.415,0.089,0.13,18,32
2023,11,2023_11_NYG_WAS,NYG,WAS,0,310.0,7.5,2-8-0,0,2,0,12,1,1,1,1,1,39.0,50.0,1,0.2,0.4,22.6,22.8,0.256,0.377,0.059,0.083,30,29
2023,11,2023_11_NYJ_BUF,NYJ,BUF,0,310.0,8.0,4-5-0,0,4,0,-26,0,0,0,0,0,39.5,38.0,0,0.6,0.4,17.6,20.8,0.239,0.491,0.109,0.216,4,10
2023,11,2023_11_PHI_KC,PHI,KC,0,124.0,2.5,8-1-0,1,1,0,4,1,1,1,1,1,46.0,38.0,0,0.8,0.8,21.0,16.6,0.549,0.424,0.18,0.151,22,2
2023,11,2023_11_PIT_CLE,PIT,CLE,0,120.0,2.5,6-3-0,1,3,1,-3,0,0,0,push,1,34.0,23.0,0,0.8,0.8,16.4,22.0,0.359,0.351,0.036,0.119,13,3
2023,11,2023_11_SEA_LA,SEA,LA,0,114.0,2.5,6-3-0,1,2,0,-1,0,1,1,1,1,45.0,33.0,0,0.6,0.2,22.0,23.8,0.333,0.406,0.138,0.08,24,14
2023,11,2023_11_TB_SF,TB,SF,0,625.0,13.5,4-5-0,0,1,0,-13,0,1,0,0,0,41.5,41.0,0,0.2,0.4,21.0,17.0,0.328,0.434,0.091,0.14,11,6
2023,11,2023_11_TEN_JAX,TEN,JAX,0,235.0,6.5,3-6-0,0,2,0,-20,0,0,0,0,0,40.0,48.0,1,0.2,0.8,22.0,21.6,0.312,0.382,0.096,0.183,5,19
2023,12,2023_12_BAL_LAC,LAC,BAL,1,142.0,3.0,4-6-0,0,1,0,-10,0,0,1,0,0,49.0,30.0,0,0.4,0.8,22.8,17.2,0.479,0.423,0.089,0.086,31,1
2023,12,2023_12_BUF_PHI,BUF,PHI,0,124.0,2.5,6-5-0,1,3,1,-3,0,0,1,push,1,49.0,71.0,1,0.4,0.8,20.2,21.6,0.466,0.453,0.185,0.167,7,22
2023,12,2023_12_CAR_TEN,CAR,TEN,0,145.0,3.5,1-9-0,0,2,0,-7,0,0,0,0,push,36.0,27.0,0,0.2,0.2,26.2,24.2,0.338,0.288,0.093,0.094,26,11
2023,12,2023_12_CHI_MIN,CHI,MIN,0,140.0,3.0,3-8-0,0,0,0,2,1,1,1,1,1,43.5,22.0,0,0.4,0.8,22.0,19.0,0.463,0.481,0.148,0.13,28,15
2023,12,2023_12_CLE_DEN,CLE,DEN,0,105.0,1.5,7-3-0,1,1,0,-17,0,0,0,0,0,37.5,41.0,1,0.8,0.8,20.6,17.4,0.346,0.373,0.106,0.094,2,32
2023,12,2023_12_GB_DET,GB,DET,0,330.0,8.5,4-6-0,0,4,0,7,1,1,1,1,1,47.0,51.0,1,0.4,0.8,17.8,24.4,0.458,0.457,0.113,0.13,9,20
2023,12,2023_12_JAX_HOU,HOU,JAX,1,-105.0,1.0,6-4-0,1,1,0,-3,0,0,1,push,1,48.0,45.0,0,0.8,0.8,21.6,20.4,0.417,0.323,0.172,0.158,18,17
2023,12,2023_12_KC_LV,LV,KC,1,380.0,9.0,5-6-0,0,1,0,-14,0,0,1,0,0,42.5,48.0,1,0.4,0.6,18.8,16.8,0.279,0.393,0.158,0.175,19,3
2023,12,2023_12_LA_ARI,ARI,LA,1,124.0,3.0,2-9-0,0,0,0,-23,0,0,1,0,0,45.0,51.0,1,0.2,0.4,24.4,22.4,0.283,0.375,0.121,0.094,27,14
2023,12,2023_12_MIA_NYJ,NYJ,MIA,1,380.0,9.5,4-6-0,0,2,0,-21,0,0,0,0,0,40.0,47.0,1,0.4,0.6,19.8,20.6,0.2,0.361,0.143,0.14,6,23
2023,12,2023_12_NE_NYG,NYG,NE,1,180.0,4.5,3-8-0,0,2,0,3,1,1,1,1,1,36.5,17.0,0,0.4,0.2,23.6,21.4,0.205,0.357,0.056,0.115,30,16
2023,12,2023_12_NO_ATL,ATL,NO,1,110.0,2.0,4-6-0,0,2,0,9,1,1,1,1,1,42.0,39.0,0,0.2,0.4,24.2,24.4,0.44,0.356,0.155,0.082,12,8
2023,12,2023_12_PIT_CIN,CIN,PIT,1,114.0,2.0,5-5-0,0,1,0,-6,0,0,1,0,1,36.0,26.0,0,0.6,0.6,22.4,17.0,0.373,0.317,0.073,0.036,21,10
2023,12,2023_12_SF_SEA,SEA,SF,1,280.0,7.0,6-4-0,1,2,0,-18,0,0,0,0,0,43.5,44.0,1,0.6,0.4,22.0,17.8,0.318,0.404,0.121,0.13,24,5
2023,12,2023_12_TB_IND,TB,IND,0,130.0,2.5,4-6-0,0,3,0,-7,0,0,1,0,push,45.0,47.0,1,0.2,0.4,22.4,26.6,0.391,0.392,0.109,0.161,13,25
2023,12,2023_12_WAS_DAL,WAS,DAL,0,550.0,13.0,4-7-0,0,0,0,-35,0,0,0,0,0,48.0,55.0,1,0.2,0.8,25.8,18.4,0.403,0.441,0.161,0.073,29,4
2023,13,2023_13_ARI_PIT,ARI,PIT,0,230.0,6.0,2-10-0,0,0,0,14,1,1,1,1,1,41.0,34.0,0,0.2,0.6,27.8,15.6,0.29,0.353,0.121,0.055,31,6
2023,13,2023_13_ATL_NYJ,NYJ,ATL,1,105.0,2.0,4-7-0,0,0,0,-5,0,0,1,0,1,33.0,21.0,0,0.2,0.4,23.8,22.4,0.233,0.471,0.175,0.14,9,7
2023,13,2023_13_CAR_TB,CAR,TB,0,164.0,4.0,1-10-0,0,1,0,-3,0,1,1,push,1,37.0,39.0,1,0.2,0.2,21.2,24.6,0.342,0.371,0.115,0.111,27,16
2023,13,2023_13_CIN_JAX,CIN,JAX,0,410.0,10.0,5-6-0,0,1,0,3,1,1,1,1,1,41.0,65.0,1,0.4,0.8,23.0,20.6,0.362,0.377,0.074,0.167,19,18
2023,13,2023_13_CLE_LA,CLE,LA,0,160.0,3.5,7-4-0,1,3,1,-17,0,0,1,0,0,39.5,55.0,1,0.6,0.4,18.8,23.4,0.333,0.406,0.131,0.113,2,15
2023,13,2023_13_DEN_HOU,DEN,HOU,0,142.0,3.5,6-5-0,1,3,1,-5,0,0,0,0,1,47.5,39.0,0,1.0,0.6,16.0,23.8,0.38,0.435,0.055,0.143,29,17
2023,13,2023_13_DET_NO,NO,DET,1,164.0,4.0,5-6-0,0,3,0,-5,0,0,0,0,1,47.5,61.0,1,0.4,0.6,25.2,29.0,0.361,0.435,0.098,0.185,10,22
2023,13,2023_13_IND_TEN,TEN,IND,1,102.0,1.5,4-7-0,0,3,0,-3,0,0,1,push,1,42.0,59.0,1,0.4,0.6,21.4,23.2,0.295,0.368,0.074,0.117,8,23
2023,13,2023_13_KC_GB,GB,KC,1,215.0,5.5,5-6-0,0,3,0,8,1,1,1,1,1,43.5,46.0,1,0.6,0.6,18.4,18.6,0.464,0.424,0.089,0.161,14,5
2023,13,2023_13_LAC_NE,NE,LAC,1,185.0,4.5,2-9-0,0,2,0,-6,0,0,0,0,1,38.5,6.0,0,0.2,0.4,19.2,20.6,0.31,0.486,0.145,0.125,13,30
2023,13,2023_13_MIA_WAS,WAS,MIA,1,350.0,8.5,4-8-0,0,2,0,-30,0,0,0,0,0,50.0,60.0,1,0.2,0.6,32.0,19.0,0.486,0.406,0.169,0.175,32,21
2023,13,2023_13_SEA_DAL,SEA,DAL,0,380.0,9.5,6-5-0,1,0,0,-6,0,1,1,0,1,47.5,76.0,1,0.4,0.8,26.2,17.0,0.266,0.477,0.102,0.073,25,4
2023,13,2023_13_SF_PHI,PHI,SF,1,124.0,3.0,10-1-0,1,2,0,-23,0,0,1,0,0,46.5,61.0,1,1.0,0.6,24.4,16.6,0.426,0.451,0.121,0.132,26,3
2023,14,2023_14_BUF_KC,BUF,KC,0,105.0,2.0,6-6-0,0,1,0,3,1,1,1,1,1,49.5,37.0,0,0.4,0.4,21.8,20.6,0.515,0.441,0.155,0.151,11,6
2023,14,2023_14_CAR_NO,CAR,NO,0,200.0,5.5,1-11-0,0,1,0,-22,0,0,0,0,0,39.0,34.0,0,0.0,0.4,22.8,25.6,0.312,0.439,0.127,0.119,26,13
2023,14,2023_14_DEN_LAC,DEN,LAC,0,136.0,3.0,6-6-0,0,3,0,17,1,1,1,1,1,45.0,31.0,0,0.8,0.4,17.0,18.0,0.314,0.446,0.102,0.105,29,24
2023,14,2023_14_DET_CHI,CHI,DET,1,142.0,3.0,4-8-0,0,1,0,15,1,1,1,1,1,44.5,41.0,0,0.4,0.8,21.6,27.0,0.431,0.47,0.185,0.161,25,23
2023,14,2023_14_GB_NYG,NYG,GB,1,215.0,6.0,4-8-0,0,1,0,2,1,1,1,1,1,37.5,46.0,1,0.4,0.8,23.6,17.4,0.2,0.492,0.058,0.074,27,15
2023,14,2023_14_HOU_NYJ,NYJ,HOU,1,145.0,3.5,4-8-0,0,1,0,24,1,1,1,1,1,33.5,36.0,1,0.0,0.8,24.4,24.2,0.233,0.394,0.203,0.117,4,17
2023,14,2023_14_IND_CIN,IND,CIN,0,124.0,3.0,7-5-0,1,3,1,-20,0,0,0,0,0,45.0,48.0,1,0.8,0.4,21.0,25.8,0.313,0.406,0.07,0.071,22,21
2023,14,2023_14_JAX_CLE,JAX,CLE,0,120.0,2.5,8-4-0,1,1,0,-4,0,0,0,0,1,37.5,58.0,1,0.6,0.6,22.6,21.2,0.415,0.342,0.151,0.098,20,5
2023,14,2023_14_LA_BAL,LA,BAL,0,285.0,7.5,6-6-0,0,0,0,-6,0,1,1,0,1,42.0,68.0,1,0.6,0.8,22.4,18.0,0.35,0.386,0.089,0.068,14,1
2023,14,2023_14_MIN_LV,LV,MIN,1,130.0,3.0,5-7-0,0,1,0,-3,0,push,0,push,1,40.5,3.0,0,0.4,0.6,19.0,18.0,0.333,0.425,0.103,0.179,19,12
2023,14,2023_14_NE_PIT,NE,PIT,0,220.0,6.0,2-10-0,0,1,0,3,1,1,1,1,1,30.0,39.0,1,0.0,0.6,15.4,16.4,0.286,0.373,0.143,0.037,9,8
2023,14,2023_14_PHI_DAL,PHI,DAL,0,145.0,3.5,10-2-0,1,0,0,-20,0,0,0,0,0,52.5,46.0,0,0.8,0.8,29.4,20.0,0.469,0.493,0.088,0.056,31,10
2023,14,2023_14_SEA_SF,SEA,SF,0,650.0,14.5,6-6-0,0,0,0,-12,0,1,1,0,0,44.5,44.0,0,0.2,0.8,30.4,16.0,0.333,0.491,0.088,0.075,28,2
2023,14,2023_14_TB_ATL,TB,ATL,0,105.0,1.5,5-7-0,0,0,0,4,1,1,1,1,1,41.5,54.0,1,0.4,0.4,23.4,21.4,0.4,0.42,0.125,0.082,16,3
2023,14,2023_14_TEN_MIA,TEN,MIA,0,625.0,14.0,4-8-0,0,2,0,1,1,1,1,1,1,45.0,55.0,1,0.2,0.8,23.0,15.8,0.302,0.439,0.089,0.155,7,18
2023,15,2023_15_ATL_CAR,CAR,ATL,1,130.0,3.0,1-12-0,0,0,0,2,1,1,1,1,1,32.0,16.0,0,0.0,0.4,23.0,21.6,0.309,0.448,0.109,0.083,27,4
2023,15,2023_15_BAL_JAX,JAX,BAL,1,185.0,4.0,8-5-0,1,1,0,-16,0,0,0,0,0,42.5,30.0,0,0.4,0.8,26.8,19.4,0.406,0.379,0.153,0.083,23,1
2023,15,2023_15_CHI_CLE,CHI,CLE,0,124.0,3.0,5-8-0,0,2,0,-3,0,push,1,push,1,38.0,37.0,0,0.6,0.6,18.2,26.6,0.431,0.312,0.145,0.141,22,12
2023,15,2023_15_DAL_BUF,DAL,BUF,0,114.0,2.0,10-3-0,1,5,1,-21,0,0,0,0,0,49.5,41.0,0,1.0,0.4,17.0,21.6,0.529,0.486,0.057,0.155,5,13
2023,15,2023_15_DEN_DET,DEN,DET,0,210.0,5.5,7-6-0,1,3,1,-25,0,0,0,0,0,49.0,59.0,1,0.8,0.6,16.6,29.8,0.329,0.463,0.098,0.164,26,21
2023,15,2023_15_HOU_TEN,HOU,TEN,0,142.0,3.0,7-6-0,1,3,1,3,1,1,1,1,1,38.0,35.0,0,0.6,0.4,22.8,24.4,0.358,0.333,0.1,0.1,18,10
2023,15,2023_15_KC_NE,NE,KC,1,370.0,10.0,3-10-0,0,1,0,-10,0,push,1,0,0,39.5,44.0,1,0.2,0.4,12.8,19.8,0.313,0.475,0.138,0.115,8,6
2023,15,2023_15_LAC_LV,LAC,LV,0,136.0,3.0,5-8-0,0,1,0,-42,0,0,0,0,0,36.0,84.0,1,0.2,0.4,21.6,14.4,0.371,0.338,0.143,0.136,24,17
2023,15,2023_15_MIN_CIN,MIN,CIN,0,145.0,3.0,7-6-0,1,4,1,-3,0,push,1,push,1,41.5,51.0,1,0.6,0.4,16.0,25.0,0.387,0.35,0.158,0.086,7,20
2023,15,2023_15_NYG_NO,NYG,NO,0,205.0,6.0,5-8-0,0,2,0,-18,0,0,1,0,0,39.5,30.0,0,0.6,0.4,25.4,21.4,0.246,0.406,0.079,0.119,28,9
2023,15,2023_15_NYJ_MIA,NYJ,MIA,0,275.0,7.5,5-8-0,0,1,0,-30,0,0,0,0,0,36.0,30.0,0,0.2,0.6,20.2,18.0,0.282,0.431,0.169,0.133,2,19
2023,15,2023_15_PHI_SEA,SEA,PHI,1,195.0,5.0,6-7-0,0,3,0,3,1,1,1,1,1,46.0,37.0,0,0.2,0.6,28.6,29.8,0.354,0.433,0.089,0.109,30,31
2023,15,2023_15_PIT_IND,PIT,IND,0,102.0,1.5,7-6-0,1,4,1,-17,0,0,1,0,0,41.5,43.0,1,0.4,0.8,17.4,20.2,0.319,0.274,0.051,0.073,11,25
2023,15,2023_15_SF_ARI,ARI,SF,1,525.0,12.5,3-10-0,0,0,0,-16,0,0,1,0,0,48.0,74.0,1,0.4,1.0,23.6,13.0,0.343,0.491,0.091,0.056,29,3
2023,15,2023_15_TB_GB,TB,GB,0,180.0,4.0,6-7-0,0,1,0,14,1,1,1,1,1,41.5,54.0,1,0.6,0.6,20.6,21.6,0.425,0.462,0.107,0.075,16,14
2023,15,2023_15_WAS_LA,WAS,LA,0,240.0,6.5,4-9-0,0,1,0,-8,0,0,0,0,0,48.5,48.0,0,0.2,0.6,33.4,21.2,0.459,0.365,0.169,0.069,32,15
2023,16,2023_16_ARI_CHI,ARI,CHI,0,180.0,4.5,3-11-0,0,2,0,-11,0,0,0,0,0,42.0,43.0,1,0.4,0.6,27.2,17.4,0.408,0.372,0.078,0.083,31,23
2023,16,2023_16_BAL_SF,BAL,SF,0,275.0,6.5,11-3-0,1,1,0,14,1,1,1,1,1,47.5,52.0,1,0.8,1.0,20.2,18.2,0.368,0.54,0.069,0.056,1,5
2023,16,2023_16_BUF_LAC,LAC,BUF,1,550.0,13.0,5-9-0,0,0,0,-2,0,1,1,1,1,44.5,46.0,1,0.2,0.6,26.0,18.8,0.368,0.478,0.18,0.121,30,11
2023,16,2023_16_CIN_PIT,PIT,CIN,1,130.0,3.0,7-7-0,0,2,0,23,1,1,1,1,1,39.5,45.0,1,0.2,0.6,19.6,23.8,0.324,0.356,0.1,0.071,13,20
2023,16,2023_16_CLE_HOU,HOU,CLE,1,136.0,3.0,8-6-0,1,3,1,-14,0,0,0,0,0,40.0,58.0,1,0.6,0.6,20.6,23.8,0.348,0.263,0.067,0.157,16,8
2023,16,2023_16_DAL_MIA,DAL,MIA,0,102.0,1.5,10-4-0,1,3,1,-2,0,0,1,1,1,48.5,42.0,0,0.8,0.8,19.8,13.8,0.507,0.456,0.042,0.119,10,17
2023,16,2023_16_DET_MIN,MIN,DET,1,124.0,2.5,7-7-0,0,2,0,-6,0,0,1,0,1,47.5,54.0,1,0.4,0.6,15.8,25.6,0.38,0.5,0.167,0.164,9,22
2023,16,2023_16_GB_CAR,CAR,GB,1,164.0,3.5,2-12-0,0,1,0,-3,0,1,0,push,1,39.5,63.0,1,0.2,0.6,21.2,23.8,0.333,0.459,0.109,0.059,21,18
2023,16,2023_16_IND_ATL,IND,ATL,0,130.0,3.0,8-6-0,1,2,0,-19,0,0,1,0,0,44.0,39.0,0,0.8,0.4,20.2,17.2,0.297,0.419,0.073,0.088,25,2
2023,16,2023_16_JAX_TB,TB,JAX,1,105.0,2.0,7-7-0,0,5,0,18,1,1,1,1,1,43.0,42.0,0,0.6,0.4,23.4,24.6,0.449,0.386,0.111,0.119,15,24
2023,16,2023_16_LV_KC,LV,KC,0,440.0,11.0,6-8-0,0,2,0,6,1,1,1,1,1,40.5,34.0,0,0.4,0.4,17.4,20.4,0.384,0.484,0.129,0.132,19,6
2023,16,2023_16_NE_DEN,NE,DEN,0,270.0,7.0,3-11-0,0,2,0,3,1,1,1,1,1,37.5,49.0,1,0.2,0.6,14.2,20.6,0.299,0.313,0.133,0.1,12,29
2023,16,2023_16_NO_LA,NO,LA,0,180.0,4.0,7-7-0,0,2,0,-8,0,0,0,0,0,45.5,52.0,1,0.4,0.8,19.2,21.2,0.403,0.415,0.125,0.068,4,14
2023,16,2023_16_NYG_PHI,NYG,PHI,0,600.0,14.0,5-9-0,0,4,0,-8,0,1,0,0,0,41.0,58.0,1,0.6,0.4,24.2,29.2,0.215,0.452,0.051,0.145,26,28
2023,16,2023_16_SEA_TEN,TEN,SEA,1,140.0,3.0,5-9-0,0,3,0,-3,0,push,1,push,1,42.0,37.0,0,0.4,0.2,24.2,26.8,0.317,0.385,0.097,0.093,7,27
2023,16,2023_16_WAS_NYJ,WAS,NYJ,0,140.0,3.0,4-10-0,0,2,0,-2,0,1,1,1,1,36.5,58.0,1,0.0,0.2,35.6,23.0,0.394,0.265,0.153,0.22,32,3
2023,17,2023_17_ARI_PHI,ARI,PHI,0,525.0,12.0,3-12-0,0,2,0,4,1,1,1,1,1,48.0,66.0,1,0.2,0.4,28.0,30.8,0.434,0.5,0.057,0.145,31,28
2023,17,2023_17_ATL_CHI,ATL,CHI,0,130.0,3.0,7-8-0,0,3,0,-20,0,0,0,0,0,39.0,54.0,1,0.6,0.6,14.2,18.0,0.393,0.397,0.088,0.1,2,22
2023,17,2023_17_CAR_JAX,CAR,JAX,0,160.0,3.5,2-13-0,0,3,0,-26,0,0,0,0,0,38.0,26.0,0,0.2,0.2,21.2,27.8,0.354,0.388,0.073,0.183,24,25
2023,17,2023_17_CIN_KC,CIN,KC,0,275.0,7.5,8-7-0,1,2,0,-8,0,0,1,0,0,46.0,42.0,0,0.6,0.4,23.8,20.2,0.41,0.444,0.125,0.135,23,3
2023,17,2023_17_DET_DAL,DET,DAL,0,195.0,5.5,11-4-0,1,0,0,-1,0,1,1,1,1,53.0,39.0,0,0.6,0.6,25.2,22.2,0.462,0.492,0.127,0.064,21,7
2023,17,2023_17_GB_MIN,GB,MIN,0,-108.0,1.0,7-8-0,0,3,0,23,1,1,1,1,1,42.5,43.0,1,0.6,0.2,25.8,18.0,0.475,0.369,0.06,0.25,18,13
2023,17,2023_17_LAC_DEN,LAC,DEN,0,164.0,3.5,5-10-0,0,0,0,-7,0,0,0,0,push,39.5,25.0,0,0.2,0.4,26.2,21.8,0.324,0.338,0.161,0.109,30,29
2023,17,2023_17_LA_NYG,NYG,LA,1,240.0,6.0,5-10-0,0,1,0,-1,0,1,0,1,1,43.5,51.0,1,0.6,0.8,21.0,22.4,0.269,0.426,0.054,0.052,26,16
2023,17,2023_17_LV_IND,LV,IND,0,150.0,3.5,7-8-0,0,3,0,-3,0,1,0,push,1,42.5,43.0,1,0.4,0.6,17.8,24.8,0.371,0.292,0.098,0.071,17,20
2023,17,2023_17_MIA_BAL,MIA,BAL,0,150.0,3.0,11-4-0,1,2,0,-37,0,0,1,0,0,47.0,75.0,1,0.8,1.0,15.2,17.4,0.486,0.383,0.074,0.034,15,1
2023,17,2023_17_NE_BUF,NE,BUF,0,750.0,15.0,4-11-0,0,1,0,-6,0,1,1,0,1,40.0,48.0,1,0.4,0.8,16.8,18.4,0.258,0.493,0.109,0.089,12,8
2023,17,2023_17_NO_TB,NO,TB,0,124.0,2.5,7-8-0,0,2,0,10,1,1,1,1,1,42.5,36.0,0,0.4,0.8,19.8,20.4,0.441,0.459,0.113,0.073,5,14
2023,17,2023_17_NYJ_CLE,NYJ,CLE,0,270.0,6.5,6-9-0,0,3,0,-17,0,0,0,0,0,33.5,57.0,1,0.4,0.6,22.2,26.2,0.301,0.291,0.188,0.167,4,11
2023,17,2023_17_PIT_SEA,PIT,SEA,0,185.0,4.5,8-7-0,1,2,0,7,1,1,1,1,1,40.5,53.0,1,0.4,0.4,19.2,26.8,0.382,0.429,0.103,0.08,10,27
2023,17,2023_17_SF_WAS,WAS,SF,1,675.0,14.0,4-11-0,0,0,0,-17,0,0,0,0,0,49.0,37.0,0,0.0,0.8,35.8,22.0,0.353,0.537,0.159,0.145,32,6
2023,17,2023_17_TEN_HOU,TEN,HOU,0,190.0,5.0,5-10-0,0,3,0,-23,0,0,0,0,0,44.0,29.0,0,0.4,0.4,21.4,24.6,0.353,0.282,0.082,0.048,9,19
2023,18,2023_18_ATL_NO,ATL,NO,0,145.0,3.5,7-9-0,0,1,0,-31,0,0,1,0,0,41.5,65.0,1,0.4,0.6,18.6,17.6,0.364,0.444,0.117,0.073,3,5
2023,18,2023_18_BUF_MIA,MIA,BUF,1,130.0,2.5,11-5-0,1,1,0,-7,0,0,1,0,push,47.5,35.0,0,0.6,0.8,23.8,21.4,0.42,0.507,0.074,0.088,21,8
2023,18,2023_18_CHI_GB,CHI,GB,0,124.0,2.5,7-9-0,0,2,0,-8,0,0,1,0,0,45.5,26.0,0,0.8,0.6,15.2,23.4,0.395,0.516,0.081,0.062,20,18
2023,18,2023_18_CLE_CIN,CLE,CIN,0,285.0,7.5,11-5-0,1,3,1,-17,0,0,0,0,0,37.0,45.0,1,0.8,0.6,24.4,25.6,0.342,0.463,0.164,0.107,10,23
2023,18,2023_18_DAL_WAS,WAS,DAL,1,575.0,13.0,4-12-0,0,0,0,-28,0,0,1,0,0,47.5,48.0,1,0.0,0.6,35.0,24.0,0.344,0.478,0.121,0.102,32,7
2023,18,2023_18_DEN_LV,DEN,LV,0,145.0,3.5,8-8-0,0,0,0,-13,0,0,0,0,0,37.5,41.0,1,0.4,0.4,21.2,18.4,0.338,0.38,0.095,0.053,26,16
2023,18,2023_18_HOU_IND,IND,HOU,1,105.0,1.5,9-7-0,1,1,0,-4,0,0,1,0,1,47.5,42.0,0,0.6,0.6,24.8,20.4,0.343,0.246,0.055,0.049,25,14
2023,18,2023_18_JAX_TEN,TEN,JAX,1,154.0,3.5,5-11-0,0,2,0,8,1,1,1,1,1,41.5,48.0,1,0.2,0.2,24.6,23.6,0.333,0.371,0.1,0.167,6,19
2023,18,2023_18_KC_LAC,KC,LAC,0,154.0,3.5,10-6-0,1,4,1,1,1,1,1,1,1,35.0,25.0,0,0.4,0.2,20.2,25.4,0.406,0.266,0.154,0.115,2,27
2023,18,2023_18_LA_SF,LA,SF,0,200.0,5.5,9-7-0,1,1,0,1,1,1,1,1,1,40.0,41.0,1,0.8,0.8,24.6,21.4,0.391,0.538,0.081,0.135,17,4
2023,18,2023_18_MIN_DET,MIN,DET,0,170.0,3.5,7-9-0,0,2,0,-10,0,0,0,0,0,47.5,50.0,1,0.2,0.6,20.4,23.4,0.35,0.429,0.226,0.109,15,24
2023,18,2023_18_NYJ_NE,NYJ,NE,0,120.0,2.5,6-10-0,0,2,0,14,1,1,1,1,1,28.5,20.0,0,0.4,0.4,22.8,20.2,0.307,0.274,0.164,0.123,9,12
2023,18,2023_18_PHI_NYG,NYG,PHI,1,190.0,4.5,5-11-0,0,4,0,17,1,1,1,1,1,43.0,37.0,0,0.4,0.2,22.4,31.0,0.261,0.516,0.07,0.143,29,30
2023,18,2023_18_PIT_BAL,BAL,PIT,1,130.0,3.0,13-3-0,1,5,1,-7,0,0,0,0,push,34.0,27.0,0,1.0,0.4,17.2,21.8,0.382,0.375,0.05,0.086,1,11
2023,18,2023_18_SEA_ARI,ARI,SEA,1,130.0,2.5,4-12-0,0,2,0,-1,0,1,1,1,1,48.0,41.0,0,0.4,0.4,30.0,26.6,0.461,0.443,0.059,0.083,31,28
2023,18,2023_18_TB_CAR,CAR,TB,1,200.0,5.0,2-14-0,0,1,0,-9,0,0,0,0,0,36.5,9.0,0,0.2,0.8,23.0,19.6,0.303,0.449,0.073,0.105,22,13
2024,1,2024_01_ARI_BUF,ARI,BUF,0,250.0,6.5,0-0-0,0,1,0,-6,0,1,1,0,1,46.0,62.0,1,0.4,1.0,26.8,16.8,0.472,0.5,0.061,0.132,30,10
2024,1,2024_01_BAL_KC,BAL,KC,0,124.0,3.0,0-0-0,0,4,0,-7,0,0,1,0,push,46.0,47.0,1,0.8,0.6,18.6,17.2,0.382,0.362,0.082,0.145,1,2
2024,1,2024_01_CAR_NO,CAR,NO,0,160.0,3.5,0-0-0,0,0,0,-37,0,0,0,0,0,41.5,57.0,1,0.2,0.8,20.6,14.4,0.301,0.41,0.098,0.036,19,6
2024,1,2024_01_DAL_CLE,DAL,CLE,0,110.0,2.5,0-0-0,0,4,0,16,1,1,1,1,1,42.0,50.0,1,0.6,0.8,19.0,23.4,0.477,0.296,0.128,0.176,4,13
2024,1,2024_01_DEN_SEA,DEN,SEA,0,225.0,6.5,0-0-0,0,2,0,-6,0,1,1,0,1,42.0,46.0,1,0.4,0.6,22.2,22.4,0.389,0.407,0.067,0.064,28,29
2024,1,2024_01_GB_PHI,GB,PHI,0,110.0,2.0,0-0-0,0,5,0,-5,0,0,1,0,1,49.5,63.0,1,0.6,0.2,21.4,28.0,0.547,0.484,0.085,0.208,14,31
2024,1,2024_01_HOU_IND,IND,HOU,1,130.0,3.0,0-0-0,0,2,0,-2,0,1,1,1,1,49.0,56.0,1,0.4,0.6,23.8,20.8,0.328,0.273,0.036,0.051,25,15
2024,1,2024_01_JAX_MIA,JAX,MIA,0,150.0,3.5,0-0-0,0,3,0,-3,0,1,1,push,1,49.5,37.0,0,0.2,0.4,22.4,25.0,0.406,0.394,0.207,0.113,22,23
2024,1,2024_01_LA_DET,LA,DET,0,185.0,5.0,0-0-0,0,4,0,-6,0,0,1,0,1,54.0,46.0,0,0.8,0.6,24.8,21.8,0.448,0.373,0.103,0.111,17,24
2024,1,2024_01_LV_LAC,LV,LAC,0,130.0,3.0,0-0-0,0,5,0,-12,0,0,1,0,0,41.0,32.0,0,0.6,0.0,15.0,28.0,0.386,0.279,0.053,0.131,16,26
2024,1,2024_01_MIN_NYG,NYG,MIN,1,-105.0,1.0,0-0-0,0,3,0,-22,0,0,1,0,0,42.5,34.0,0,0.4,0.2,23.0,24.0,0.286,0.328,0.07,0.189,27,18
2024,1,2024_01_NE_CIN,NE,CIN,0,295.0,8.0,0-0-0,0,1,0,6,1,1,1,1,1,40.5,26.0,0,0.4,0.6,22.4,22.2,0.226,0.4,0.145,0.107,9,20
2024,1,2024_01_NYJ_SF,NYJ,SF,0,150.0,3.5,0-0-0,0,3,0,-13,0,0,1,0,0,43.0,51.0,1,0.6,0.6,20.8,21.8,0.32,0.49,0.118,0.157,3,5
2024,1,2024_01_PIT_ATL,PIT,ATL,0,160.0,4.0,0-0-0,0,5,0,8,1,1,1,1,1,43.0,28.0,0,0.6,0.2,19.0,26.6,0.382,0.381,0.102,0.169,7,11
2024,1,2024_01_TEN_CHI,TEN,CHI,0,164.0,4.0,0-0-0,0,2,0,-7,0,0,1,0,push,43.0,41.0,0,0.4,0.6,22.4,16.6,0.365,0.365,0.093,0.052,8,21
2024,1,2024_01_WAS_TB,WAS,TB,0,164.0,4.0,0-0-0,0,0,0,-17,0,0,0,0,0,42.0,57.0,1,0.0,0.8,33.6,16.0,0.288,0.443,0.158,0.093,32,12
2024,2,2024_02_ATL_PHI,ATL,PHI,0,215.0,5.5,0-1-0,0,2,0,1,1,1,1,1,1,46.5,43.0,0,0.2,0.4,24.4,27.2,0.356,0.448,0.214,0.204,4,26
2024,2,2024_02_BUF_MIA,BUF,MIA,0,114.0,2.5,1-0-0,1,3,1,21,1,1,1,1,1,48.5,41.0,0,1.0,0.6,19.0,22.8,0.5,0.435,0.135,0.098,14,10
2024,2,2024_02_CHI_HOU,CHI,HOU,0,210.0,6.0,1-0-0,1,3,1,-6,0,push,0,0,1,45.5,32.0,0,0.6,0.8,17.4,20.2,0.315,0.353,0.052,0.054,11,22
2024,2,2024_02_CIN_KC,CIN,KC,0,235.0,6.5,0-1-0,0,3,0,-1,0,1,1,1,1,47.5,51.0,1,0.4,0.8,22.6,17.2,0.415,0.348,0.113,0.127,7,18
2024,2,2024_02_CLE_JAX,CLE,JAX,0,142.0,3.0,0-1-0,0,3,0,5,1,1,1,1,1,41.5,31.0,0,0.6,0.2,24.6,20.2,0.279,0.371,0.169,0.173,17,20
2024,2,2024_02_IND_GB,GB,IND,1,120.0,3.0,0-1-0,0,3,0,6,1,1,1,1,1,41.5,26.0,0,0.6,0.4,23.4,22.8,0.541,0.365,0.064,0.037,28,30
2024,2,2024_02_LAC_CAR,CAR,LAC,1,185.0,5.0,0-1-0,0,1,0,-23,0,0,0,0,0,39.0,29.0,0,0.2,0.2,24.4,25.2,0.238,0.324,0.115,0.098,32,8
2024,2,2024_02_LA_ARI,ARI,LA,1,-108.0,1.0,0-1-0,0,1,0,31,1,1,1,1,1,47.5,51.0,1,0.2,0.8,31.6,22.6,0.456,0.46,0.082,0.127,29,24
2024,2,2024_02_LV_BAL,LV,BAL,0,350.0,9.0,0-1-0,0,2,0,3,1,1,1,1,1,41.0,49.0,1,0.6,0.6,18.8,17.8,0.414,0.421,0.053,0.088,12,16
2024,2,2024_02_NO_DAL,NO,DAL,0,235.0,6.5,1-0-0,1,5,1,25,1,1,1,1,1,47.0,63.0,1,0.8,0.6,15.2,19.8,0.453,0.413,0.019,0.094,3,13
2024,2,2024_02_NYG_WAS,NYG,WAS,0,105.0,1.5,0-1-0,0,5,0,-3,0,0,1,push,1,42.5,39.0,0,0.2,0.0,24.2,32.0,0.308,0.245,0.089,0.145,27,31
2024,2,2024_02_NYJ_TEN,TEN,NYJ,1,150.0,3.5,0-1-0,0,3,0,-7,0,0,1,0,push,41.5,41.0,0,0.2,0.4,21.8,26.0,0.328,0.343,0.111,0.138,2,19
2024,2,2024_02_PIT_DEN,DEN,PIT,1,130.0,3.0,0-1-0,0,0,0,-7,0,0,0,0,push,36.5,19.0,0,0.2,0.8,26.0,16.8,0.342,0.437,0.097,0.091,21,5
2024,2,2024_02_SEA_NE,NE,SEA,1,142.0,3.5,1-0-0,1,1,0,-3,0,1,1,push,1,39.0,43.0,1,0.4,0.8,20.8,20.8,0.25,0.433,0.136,0.04,6,9
2024,2,2024_02_SF_MIN,MIN,SF,1,180.0,4.5,1-0-0,1,1,0,6,1,1,1,1,1,46.5,40.0,0,0.2,0.6,25.2,22.4,0.296,0.472,0.226,0.122,1,15
2024,2,2024_02_TB_DET,TB,DET,0,295.0,7.5,1-0-0,1,3,1,4,1,1,1,1,1,51.5,36.0,0,0.8,0.8,15.0,20.2,0.507,0.386,0.098,0.074,23,25
2024,3,2024_03_BAL_DAL,DAL,BAL,1,100.0,1.5,1-1-0,0,2,0,-3,0,0,0,push,1,47.5,53.0,1,0.6,0.4,22.4,21.6,0.429,0.393,0.109,0.085,30,28
2024,3,2024_03_CAR_LV,CAR,LV,0,200.0,5.5,0-2-0,0,0,0,14,1,1,1,1,1,40.0,58.0,1,0.0,0.6,28.2,19.2,0.183,0.364,0.132,0.074,32,19
2024,3,2024_03_CHI_IND,CHI,IND,0,105.0,1.5,1-1-0,0,5,0,-5,0,0,0,0,1,43.0,37.0,0,0.6,0.2,17.2,23.4,0.347,0.333,0.055,0.094,11,25
2024,3,2024_03_DEN_TB,DEN,TB,0,200.0,6.0,0-2-0,0,1,0,19,1,1,1,1,1,40.5,33.0,0,0.2,0.8,20.2,14.2,0.306,0.439,0.113,0.094,8,26
2024,3,2024_03_DET_ARI,ARI,DET,1,124.0,3.0,1-1-0,0,2,0,-7,0,0,0,0,push,51.5,33.0,0,0.4,0.6,24.6,20.8,0.492,0.375,0.062,0.109,22,18
2024,3,2024_03_GB_TEN,GB,TEN,0,136.0,3.0,1-1-0,0,4,0,16,1,1,1,1,1,37.0,44.0,1,0.8,0.2,18.6,22.8,0.561,0.344,0.061,0.135,24,4
2024,3,2024_03_HOU_MIN,MIN,HOU,1,114.0,2.0,2-0-0,1,1,0,27,1,1,1,1,1,46.0,41.0,0,0.4,0.8,23.2,19.6,0.333,0.358,0.222,0.054,6,15
2024,3,2024_03_JAX_BUF,JAX,BUF,0,180.0,4.0,0-2-0,0,0,0,-37,0,0,0,0,0,46.5,57.0,1,0.2,1.0,19.2,19.0,0.397,0.466,0.135,0.13,20,12
2024,3,2024_03_KC_ATL,ATL,KC,1,142.0,3.0,1-1-0,0,1,0,-5,0,0,1,0,1,46.0,39.0,0,0.4,0.8,26.8,18.8,0.309,0.311,0.182,0.157,5,23
2024,3,2024_03_LAC_PIT,LAC,PIT,0,124.0,3.0,2-0-0,1,0,0,-10,0,0,1,0,0,36.0,30.0,0,0.4,1.0,13.2,12.0,0.347,0.431,0.069,0.037,2,1
2024,3,2024_03_MIA_SEA,MIA,SEA,0,170.0,4.0,1-1-0,0,1,0,-21,0,0,0,0,0,41.5,27.0,0,0.4,0.8,29.0,21.4,0.449,0.443,0.157,0.038,17,9
2024,3,2024_03_NE_NYJ,NE,NYJ,0,230.0,6.5,1-1-0,0,2,0,-21,0,0,0,0,0,39.0,27.0,0,0.4,0.6,20.0,23.4,0.294,0.348,0.125,0.077,13,14
2024,3,2024_03_NYG_CLE,NYG,CLE,0,220.0,6.5,0-2-0,0,3,0,6,1,1,1,1,1,38.0,36.0,0,0.2,0.6,23.6,23.8,0.371,0.258,0.111,0.143,16,10
2024,3,2024_03_PHI_NO,PHI,NO,0,120.0,2.5,1-1-0,0,0,0,3,1,1,1,1,1,49.0,27.0,0,0.4,0.8,27.6,17.8,0.422,0.467,0.189,0.036,27,3
2024,3,2024_03_SF_LA,LA,SF,1,210.0,6.0,0-2-0,0,2,0,3,1,1,1,1,1,44.5,51.0,1,0.6,0.4,26.8,21.2,0.379,0.411,0.113,0.167,31,21
2024,3,2024_03_WAS_CIN,WAS,CIN,0,280.0,7.5,1-1-0,0,0,0,5,1,1,1,1,1,46.0,71.0,1,0.2,0.2,30.0,23.0,0.321,0.385,0.137,0.118,29,7
2024,4,2024_04_BUF_BAL,BUF,BAL,0,114.0,2.5,3-0-0,1,4,1,-25,0,0,0,0,0,46.5,45.0,0,1.0,0.4,16.6,22.8,0.475,0.407,0.093,0.085,8,26
2024,4,2024_04_CIN_CAR,CAR,CIN,1,170.0,4.5,1-2-0,0,0,0,-10,0,0,0,0,0,47.0,58.0,1,0.2,0.2,26.0,23.8,0.169,0.403,0.127,0.064,30,23
2024,4,2024_04_CLE_LV,LV,CLE,1,114.0,2.5,1-2-0,0,2,0,4,1,1,1,1,1,36.5,36.0,0,0.4,0.4,23.6,23.6,0.369,0.234,0.089,0.143,27,15
2024,4,2024_04_DAL_NYG,NYG,DAL,1,205.0,5.5,1-2-0,0,3,0,-5,0,1,1,0,1,45.0,35.0,0,0.4,0.6,20.0,23.6,0.371,0.469,0.103,0.105,14,31
2024,4,2024_04_DEN_NYJ,DEN,NYJ,0,330.0,7.5,1-2-0,0,1,0,1,1,1,1,1,1,39.5,19.0,0,0.4,0.6,16.4,18.4,0.306,0.441,0.123,0.053,5,4
2024,4,2024_04_JAX_HOU,JAX,HOU,0,195.0,5.5,0-3-0,0,1,0,-4,0,1,1,0,1,44.5,44.0,0,0.2,0.8,22.6,19.2,0.355,0.348,0.096,0.056,28,20
2024,4,2024_04_KC_LAC,LAC,KC,1,275.0,7.5,2-1-0,1,4,1,-7,0,1,1,0,push,41.5,27.0,0,0.4,1.0,12.4,18.2,0.347,0.339,0.071,0.14,2,16
2024,4,2024_04_LA_CHI,LA,CHI,0,136.0,3.0,1-2-0,0,2,0,-6,0,0,1,0,1,40.0,42.0,1,0.6,0.4,27.2,18.2,0.397,0.333,0.115,0.089,29,13
2024,4,2024_04_MIN_GB,MIN,GB,0,114.0,2.5,3-0-0,1,1,0,2,1,1,1,1,1,44.0,60.0,1,0.6,0.8,18.6,15.4,0.362,0.515,0.145,0.06,6,18
2024,4,2024_04_NE_SF,NE,SF,0,410.0,10.5,1-2-0,0,0,0,-17,0,0,0,0,0,41.5,43.0,1,0.2,0.4,20.2,20.0,0.288,0.434,0.136,0.087,19,17
2024,4,2024_04_NO_ATL,NO,ATL,0,120.0,2.5,2-1-0,1,5,1,-2,0,1,1,1,1,41.5,50.0,1,0.8,0.2,14.8,29.2,0.468,0.275,0.036,0.2,9,10
2024,4,2024_04_PHI_TB,TB,PHI,1,-105.0,1.0,2-1-0,1,3,1,17,1,1,1,1,1,42.0,49.0,1,0.6,0.4,17.0,25.0,0.379,0.397,0.132,0.216,22,12
2024,4,2024_04_PIT_IND,IND,PIT,1,110.0,2.5,1-2-0,0,0,0,3,1,1,1,1,1,40.0,51.0,1,0.4,1.0,20.8,11.8,0.309,0.431,0.111,0.057,25,1
2024,4,2024_04_SEA_DET,SEA,DET,0,154.0,3.5,3-0-0,1,4,1,-13,0,0,0,0,0,46.5,71.0,1,0.8,0.6,18.6,18.6,0.39,0.375,0.07,0.109,3,11
2024,4,2024_04_TEN_MIA,TEN,MIA,0,114.0,2.5,0-3-0,0,2,0,19,1,1,1,1,1,37.0,43.0,1,0.2,0.2,24.8,29.8,0.31,0.382,0.182,0.148,7,24
2024,4,2024_04_WAS_ARI,WAS,ARI,0,150.0,3.5,2-1-0,1,0,0,28,1,1,1,1,1,49.0,56.0,1,0.4,0.4,30.6,23.2,0.38,0.446,0.114,0.085,32,21
2024,5,2024_05_ARI_SF,ARI,SF,0,260.0,7.0,1-3-0,0,1,0,1,1,1,1,1,1,48.5,47.0,0,0.2,0.4,25.4,20.6,0.421,0.456,0.083,0.102,29,9
2024,5,2024_05_BAL_CIN,CIN,BAL,1,124.0,2.5,1-3-0,0,1,0,-3,0,0,1,push,1,48.5,79.0,1,0.4,0.4,23.6,21.0,0.407,0.411,0.085,0.088,25,17
2024,5,2024_05_BUF_HOU,BUF,HOU,0,-102.0,1.0,3-1-0,1,3,1,-3,0,0,1,push,1,48.0,43.0,0,0.8,0.8,19.4,22.6,0.421,0.397,0.096,0.055,16,18
2024,5,2024_05_CAR_CHI,CAR,CHI,0,164.0,4.0,1-3-0,0,0,0,-26,0,0,1,0,0,40.0,46.0,1,0.2,0.4,27.6,18.4,0.267,0.324,0.125,0.094,32,8
2024,5,2024_05_CLE_WAS,CLE,WAS,0,130.0,3.0,1-3-0,0,2,0,-21,0,0,0,0,0,44.0,47.0,1,0.2,0.6,23.6,28.0,0.203,0.472,0.117,0.091,11,28
2024,5,2024_05_DAL_PIT,DAL,PIT,0,114.0,2.5,2-2-0,0,2,0,3,1,1,1,1,1,43.5,37.0,0,0.6,0.8,22.8,12.6,0.433,0.431,0.074,0.093,27,1
2024,5,2024_05_GB_LA,LA,GB,1,130.0,3.0,1-3-0,0,1,0,-5,0,0,1,0,1,49.5,43.0,0,0.4,0.6,27.0,19.6,0.426,0.453,0.104,0.127,30,24
2024,5,2024_05_IND_JAX,IND,JAX,0,154.0,3.5,2-2-0,0,4,0,-3,0,1,1,push,1,45.0,71.0,1,0.4,0.0,21.6,27.4,0.333,0.328,0.109,0.094,26,31
2024,5,2024_05_LV_DEN,LV,DEN,0,130.0,3.0,2-2-0,0,3,0,-16,0,0,1,0,0,36.0,52.0,1,0.6,0.4,22.2,16.4,0.371,0.261,0.103,0.136,22,3
2024,5,2024_05_MIA_NE,NE,MIA,1,110.0,2.0,1-3-0,0,2,0,-5,0,0,1,0,1,37.0,25.0,0,0.2,0.2,20.8,24.8,0.278,0.338,0.121,0.109,19,20
2024,5,2024_05_NO_KC,NO,KC,0,190.0,5.5,2-2-0,0,3,0,-13,0,0,0,0,0,43.0,39.0,0,0.6,1.0,17.4,16.8,0.491,0.413,0.057,0.157,6,7
2024,5,2024_05_NYG_SEA,NYG,SEA,0,250.0,7.0,1-3-0,0,2,0,9,1,1,1,1,1,42.5,49.0,1,0.4,0.8,18.8,21.0,0.371,0.417,0.113,0.085,10,14
2024,5,2024_05_NYJ_MIN,NYJ,MIN,0,120.0,2.5,2-2-0,0,4,0,-6,0,0,0,0,1,42.0,40.0,0,0.6,0.8,13.0,17.8,0.406,0.373,0.054,0.136,2,13
2024,5,2024_05_TB_ATL,TB,ATL,0,120.0,2.5,3-1-0,1,4,1,-6,0,0,1,0,1,44.0,66.0,1,0.8,0.4,15.6,26.6,0.413,0.286,0.058,0.154,15,12
2024,6,2024_06_ARI_GB,ARI,GB,0,195.0,5.5,2-3-0,0,2,0,-21,0,0,0,0,0,47.0,47.0,push,0.4,0.6,25.8,21.6,0.407,0.371,0.102,0.119,27,22
2024,6,2024_06_ATL_CAR,CAR,ATL,1,210.0,6.0,1-4-0,0,0,0,-18,0,0,1,0,0,45.5,58.0,1,0.2,0.6,33.0,23.0,0.283,0.308,0.136,0.12,32,15
2024,6,2024_06_BUF_NYJ,NYJ,BUF,1,102.0,1.0,2-3-0,0,3,0,-3,0,0,1,push,1,42.0,43.0,1,0.4,0.6,17.0,21.2,0.423,0.321,0.109,0.037,1,17
2024,6,2024_06_CIN_NYG,NYG,CIN,1,190.0,4.5,2-3-0,0,3,0,-10,0,0,0,0,0,46.0,24.0,0,0.4,0.2,20.8,29.0,0.375,0.475,0.113,0.083,10,30
2024,6,2024_06_CLE_PHI,CLE,PHI,0,330.0,8.0,1-4-0,0,3,0,-4,0,1,0,0,1,42.0,36.0,0,0.2,0.4,24.2,24.6,0.182,0.403,0.1,0.208,18,19
2024,6,2024_06_DET_DAL,DAL,DET,1,150.0,3.5,3-2-0,1,1,0,-38,0,0,1,0,0,52.5,56.0,1,0.6,0.8,24.2,20.4,0.446,0.404,0.111,0.073,25,20
2024,6,2024_06_HOU_NE,NE,HOU,1,215.0,6.5,1-4-0,0,2,0,-20,0,0,0,0,0,38.5,62.0,1,0.2,0.8,20.4,22.8,0.324,0.423,0.074,0.088,14,13
2024,6,2024_06_IND_TEN,IND,TEN,0,114.0,2.5,2-3-0,0,2,0,3,1,1,1,1,1,42.0,37.0,0,0.4,0.4,24.4,22.0,0.417,0.328,0.127,0.172,29,5
2024,6,2024_06_JAX_CHI,CHI,JAX,1,100.0,1.5,3-2-0,1,5,1,19,1,1,1,1,1,44.5,51.0,1,0.6,0.2,17.0,28.6,0.338,0.259,0.085,0.091,6,31
2024,6,2024_06_LAC_DEN,DEN,LAC,1,130.0,3.0,3-2-0,1,1,0,-7,0,0,0,0,push,37.0,39.0,1,0.6,0.4,14.6,12.6,0.246,0.365,0.113,0.054,4,3
2024,6,2024_06_PIT_LV,LV,PIT,1,150.0,3.5,2-3-0,0,0,0,-19,0,0,1,0,0,36.5,45.0,1,0.4,0.6,26.2,14.6,0.359,0.406,0.15,0.074,21,2
2024,6,2024_06_SF_SEA,SEA,SF,1,164.0,3.5,3-2-0,1,2,0,-12,0,0,0,0,0,49.0,60.0,1,0.6,0.4,22.8,21.2,0.373,0.466,0.097,0.137,16,9
2024,6,2024_06_TB_NO,NO,TB,1,145.0,3.5,2-3-0,0,3,0,-24,0,0,1,0,0,42.5,78.0,1,0.4,0.6,19.2,22.8,0.509,0.448,0.078,0.077,8,24
2024,6,2024_06_WAS_BAL,WAS,BAL,0,230.0,6.5,4-1-0,1,5,1,-7,0,0,1,0,push,51.5,53.0,1,0.8,0.6,23.0,25.2,0.517,0.5,0.065,0.069,23,26
2024,7,2024_07_BAL_TB,TB,BAL,1,185.0,4.5,4-2-0,1,2,0,-10,0,0,1,0,0,51.0,72.0,1,0.6,0.8,24.2,24.4,0.418,0.519,0.121,0.07,23,24
2024,7,2024_07_CAR_WAS,CAR,WAS,0,400.0,10.0,1-5-0,0,0,0,-33,0,0,0,0,0,51.0,47.0,0,0.2,0.8,31.2,21.6,0.344,0.516,0.125,0.065,32,26
2024,7,2024_07_CIN_CLE,CLE,CIN,1,190.0,5.5,1-5-0,0,3,0,-7,0,0,0,0,push,42.0,35.0,0,0.2,0.4,21.6,27.2,0.206,0.475,0.073,0.078,15,27
2024,7,2024_07_DEN_NO,NO,DEN,1,124.0,2.5,2-4-0,0,1,0,-23,0,0,0,0,0,37.0,43.0,1,0.2,0.6,27.4,14.0,0.456,0.242,0.127,0.105,19,2
2024,7,2024_07_DET_MIN,DET,MIN,0,-102.0,1.0,4-1-0,1,3,1,2,1,1,1,1,1,50.5,60.0,1,0.8,1.0,18.2,15.2,0.448,0.407,0.071,0.129,9,11
2024,7,2024_07_HOU_GB,HOU,GB,0,142.0,3.0,5-1-0,1,2,0,-2,0,1,1,1,1,48.0,46.0,0,0.8,0.8,21.6,17.4,0.397,0.429,0.098,0.119,16,18
2024,7,2024_07_KC_SF,KC,SF,0,120.0,2.5,5-0-0,1,3,1,10,1,1,1,1,1,47.5,46.0,0,1.0,0.4,17.0,22.2,0.426,0.456,0.16,0.132,7,13
2024,7,2024_07_LAC_ARI,ARI,LAC,1,102.0,1.0,2-4-0,0,0,0,2,1,1,1,1,1,44.0,32.0,0,0.4,0.6,25.8,13.2,0.373,0.425,0.143,0.036,28,4
2024,7,2024_07_LV_LA,LV,LA,0,280.0,7.0,2-4-0,0,2,0,-5,0,1,1,0,1,43.0,35.0,0,0.4,0.2,28.2,27.8,0.328,0.403,0.155,0.122,22,29
2024,7,2024_07_MIA_IND,MIA,IND,0,130.0,3.0,2-3-0,0,2,0,-6,0,0,1,0,1,44.0,26.0,0,0.4,0.6,22.6,22.0,0.303,0.415,0.088,0.125,12,25
2024,7,2024_07_NE_JAX,NE,JAX,0,240.0,6.5,1-5-0,0,2,0,-16,0,0,1,0,0,42.0,48.0,1,0.0,0.2,26.6,31.6,0.29,0.322,0.138,0.111,21,31
2024,7,2024_07_NYJ_PIT,PIT,NYJ,1,140.0,3.0,4-2-0,1,3,1,22,1,1,1,1,1,40.0,52.0,1,0.6,0.4,15.2,15.2,0.369,0.384,0.073,0.093,1,5
2024,7,2024_07_PHI_NYG,NYG,PHI,1,140.0,3.0,2-4-0,0,3,0,-25,0,0,0,0,0,42.0,31.0,0,0.4,0.6,18.6,22.4,0.362,0.397,0.094,0.14,8,10
2024,7,2024_07_SEA_ATL,SEA,ATL,0,136.0,3.0,3-3-0,0,1,0,20,1,1,1,1,1,51.5,48.0,0,0.4,0.8,26.0,23.4,0.397,0.364,0.119,0.078,20,14
2024,7,2024_07_TEN_BUF,TEN,BUF,0,400.0,9.5,1-4-0,0,1,0,-24,0,0,1,0,0,41.0,44.0,1,0.2,0.6,22.0,19.6,0.293,0.345,0.169,0.019,3,17
2024,8,2024_08_ARI_MIA,ARI,MIA,0,164.0,4.0,3-4-0,0,2,0,1,1,1,1,1,1,46.5,55.0,1,0.4,0.2,26.8,22.4,0.298,0.277,0.163,0.121,26,9
2024,8,2024_08_ATL_TB,TB,ATL,1,102.0,1.5,4-3-0,1,1,0,-5,0,0,1,0,1,47.0,57.0,1,0.4,0.6,29.2,26.0,0.516,0.426,0.136,0.132,29,15
2024,8,2024_08_BAL_CLE,CLE,BAL,1,300.0,7.5,1-6-0,0,2,0,5,1,1,1,1,1,44.5,53.0,1,0.0,1.0,23.2,25.4,0.279,0.549,0.1,0.071,12,28
2024,8,2024_08_BUF_SEA,SEA,BUF,1,142.0,3.0,4-3-0,1,1,0,-21,0,0,0,0,0,45.5,41.0,0,0.4,0.6,24.8,19.6,0.373,0.339,0.123,0.019,20,10
2024,8,2024_08_CAR_DEN,CAR,DEN,0,525.0,13.0,1-6-0,0,1,0,-14,0,0,1,0,0,40.5,42.0,1,0.2,0.8,34.0,13.4,0.39,0.279,0.145,0.086,32,1
2024,8,2024_08_CHI_WAS,CHI,WAS,0,102.0,1.5,4-2-0,1,2,0,-3,0,0,1,push,1,46.5,33.0,0,0.6,0.8,16.8,19.4,0.391,0.517,0.105,0.062,4,22
2024,8,2024_08_DAL_SF,DAL,SF,0,195.0,5.5,3-3-0,0,0,0,-6,0,0,1,0,1,48.0,54.0,1,0.4,0.4,30.2,23.2,0.438,0.448,0.22,0.148,30,17
2024,8,2024_08_GB_JAX,JAX,GB,1,160.0,3.5,2-5-0,0,1,0,-3,0,1,1,push,1,49.0,57.0,1,0.4,0.8,31.2,19.8,0.367,0.375,0.113,0.136,31,14
2024,8,2024_08_IND_HOU,IND,HOU,0,185.0,5.0,4-3-0,1,3,1,-3,0,1,1,push,1,45.0,43.0,0,0.8,0.6,20.8,23.8,0.42,0.403,0.085,0.083,23,16
2024,8,2024_08_KC_LV,LV,KC,1,340.0,9.0,2-5-0,0,0,0,-7,0,1,1,0,push,42.0,47.0,1,0.2,1.0,27.6,16.6,0.297,0.455,0.203,0.176,19,5
2024,8,2024_08_MIN_LA,LA,MIN,1,130.0,3.0,2-4-0,0,0,0,10,1,1,1,1,1,47.5,50.0,1,0.4,0.8,25.6,20.2,0.367,0.424,0.115,0.113,24,18
2024,8,2024_08_NO_LAC,NO,LAC,0,250.0,7.0,2-5-0,0,0,0,-18,0,0,1,0,0,41.5,34.0,0,0.0,0.4,30.2,14.6,0.394,0.458,0.14,0.059,21,3
2024,8,2024_08_NYG_PIT,NYG,PIT,0,220.0,6.0,2-5-0,0,1,0,-8,0,0,0,0,0,37.5,44.0,1,0.4,0.6,20.0,17.0,0.32,0.379,0.068,0.073,13,2
2024,8,2024_08_NYJ_NE,NE,NYJ,1,245.0,7.0,1-6-0,0,0,0,3,1,1,1,1,1,41.0,47.0,1,0.0,0.2,28.4,19.2,0.308,0.366,0.145,0.127,25,7
2024,8,2024_08_PHI_CIN,PHI,CIN,0,124.0,2.5,4-2-0,1,2,0,20,1,1,1,1,1,47.5,54.0,1,0.6,0.6,17.2,24.8,0.358,0.443,0.077,0.055,6,27
2024,8,2024_08_TEN_DET,TEN,DET,0,550.0,12.5,1-5-0,0,1,0,-38,0,0,0,0,0,45.0,66.0,1,0.2,0.8,24.0,20.0,0.333,0.436,0.155,0.071,8,11
2024,9,2024_09_CHI_ARI,CHI,ARI,0,100.0,1.5,4-3-0,1,3,1,-20,0,0,0,0,0,44.5,38.0,0,0.6,0.6,16.6,28.2,0.359,0.392,0.091,0.149,4,26
2024,9,2024_09_DAL_ATL,DAL,ATL,0,140.0,3.0,3-4-0,0,0,0,-6,0,0,1,0,1,52.0,48.0,0,0.4,0.8,27.4,26.8,0.413,0.469,0.212,0.113,30,19
2024,9,2024_09_DEN_BAL,DEN,BAL,0,330.0,9.0,5-3-0,1,2,0,-31,0,0,0,0,0,46.5,51.0,1,0.8,0.8,14.8,26.2,0.369,0.5,0.1,0.073,3,27
2024,9,2024_09_DET_GB,GB,DET,1,130.0,2.5,6-2-0,1,0,0,-10,0,0,1,0,0,47.5,38.0,0,0.8,1.0,22.4,18.8,0.358,0.426,0.148,0.034,15,11
2024,9,2024_09_HOU_NYJ,HOU,NYJ,0,124.0,2.5,6-2-0,1,4,1,-8,0,0,1,0,0,43.5,34.0,0,0.8,0.0,21.0,23.6,0.409,0.303,0.065,0.123,12,7
2024,9,2024_09_IND_MIN,IND,MIN,0,240.0,6.5,4-4-0,0,3,0,-8,0,0,1,0,0,47.0,34.0,0,0.6,0.6,22.2,22.8,0.4,0.37,0.083,0.083,20,22
2024,9,2024_09_JAX_PHI,JAX,PHI,0,270.0,7.5,2-6-0,0,1,0,-5,0,1,0,0,1,46.0,51.0,1,0.4,0.8,27.8,16.2,0.375,0.369,0.107,0.059,31,6
2024,9,2024_09_LAC_CLE,CLE,LAC,1,110.0,2.0,2-6-0,0,0,0,-17,0,0,0,0,0,42.5,37.0,0,0.2,0.4,23.8,15.6,0.333,0.397,0.086,0.019,14,1
2024,9,2024_09_LA_SEA,SEA,LA,1,105.0,1.5,4-4-0,0,1,0,-6,0,0,1,0,1,48.5,46.0,0,0.2,0.6,30.4,21.4,0.364,0.407,0.111,0.118,25,18
2024,9,2024_09_LV_CIN,LV,CIN,0,320.0,8.0,2-6-0,0,1,0,-17,0,0,1,0,0,45.0,65.0,1,0.2,0.6,25.8,24.6,0.333,0.484,0.214,0.088,21,28
2024,9,2024_09_MIA_BUF,MIA,BUF,0,230.0,6.5,2-5-0,0,0,0,-3,0,1,1,push,1,49.0,57.0,1,0.2,0.6,21.8,19.6,0.338,0.349,0.07,0.038,9,8
2024,9,2024_09_NE_TEN,NE,TEN,0,136.0,3.0,2-6-0,0,3,0,-3,0,push,1,push,1,38.5,37.0,0,0.2,0.2,28.0,29.6,0.362,0.305,0.125,0.18,24,13
2024,9,2024_09_NO_CAR,CAR,NO,1,275.0,7.0,1-7-0,0,1,0,1,1,1,1,1,1,43.5,45.0,1,0.0,0.0,35.2,32.4,0.377,0.319,0.185,0.117,32,23
2024,9,2024_09_TB_KC,TB,KC,0,330.0,9.0,4-4-0,0,1,0,-6,0,1,1,0,1,45.5,54.0,1,0.4,1.0,30.2,15.6,0.585,0.554,0.153,0.137,29,5
2024,9,2024_09_WAS_NYG,NYG,WAS,1,180.0,4.5,2-6-0,0,1,0,-5,0,0,0,0,1,44.5,49.0,1,0.2,0.8,22.2,15.8,0.329,0.47,0.089,0.058,10,17
2024,10,2024_10_ATL_NO,NO,ATL,1,160.0,3.5,2-7-0,0,1,0,3,1,1,1,1,1,46.5,37.0,0,0.0,0.8,31.8,26.2,0.282,0.455,0.098,0.111,23,20
2024,10,2024_10_BUF_IND,IND,BUF,1,190.0,4.5,4-5-0,0,0,0,-10,0,0,1,0,0,46.5,50.0,1,0.4,0.8,21.6,18.0,0.348,0.4,0.117,0.04,24,8
2024,10,2024_10_CIN_BAL,CIN,BAL,0,220.0,6.0,4-5-0,0,2,0,-1,0,1,1,1,1,53.0,69.0,1,0.6,0.8,24.6,26.2,0.485,0.471,0.083,0.056,28,26
2024,10,2024_10_DEN_KC,DEN,KC,0,300.0,7.5,5-4-0,1,2,0,-2,0,1,1,1,1,42.5,30.0,0,0.6,1.0,21.2,17.0,0.415,0.603,0.105,0.135,6,7
2024,10,2024_10_DET_HOU,HOU,DET,1,190.0,4.5,6-3-0,1,0,0,-3,0,1,1,push,1,49.0,49.0,push,0.6,1.0,21.2,19.0,0.371,0.383,0.081,0.018,12,9
2024,10,2024_10_MIA_LA,MIA,LA,0,120.0,2.5,2-6-0,0,3,0,8,1,1,1,1,1,49.5,38.0,0,0.2,0.6,23.0,20.6,0.41,0.367,0.093,0.123,10,19
2024,10,2024_10_MIN_JAX,JAX,MIN,1,280.0,7.0,2-7-0,0,0,0,-5,0,1,1,0,1,42.5,19.0,0,0.4,0.6,28.6,24.0,0.37,0.377,0.145,0.133,31,15
2024,10,2024_10_NE_CHI,NE,CHI,0,260.0,6.5,2-7-0,0,1,0,16,1,1,1,1,1,37.5,22.0,0,0.2,0.6,26.0,18.2,0.359,0.298,0.127,0.036,22,5
2024,10,2024_10_NYG_CAR,CAR,NYG,1,240.0,6.5,2-7-0,0,0,0,3,1,1,1,1,1,40.5,37.0,0,0.2,0.2,32.8,23.6,0.351,0.366,0.185,0.091,32,11
2024,10,2024_10_NYJ_ARI,ARI,NYJ,1,110.0,2.0,5-4-0,1,3,1,25,1,1,1,1,1,45.5,37.0,0,0.8,0.2,21.6,24.2,0.396,0.344,0.163,0.13,21,4
2024,10,2024_10_PHI_DAL,DAL,PHI,1,285.0,7.5,3-5-0,0,0,0,-28,0,0,0,0,0,44.5,40.0,0,0.4,0.8,27.2,18.4,0.349,0.397,0.192,0.037,29,3
2024,10,2024_10_PIT_WAS,PIT,WAS,0,102.0,1.5,6-2-0,1,1,0,1,1,1,1,1,1,45.0,55.0,1,0.6,0.8,18.6,17.4,0.369,0.409,0.07,0.039,2,18
2024,10,2024_10_SF_TB,TB,SF,1,240.0,6.5,4-5-0,0,1,0,-3,0,1,1,push,1,50.5,43.0,0,0.2,0.6,33.0,22.6,0.587,0.444,0.158,0.123,30,16
2024,10,2024_10_TEN_LAC,TEN,LAC,0,300.0,8.0,2-6-0,0,0,0,-10,0,0,1,0,0,40.0,44.0,1,0.4,0.6,27.0,13.6,0.333,0.408,0.145,0.018,14,1
2024,11,2024_11_ATL_DEN,ATL,DEN,0,114.0,2.0,6-4-0,1,2,0,-32,0,0,0,0,0,44.5,44.0,0,0.6,0.4,24.2,20.8,0.439,0.47,0.111,0.113,21,5
2024,11,2024_11_BAL_PIT,PIT,BAL,1,145.0,3.0,7-2-0,1,2,0,2,1,1,1,1,1,48.0,34.0,0,0.8,0.8,18.6,25.4,0.368,0.438,0.067,0.038,3,27
2024,11,2024_11_CLE_NO,NO,CLE,1,-105.0,1.0,3-7-0,0,1,0,21,1,1,1,1,1,44.0,49.0,1,0.2,0.2,30.0,25.2,0.284,0.342,0.079,0.115,23,20
2024,11,2024_11_GB_CHI,CHI,GB,1,215.0,6.0,4-5-0,0,3,0,-1,0,1,1,1,1,41.0,39.0,0,0.4,0.8,18.4,21.0,0.242,0.34,0.036,0.109,4,17
2024,11,2024_11_HOU_DAL,DAL,HOU,1,285.0,7.5,3-6-0,0,0,0,-24,0,0,0,0,0,41.5,44.0,1,0.2,0.4,31.0,22.4,0.328,0.348,0.268,0.079,31,15
2024,11,2024_11_IND_NYJ,IND,NYJ,0,170.0,4.0,4-6-0,0,2,0,1,1,1,1,1,1,43.0,55.0,1,0.4,0.2,20.2,25.8,0.317,0.386,0.172,0.106,24,8
2024,11,2024_11_JAX_DET,JAX,DET,0,650.0,14.0,2-8-0,0,0,0,-46,0,0,1,0,0,47.5,58.0,1,0.2,1.0,24.2,17.8,0.4,0.415,0.17,0.1,29,9
2024,11,2024_11_KC_BUF,KC,BUF,0,120.0,2.5,9-0-0,1,2,0,-9,0,0,1,0,0,46.5,51.0,1,1.0,1.0,17.8,17.4,0.577,0.467,0.1,0.08,6,10
2024,11,2024_11_LA_NE,NE,LA,1,164.0,4.0,3-7-0,0,2,0,-6,0,0,1,0,1,42.5,50.0,1,0.4,0.6,23.6,20.4,0.369,0.328,0.143,0.121,16,19
2024,11,2024_11_LV_MIA,LV,MIA,0,330.0,8.0,2-7-0,0,0,0,-15,0,0,0,0,0,43.5,53.0,1,0.0,0.4,30.8,19.8,0.343,0.468,0.228,0.115,26,7
2024,11,2024_11_MIN_TEN,TEN,MIN,1,235.0,6.0,2-7-0,0,1,0,-10,0,0,1,0,0,40.0,36.0,0,0.2,0.6,30.0,19.6,0.365,0.375,0.138,0.164,18,12
2024,11,2024_11_SEA_SF,SEA,SF,0,215.0,6.0,4-5-0,0,0,0,3,1,1,1,1,1,49.0,37.0,0,0.2,0.6,27.2,24.0,0.317,0.426,0.119,0.109,25,13
2024,11,2024_11_WAS_PHI,WAS,PHI,0,190.0,4.5,7-3-0,1,2,0,-8,0,0,1,0,0,49.5,44.0,0,0.6,1.0,20.4,13.0,0.381,0.379,0.0,0.052,22,2
2024,12,2024_12_ARI_SEA,SEA,ARI,1,-105.0,1.0,5-5-0,0,1,0,10,1,1,1,1,1,46.5,22.0,0,0.4,0.8,24.8,18.2,0.355,0.46,0.127,0.152,22,14
2024,12,2024_12_BAL_LAC,LAC,BAL,1,140.0,3.0,7-3-0,1,4,1,-7,0,0,1,0,push,51.0,53.0,1,0.8,0.6,15.8,24.4,0.344,0.388,0.035,0.07,2,26
2024,12,2024_12_DAL_WAS,DAL,WAS,0,455.0,10.5,3-7-0,0,0,0,8,1,1,1,1,1,45.0,60.0,1,0.0,0.6,34.4,19.6,0.269,0.365,0.237,0.019,30,21
2024,12,2024_12_DEN_LV,LV,DEN,1,225.0,6.5,2-8-0,0,0,0,-10,0,0,1,0,0,41.5,48.0,1,0.0,0.6,30.8,17.4,0.364,0.515,0.212,0.077,27,3
2024,12,2024_12_DET_IND,IND,DET,1,295.0,7.0,5-6-0,0,0,0,-18,0,0,1,0,0,50.5,30.0,0,0.4,1.0,22.2,17.2,0.302,0.453,0.167,0.105,23,6
2024,12,2024_12_KC_CAR,CAR,KC,1,500.0,11.0,3-7-0,0,0,0,-3,0,1,0,push,1,43.0,57.0,1,0.4,0.8,29.0,21.2,0.383,0.595,0.145,0.122,31,8
2024,12,2024_12_MIN_CHI,CHI,MIN,1,145.0,3.0,4-6-0,0,2,0,-3,0,push,1,push,1,39.5,57.0,1,0.2,0.6,20.4,18.8,0.299,0.386,0.039,0.151,5,9
2024,12,2024_12_NE_MIA,NE,MIA,0,285.0,7.5,3-8-0,0,1,0,-19,0,0,0,0,0,46.0,49.0,1,0.4,0.4,21.0,21.6,0.409,0.556,0.118,0.104,18,7
2024,12,2024_12_PHI_LA,LA,PHI,1,142.0,3.0,5-5-0,0,0,0,-17,0,0,1,0,0,49.0,57.0,1,0.8,1.0,20.0,13.4,0.264,0.426,0.086,0.051,19,1
2024,12,2024_12_PIT_CLE,CLE,PIT,1,170.0,3.5,2-8-0,0,1,0,5,1,1,1,1,1,36.5,43.0,1,0.2,1.0,25.4,17.8,0.368,0.361,0.102,0.066,24,4
2024,12,2024_12_SF_GB,SF,GB,0,235.0,6.5,5-5-0,0,3,0,-28,0,0,0,0,0,44.5,48.0,1,0.6,0.8,23.2,21.0,0.443,0.36,0.074,0.118,15,16
2024,12,2024_12_TB_NYG,NYG,TB,1,240.0,6.5,2-8-0,0,3,0,-23,0,0,0,0,0,40.5,37.0,0,0.0,0.2,23.6,30.4,0.371,0.545,0.125,0.138,11,29
2024,12,2024_12_TEN_HOU,TEN,HOU,0,295.0,8.0,2-8-0,0,1,0,5,1,1,1,1,1,40.5,59.0,1,0.2,0.4,30.6,20.2,0.373,0.343,0.138,0.083,17,13
2024,13,2024_13_ARI_MIN,ARI,MIN,0,154.0,3.5,6-5-0,1,4,1,-1,0,1,1,1,1,45.5,45.0,0,0.8,0.8,14.6,18.0,0.423,0.4,0.109,0.145,12,13
2024,13,2024_13_CHI_DET,CHI,DET,0,390.0,9.5,4-7-0,0,1,0,-3,0,1,0,push,1,47.5,43.0,0,0.0,1.0,23.2,12.6,0.288,0.5,0.018,0.089,6,3
2024,13,2024_13_CLE_DEN,CLE,DEN,0,235.0,6.5,3-8-0,0,0,0,-9,0,0,1,0,0,41.5,73.0,1,0.4,0.6,25.2,19.2,0.351,0.514,0.15,0.059,23,1
2024,13,2024_13_HOU_JAX,JAX,HOU,1,160.0,3.5,2-9-0,0,1,0,-3,0,1,0,push,1,44.5,43.0,0,0.2,0.4,27.6,21.8,0.34,0.329,0.154,0.113,32,15
2024,13,2024_13_IND_NE,NE,IND,1,114.0,2.5,3-9-0,0,5,0,-1,0,1,1,1,1,41.5,49.0,1,0.4,0.2,21.4,25.0,0.353,0.29,0.148,0.158,19,25
2024,13,2024_13_LAC_ATL,ATL,LAC,1,-102.0,1.0,6-5-0,1,1,0,-4,0,0,1,0,1,47.0,30.0,0,0.4,0.8,27.8,18.4,0.403,0.328,0.113,0.017,24,4
2024,13,2024_13_LA_NO,NO,LA,1,120.0,2.5,4-7-0,0,3,0,-7,0,0,1,0,push,48.5,35.0,0,0.4,0.6,22.6,24.4,0.31,0.235,0.068,0.091,21,20
2024,13,2024_13_LV_KC,LV,KC,0,550.0,13.5,2-9-0,0,0,0,-2,0,1,1,1,1,42.0,36.0,0,0.0,0.8,30.2,23.0,0.377,0.603,0.189,0.087,27,8
2024,13,2024_13_MIA_GB,MIA,GB,0,145.0,3.5,5-6-0,0,3,0,-13,0,0,0,0,0,47.5,47.0,0,0.6,0.8,21.4,20.4,0.55,0.333,0.082,0.098,7,11
2024,13,2024_13_NYG_DAL,NYG,DAL,0,185.0,4.5,2-9-0,0,4,0,-7,0,0,1,0,push,39.0,47.0,1,0.0,0.2,26.2,30.2,0.394,0.262,0.127,0.159,14,30
2024,13,2024_13_PHI_BAL,PHI,BAL,0,136.0,3.0,9-2-0,1,5,1,5,1,1,1,1,1,50.0,43.0,0,1.0,0.6,16.8,22.8,0.529,0.429,0.054,0.055,2,26
2024,13,2024_13_PIT_CIN,PIT,CIN,0,130.0,3.0,8-3-0,1,3,1,6,1,1,1,1,1,46.0,82.0,1,0.8,0.4,20.0,28.8,0.387,0.446,0.082,0.067,5,29
2024,13,2024_13_SEA_NYJ,SEA,NYJ,0,-105.0,1.0,6-5-0,1,2,0,5,1,1,1,1,1,41.5,47.0,1,0.6,0.2,18.8,26.8,0.367,0.379,0.111,0.08,17,9
2024,13,2024_13_SF_BUF,SF,BUF,0,270.0,6.5,5-6-0,0,0,0,-25,0,0,1,0,0,45.0,45.0,push,0.4,1.0,26.0,17.6,0.424,0.5,0.13,0.098,18,10
2024,13,2024_13_TB_CAR,CAR,TB,1,235.0,6.5,3-8-0,0,2,0,-3,0,1,1,push,1,46.0,49.0,1,0.4,0.2,27.4,26.4,0.371,0.537,0.111,0.115,31,28
2024,13,2024_13_TEN_WAS,TEN,WAS,0,205.0,6.0,3-8-0,0,2,0,-23,0,0,0,0,0,45.0,61.0,1,0.4,0.4,29.2,25.0,0.354,0.338,0.133,0.068,16,22
2024,14,2024_14_ATL_MIN,ATL,MIN,0,205.0,6.0,6-6-0,0,1,0,-21,0,0,1,0,0,46.5,63.0,1,0.4,1.0,24.4,16.4,0.333,0.377,0.135,0.161,20,12
2024,14,2024_14_BUF_LA,LA,BUF,1,160.0,3.5,6-6-0,0,1,0,2,1,1,1,1,1,49.5,86.0,1,0.6,1.0,23.2,17.6,0.24,0.53,0.073,0.1,17,7
2024,14,2024_14_CAR_PHI,CAR,PHI,0,625.0,14.0,3-9-0,0,0,0,-6,0,1,1,0,1,44.5,38.0,0,0.4,1.0,24.6,17.2,0.382,0.493,0.086,0.05,31,1
2024,14,2024_14_CHI_SF,CHI,SF,0,136.0,3.0,4-8-0,0,3,0,-25,0,0,0,0,0,43.5,51.0,1,0.0,0.4,24.2,27.4,0.342,0.448,0.0,0.113,5,23
2024,14,2024_14_CIN_DAL,DAL,CIN,1,190.0,5.0,5-7-0,0,3,0,-7,0,0,1,0,push,51.0,47.0,0,0.4,0.2,28.2,34.8,0.294,0.507,0.127,0.123,29,30
2024,14,2024_14_CLE_PIT,CLE,PIT,0,210.0,6.0,3-9-0,0,0,0,-13,0,0,1,0,0,43.0,41.0,0,0.4,0.8,29.2,24.6,0.365,0.4,0.164,0.097,25,6
2024,14,2024_14_GB_DET,GB,DET,0,142.0,3.0,9-3-0,1,1,0,-3,0,push,1,push,1,53.0,65.0,1,0.8,1.0,19.4,13.8,0.346,0.492,0.06,0.118,13,3
2024,14,2024_14_JAX_TEN,JAX,TEN,0,142.0,3.0,2-10-0,0,0,0,4,1,1,1,1,1,40.0,16.0,0,0.0,0.4,29.0,27.2,0.291,0.379,0.17,0.088,32,22
2024,14,2024_14_LAC_KC,LAC,KC,0,195.0,5.0,8-4-0,1,3,1,-2,0,1,1,1,1,43.5,36.0,0,0.8,0.8,19.4,22.4,0.333,0.534,0.036,0.061,2,9
2024,14,2024_14_LV_TB,LV,TB,0,260.0,7.0,2-10-0,0,1,0,-15,0,0,0,0,0,47.0,41.0,0,0.0,0.4,30.0,22.8,0.394,0.435,0.137,0.109,27,28
2024,14,2024_14_NO_NYG,NYG,NO,1,200.0,5.5,2-10-0,0,2,0,-3,0,1,0,push,1,41.0,25.0,0,0.0,0.4,26.0,20.2,0.406,0.319,0.167,0.036,14,21
2024,14,2024_14_NYJ_MIA,NYJ,MIA,0,240.0,6.5,3-9-0,0,1,0,-6,0,1,1,0,1,45.0,58.0,1,0.2,0.6,24.6,21.8,0.393,0.441,0.08,0.082,10,8
2024,14,2024_14_SEA_ARI,SEA,ARI,0,145.0,3.0,7-5-0,1,0,0,12,1,1,1,1,1,45.5,48.0,1,0.6,0.6,20.2,16.2,0.355,0.431,0.109,0.106,16,11
2024,15,2024_15_ATL_LV,LV,ATL,1,275.0,6.5,2-11-0,0,2,0,-6,0,1,0,0,1,44.5,24.0,0,0.0,0.2,30.2,27.6,0.364,0.343,0.151,0.173,28,26
2024,15,2024_15_BAL_NYG,NYG,BAL,1,1000.0,16.5,2-11-0,0,1,0,-21,0,0,0,0,0,43.5,49.0,1,0.0,0.6,23.6,21.8,0.382,0.459,0.143,0.055,13,25
2024,15,2024_15_BUF_DET,BUF,DET,0,110.0,2.5,10-3-0,1,2,0,6,1,1,1,1,1,55.5,90.0,1,0.8,1.0,24.4,17.2,0.533,0.515,0.082,0.135,12,3
2024,15,2024_15_CHI_MIN,CHI,MIN,0,260.0,7.0,4-9-0,0,2,0,-18,0,0,0,0,0,43.5,42.0,0,0.0,1.0,26.0,18.0,0.375,0.41,0.019,0.107,8,10
2024,15,2024_15_CIN_TEN,TEN,CIN,1,205.0,6.0,3-10-0,0,3,0,-10,0,0,1,0,0,46.5,64.0,1,0.2,0.4,25.8,31.4,0.394,0.439,0.074,0.1,19,29
2024,15,2024_15_DAL_CAR,DAL,CAR,0,120.0,2.5,5-8-0,0,1,0,16,1,1,1,1,1,42.0,44.0,1,0.4,0.4,28.2,23.4,0.313,0.4,0.145,0.071,31,32
2024,15,2024_15_GB_SEA,SEA,GB,1,136.0,3.0,8-5-0,1,4,1,-17,0,0,0,0,0,48.0,43.0,0,0.8,0.6,17.6,20.8,0.4,0.348,0.088,0.064,15,16
2024,15,2024_15_IND_DEN,IND,DEN,0,195.0,4.5,6-7-0,0,0,0,-18,0,0,1,0,0,43.5,44.0,1,0.4,0.6,25.2,22.8,0.35,0.47,0.17,0.055,24,4
2024,15,2024_15_KC_CLE,CLE,KC,1,190.0,4.5,3-10-0,0,0,0,-14,0,0,0,0,0,41.5,28.0,0,0.2,0.8,29.8,21.0,0.292,0.5,0.18,0.043,22,6
2024,15,2024_15_LA_SF,LA,SF,0,130.0,3.0,7-6-0,1,2,0,6,1,1,1,1,1,48.5,18.0,0,0.6,0.4,27.6,25.2,0.385,0.444,0.06,0.137,23,21
2024,15,2024_15_MIA_HOU,MIA,HOU,0,130.0,2.5,6-7-0,0,5,0,-8,0,0,0,0,0,46.5,32.0,0,0.8,0.4,21.0,21.8,0.383,0.343,0.06,0.1,7,14
2024,15,2024_15_NE_ARI,NE,ARI,0,210.0,6.0,3-10-0,0,0,0,-13,0,0,0,0,0,46.5,47.0,1,0.2,0.4,22.0,16.8,0.359,0.386,0.17,0.14,20,11
2024,15,2024_15_NYJ_JAX,JAX,NYJ,1,145.0,3.5,3-10-0,0,1,0,-7,0,0,1,0,push,41.5,57.0,1,0.2,0.2,24.2,26.0,0.356,0.381,0.184,0.08,30,9
2024,15,2024_15_PIT_PHI,PIT,PHI,0,215.0,5.5,10-3-0,1,0,0,-14,0,0,0,0,0,43.0,40.0,0,0.8,1.0,23.8,15.8,0.394,0.5,0.094,0.036,5,2
2024,15,2024_15_TB_LAC,TB,LAC,0,136.0,3.0,7-6-0,1,2,0,23,1,1,1,1,1,46.0,57.0,1,0.6,0.6,19.2,21.2,0.383,0.356,0.111,0.04,27,1
2024,15,2024_15_WAS_NO,NO,WAS,1,295.0,7.5,5-8-0,0,4,0,-1,0,1,0,1,1,44.5,39.0,0,0.6,0.4,17.2,25.8,0.368,0.406,0.054,0.085,17,18
2024,16,2024_16_ARI_CAR,CAR,ARI,1,200.0,5.5,3-11-0,0,0,0,6,1,1,1,1,1,47.0,66.0,1,0.2,0.4,25.0,18.4,0.38,0.458,0.127,0.104,32,10
2024,16,2024_16_CLE_CIN,CLE,CIN,0,425.0,10.0,3-11-0,0,2,0,-18,0,0,0,0,0,46.5,30.0,0,0.2,0.4,28.6,32.0,0.284,0.484,0.21,0.14,23,31
2024,16,2024_16_DEN_LAC,DEN,LAC,0,124.0,3.0,9-5-0,1,4,1,-7,0,0,1,0,push,41.5,61.0,1,0.8,0.4,17.2,25.8,0.449,0.309,0.082,0.077,2,3
2024,16,2024_16_DET_CHI,CHI,DET,1,270.0,7.0,4-10-0,0,1,0,-17,0,0,0,0,0,47.5,51.0,1,0.0,0.8,28.2,22.2,0.386,0.493,0.038,0.061,9,8
2024,16,2024_16_HOU_KC,HOU,KC,0,150.0,3.5,9-5-0,1,0,0,-8,0,0,1,0,0,42.5,46.0,1,0.6,0.8,20.0,19.6,0.348,0.486,0.098,0.038,12,4
2024,16,2024_16_JAX_LV,JAX,LV,0,110.0,2.5,3-11-0,0,2,0,-5,0,0,1,0,1,41.5,33.0,0,0.2,0.0,25.0,25.0,0.406,0.343,0.188,0.17,30,28
2024,16,2024_16_LA_NYJ,NYJ,LA,1,136.0,3.0,4-10-0,0,1,0,-10,0,0,1,0,0,47.0,28.0,0,0.2,0.8,28.4,24.2,0.377,0.382,0.06,0.02,11,18
2024,16,2024_16_MIN_SEA,SEA,MIN,1,124.0,2.5,8-6-0,1,1,0,-3,0,0,1,push,1,43.0,51.0,1,0.8,1.0,18.4,19.0,0.412,0.443,0.075,0.071,15,7
2024,16,2024_16_NE_BUF,NE,BUF,0,700.0,14.0,3-11-0,0,2,0,-3,0,1,1,push,1,48.0,45.0,0,0.2,0.8,24.0,27.4,0.339,0.533,0.137,0.057,20,21
2024,16,2024_16_NO_GB,NO,GB,0,625.0,14.0,5-9-0,0,1,0,-34,0,0,0,0,0,44.0,34.0,0,0.6,0.8,16.6,18.6,0.359,0.391,0.074,0.06,19,13
2024,16,2024_16_NYG_ATL,NYG,ATL,0,410.0,9.5,2-12-0,0,2,0,-27,0,0,1,0,0,42.5,41.0,0,0.0,0.2,25.2,25.2,0.319,0.343,0.14,0.173,17,25
2024,16,2024_16_PHI_WAS,WAS,PHI,1,180.0,4.0,9-5-0,1,0,0,3,1,1,1,1,1,47.0,69.0,1,0.4,1.0,25.2,17.2,0.435,0.542,0.083,0.02,16,1
2024,16,2024_16_PIT_BAL,PIT,BAL,0,275.0,7.0,10-4-0,1,1,0,-17,0,0,0,0,0,44.5,51.0,1,0.6,0.6,23.8,22.6,0.369,0.531,0.085,0.074,6,24
2024,16,2024_16_SF_MIA,MIA,SF,1,105.0,2.0,6-8-0,0,4,0,12,1,1,1,1,1,44.0,46.0,1,0.6,0.2,22.0,23.6,0.35,0.4,0.102,0.154,5,14
2024,16,2024_16_TB_DAL,DAL,TB,1,180.0,4.5,6-8-0,0,1,0,2,1,1,1,1,1,47.5,50.0,1,0.6,0.8,24.2,16.6,0.369,0.422,0.083,0.143,29,27
2024,16,2024_16_TEN_IND,TEN,IND,0,164.0,4.0,3-11-0,0,3,0,-8,0,0,1,0,0,42.5,68.0,1,0.2,0.4,27.8,27.2,0.431,0.344,0.175,0.211,22,26
2024,17,2024_17_ARI_LA,ARI,LA,0,270.0,6.5,7-8-0,0,2,0,-4,0,1,0,0,1,48.0,22.0,0,0.2,0.8,24.4,21.6,0.431,0.421,0.135,0.042,12,15
2024,17,2024_17_ATL_WAS,ATL,WAS,0,160.0,3.5,8-7-0,1,1,0,-6,0,0,1,0,1,46.5,54.0,1,0.4,0.6,22.6,26.2,0.388,0.471,0.173,0.161,21,18
2024,17,2024_17_BAL_HOU,HOU,BAL,1,200.0,5.5,9-6-0,1,1,0,-29,0,0,0,0,0,46.5,33.0,0,0.6,0.6,20.2,19.2,0.375,0.5,0.107,0.094,13,22
2024,17,2024_17_CAR_TB,CAR,TB,0,380.0,9.5,4-11-0,0,1,0,-34,0,0,0,0,0,47.5,62.0,1,0.2,0.8,27.6,17.2,0.386,0.452,0.111,0.179,32,26
2024,17,2024_17_DAL_PHI,DAL,PHI,0,260.0,7.5,7-8-0,0,0,0,-34,0,0,0,0,0,37.5,48.0,1,0.8,0.8,22.2,20.8,0.369,0.458,0.05,0.037,30,1
2024,17,2024_17_DEN_CIN,DEN,CIN,0,145.0,3.5,9-6-0,1,4,1,-6,0,0,1,0,1,50.5,54.0,1,0.8,0.6,20.8,26.2,0.42,0.458,0.081,0.14,3,29
2024,17,2024_17_DET_SF,SF,DET,1,190.0,4.0,6-9-0,0,0,0,-6,0,0,1,0,1,50.5,74.0,1,0.2,0.8,25.4,24.4,0.351,0.493,0.151,0.06,14,6
2024,17,2024_17_GB_MIN,MIN,GB,1,-108.0,1.0,13-2-0,1,1,0,2,1,1,1,1,1,49.0,52.0,1,1.0,0.8,21.2,14.8,0.424,0.426,0.053,0.038,10,8
2024,17,2024_17_IND_NYG,NYG,IND,1,320.0,7.5,2-13-0,0,2,0,12,1,1,1,1,1,40.5,78.0,1,0.0,0.6,28.0,27.2,0.286,0.382,0.145,0.153,16,28
2024,17,2024_17_KC_PIT,PIT,KC,1,136.0,3.0,10-5-0,1,0,0,-19,0,0,0,0,0,43.5,39.0,0,0.4,1.0,27.4,17.4,0.407,0.493,0.105,0.0,7,4
2024,17,2024_17_LAC_NE,NE,LAC,1,245.0,6.0,3-12-0,0,1,0,-33,0,0,0,0,0,42.0,47.0,1,0.0,0.4,28.2,25.8,0.386,0.357,0.184,0.08,20,2
2024,17,2024_17_LV_NO,NO,LV,1,105.0,2.0,5-10-0,0,5,0,-15,0,0,1,0,0,37.5,35.0,0,0.4,0.2,20.0,21.0,0.355,0.284,0.118,0.136,19,25
2024,17,2024_17_MIA_CLE,CLE,MIA,1,142.0,3.0,3-12-0,0,1,0,-17,0,0,0,0,0,32.5,23.0,0,0.2,0.6,26.4,21.6,0.288,0.283,0.262,0.094,24,5
2024,17,2024_17_NYJ_BUF,NYJ,BUF,0,390.0,10.0,4-11-0,0,2,0,-26,0,0,0,0,0,44.5,54.0,1,0.2,0.8,26.0,27.6,0.361,0.509,0.059,0.039,9,23
2024,17,2024_17_SEA_CHI,CHI,SEA,1,160.0,3.5,4-11-0,0,2,0,-3,0,1,0,push,1,43.5,9.0,0,0.0,0.6,31.0,20.4,0.312,0.369,0.074,0.088,11,17
2024,17,2024_17_TEN_JAX,TEN,JAX,0,-108.0,-1.0,3-12-0,0,2,0,-7,0,0,0,0,push,38.0,33.0,0,0.2,0.2,30.8,26.4,0.443,0.397,0.203,0.16,27,31
2024,18,2024_18_BUF_NE,NE,BUF,1,140.0,3.0,3-13-0,0,0,0,7,1,1,1,1,1,36.5,39.0,1,0.0,0.8,30.6,26.2,0.34,0.5,0.157,0.019,25,22
2024,18,2024_18_CAR_ATL,CAR,ATL,0,300.0,7.5,4-12-0,0,1,0,6,1,1,1,1,1,48.5,82.0,1,0.2,0.4,31.2,21.0,0.364,0.375,0.109,0.176,32,26
2024,18,2024_18_CHI_GB,CHI,GB,0,320.0,10.0,4-12-0,0,1,0,2,1,1,1,1,1,41.5,46.0,1,0.0,0.6,26.2,18.2,0.306,0.455,0.1,0.059,6,7
2024,18,2024_18_CIN_PIT,PIT,CIN,1,124.0,2.5,10-6-0,1,2,0,-2,0,1,0,1,1,48.5,36.0,0,0.4,0.8,28.4,24.2,0.424,0.527,0.123,0.164,10,30
2024,18,2024_18_CLE_BAL,CLE,BAL,0,1200.0,19.5,3-13-0,0,0,0,-25,0,0,0,0,0,42.5,45.0,1,0.0,0.8,26.6,16.0,0.342,0.517,0.238,0.04,24,15
2024,18,2024_18_HOU_TEN,HOU,TEN,0,120.0,2.5,9-7-0,1,4,1,9,1,1,1,1,1,36.5,37.0,1,0.4,0.0,24.4,29.4,0.358,0.492,0.107,0.208,16,27
2024,18,2024_18_JAX_IND,JAX,IND,0,150.0,3.5,4-12-0,0,3,0,-3,0,1,1,push,1,45.5,49.0,1,0.4,0.4,18.6,30.8,0.465,0.409,0.143,0.186,29,28
2024,18,2024_18_KC_DEN,KC,DEN,0,370.0,10.5,15-1-0,1,5,1,-38,0,0,0,0,0,40.5,38.0,0,1.0,0.6,14.0,25.6,0.444,0.386,0.0,0.095,4,5
2024,18,2024_18_LAC_LV,LV,LAC,1,275.0,7.0,4-12-0,0,1,0,-14,0,0,1,0,0,42.5,54.0,1,0.4,0.6,17.2,21.2,0.352,0.424,0.103,0.078,21,2
2024,18,2024_18_MIA_NYJ,MIA,NYJ,0,102.0,1.5,8-8-0,0,4,0,-12,0,0,1,0,0,39.5,52.0,1,0.6,0.2,19.2,28.4,0.254,0.386,0.075,0.122,3,12
2024,18,2024_18_MIN_DET,MIN,DET,0,124.0,3.0,14-2-0,1,4,1,-22,0,0,0,0,0,56.5,40.0,0,1.0,0.8,20.8,30.0,0.431,0.5,0.055,0.06,8,13
2024,18,2024_18_NO_TB,NO,TB,0,675.0,14.5,5-11-0,0,2,0,-8,0,1,1,0,0,44.5,46.0,1,0.2,0.8,22.2,18.6,0.29,0.492,0.118,0.158,20,23
2024,18,2024_18_NYG_PHI,NYG,PHI,0,130.0,3.0,3-13-0,0,0,0,-7,0,0,0,0,push,36.5,33.0,0,0.2,0.8,28.6,18.2,0.308,0.429,0.121,0.036,19,1
2024,18,2024_18_SEA_LA,LA,SEA,1,285.0,7.5,10-6-0,1,4,1,-5,0,1,1,0,1,38.5,55.0,1,1.0,0.6,16.0,19.8,0.469,0.344,0.021,0.089,14,11
2024,18,2024_18_SF_ARI,SF,ARI,0,160.0,4.5,6-10-0,0,1,0,-23,0,0,1,0,0,42.5,71.0,1,0.2,0.2,25.8,23.8,0.4,0.47,0.14,0.154,18,9
2024,18,2024_18_WAS_DAL,DAL,WAS,1,250.0,7.0,7-9-0,0,2,0,-4,0,1,1,0,1,43.5,42.0,0,0.6,0.8,25.2,25.8,0.412,0.507,0.109,0.164,31,17
2025,1,2025_01_ARI_NO,NO,ARI,1,220.0,6.0,0-0-0,0,1,0,-7,0,0,1,0,push,44.5,33.0,0,0.2,0.4,23.4,24.0,0.267,0.469,0.115,0.111,21,13
2025,1,2025_01_BAL_BUF,BUF,BAL,1,110.0,1.5,0-0-0,0,1,0,1,1,1,1,1,1,50.5,81.0,1,0.6,0.8,28.8,13.4,0.475,0.508,0.019,0.038,19,14
2025,1,2025_01_CAR_JAX,CAR,JAX,0,170.0,4.5,0-0-0,0,1,0,-16,0,0,0,0,0,45.5,36.0,0,0.4,0.4,33.6,19.2,0.403,0.471,0.096,0.135,32,30
2025,1,2025_01_CIN_CLE,CLE,CIN,1,195.0,5.5,0-0-0,0,1,0,-1,0,1,1,1,1,47.5,33.0,0,0.0,1.0,25.4,18.8,0.303,0.5,0.233,0.127,25,29
2025,1,2025_01_DAL_PHI,DAL,PHI,0,330.0,8.5,0-0-0,0,0,0,-4,0,1,1,0,1,47.5,44.0,0,0.4,0.8,25.8,17.0,0.4,0.403,0.111,0.038,31,1
2025,1,2025_01_DET_GB,DET,GB,0,100.0,1.5,0-0-0,0,4,0,-14,0,0,0,0,0,48.5,40.0,0,0.8,0.4,27.8,19.6,0.515,0.426,0.077,0.093,7,8
2025,1,2025_01_HOU_LA,HOU,LA,0,140.0,3.5,0-0-0,0,1,0,-5,0,0,1,0,1,43.5,23.0,0,0.6,0.8,20.8,19.2,0.394,0.449,0.094,0.041,12,17
2025,1,2025_01_KC_LAC,LAC,KC,1,145.0,3.0,0-0-0,0,2,0,6,1,1,1,1,1,47.5,48.0,1,0.6,0.8,22.6,18.2,0.468,0.4,0.059,0.0,2,6
2025,1,2025_01_LV_NE,LV,NE,0,130.0,2.5,0-0-0,0,3,0,7,1,1,1,1,1,44.5,33.0,0,0.4,0.2,20.2,27.0,0.353,0.373,0.105,0.143,24,22
2025,1,2025_01_MIA_IND,MIA,IND,0,-108.0,1.5,0-0-0,0,3,0,-25,0,0,0,0,0,47.5,41.0,0,0.6,0.6,19.6,30.6,0.246,0.42,0.143,0.177,4,27
2025,1,2025_01_MIN_CHI,CHI,MIN,1,-108.0,1.5,0-0-0,0,1,0,-3,0,0,1,push,1,43.5,51.0,1,0.2,0.8,26.0,22.6,0.311,0.429,0.135,0.036,5,16
2025,1,2025_01_NYG_WAS,NYG,WAS,0,240.0,6.0,0-0-0,0,1,0,-15,0,0,0,0,0,45.5,27.0,0,0.2,1.0,27.2,22.8,0.313,0.529,0.109,0.127,18,15
2025,1,2025_01_PIT_NYJ,NYJ,PIT,1,130.0,3.0,0-0-0,0,2,0,-2,0,1,1,1,1,37.5,66.0,1,0.4,0.2,27.2,24.6,0.393,0.403,0.102,0.107,10,9
2025,1,2025_01_SF_SEA,SEA,SF,1,114.0,2.5,0-0-0,0,4,0,-4,0,0,1,0,1,43.5,30.0,0,0.6,0.2,20.6,28.2,0.387,0.414,0.091,0.154,11,26
2025,1,2025_01_TB_ATL,ATL,TB,1,-105.0,1.5,0-0-0,0,1,0,-3,0,0,1,push,1,47.5,43.0,0,0.4,0.8,26.4,17.8,0.469,0.58,0.115,0.154,28,20
2025,1,2025_01_TEN_DEN,TEN,DEN,0,350.0,8.5,0-0-0,0,1,0,-8,0,1,1,0,0,42.5,32.0,0,0.0,0.6,25.6,21.8,0.469,0.449,0.212,0.1,23,3
2025,2,2025_02_ATL_MIN,ATL,MIN,0,150.0,3.5,0-1-0,0,3,0,16,1,1,1,1,1,44.5,28.0,0,0.4,0.8,22.6,23.2,0.439,0.349,0.077,0.052,20,23
2025,2,2025_02_BUF_NYJ,NYJ,BUF,1,235.0,6.0,0-1-0,0,2,0,-20,0,0,0,0,0,47.5,40.0,0,0.4,0.8,27.6,28.0,0.431,0.462,0.1,0.018,30,31
2025,2,2025_02_CAR_ARI,CAR,ARI,0,250.0,7.0,0-1-0,0,0,0,-5,0,1,0,0,1,45.5,49.0,1,0.4,0.6,34.4,20.6,0.426,0.492,0.132,0.078,21,9
2025,2,2025_02_CHI_DET,CHI,DET,0,220.0,6.0,0-1-0,0,2,0,-31,0,0,0,0,0,46.5,73.0,1,0.2,0.6,23.8,27.0,0.286,0.485,0.123,0.078,15,17
2025,2,2025_02_CLE_BAL,CLE,BAL,0,600.0,12.5,0-1-0,0,1,0,-24,0,0,0,0,0,46.5,58.0,1,0.0,0.8,23.4,16.8,0.391,0.545,0.241,0.057,8,32
2025,2,2025_02_DEN_IND,IND,DEN,1,110.0,2.5,1-0-0,1,0,0,1,1,1,1,1,1,43.5,57.0,1,0.6,0.6,27.4,17.8,0.425,0.437,0.15,0.121,6,1
2025,2,2025_02_JAX_CIN,JAX,CIN,0,160.0,3.5,1-0-0,1,1,0,-4,0,0,1,0,1,49.5,58.0,1,0.4,1.0,20.0,18.0,0.464,0.516,0.113,0.113,5,22
2025,2,2025_02_LAC_LV,LV,LAC,1,164.0,3.5,1-0-0,1,2,0,-11,0,0,0,0,0,46.5,29.0,0,0.6,0.8,17.2,23.0,0.368,0.484,0.086,0.06,10,13
2025,2,2025_02_LA_TEN,TEN,LA,1,205.0,5.5,0-1-0,0,0,0,-14,0,0,1,0,0,41.5,52.0,1,0.0,0.8,27.6,12.6,0.387,0.403,0.228,0.062,14,3
2025,2,2025_02_NE_MIA,NE,MIA,0,105.0,1.5,0-1-0,0,3,0,6,1,1,1,1,1,43.5,60.0,1,0.2,0.4,26.0,21.0,0.315,0.31,0.137,0.208,24,26
2025,2,2025_02_NYG_DAL,NYG,DAL,0,195.0,4.5,0-1-0,0,1,0,-3,0,1,1,push,1,44.5,77.0,1,0.2,0.4,28.6,25.2,0.312,0.449,0.098,0.115,28,27
2025,2,2025_02_PHI_KC,KC,PHI,1,102.0,1.5,0-1-0,0,1,0,-3,0,0,1,push,1,46.5,37.0,0,0.6,0.8,20.2,17.8,0.359,0.411,0.0,0.038,25,11
2025,2,2025_02_SEA_PIT,SEA,PIT,0,160.0,3.5,0-1-0,0,3,0,14,1,1,1,1,1,40.5,48.0,1,0.4,0.2,20.4,28.2,0.351,0.397,0.13,0.094,18,29
2025,2,2025_02_SF_NO,NO,SF,1,140.0,3.0,0-1-0,0,2,0,-5,0,0,0,0,1,40.5,47.0,1,0.0,0.2,25.2,28.2,0.271,0.417,0.104,0.17,16,4
2025,2,2025_02_TB_HOU,TB,HOU,0,114.0,2.5,1-0-0,1,4,1,1,1,1,1,1,1,42.5,39.0,0,0.8,0.4,19.2,19.6,0.592,0.371,0.096,0.137,19,12
2025,2,2025_02_WAS_GB,WAS,GB,0,154.0,3.5,1-0-0,1,3,1,-9,0,0,0,0,0,48.5,45.0,0,1.0,0.6,20.2,15.4,0.478,0.441,0.113,0.075,2,7
2025,3,2025_03_ARI_SF,ARI,SF,0,105.0,1.5,2-0-0,1,3,1,-1,0,1,1,1,1,44.5,31.0,0,0.6,0.4,21.6,30.0,0.424,0.476,0.096,0.17,17,12
2025,3,2025_03_ATL_CAR,CAR,ATL,1,185.0,5.5,0-2-0,0,0,0,30,1,1,1,1,1,44.5,30.0,0,0.4,0.4,33.8,22.0,0.431,0.456,0.094,0.077,16,3
2025,3,2025_03_CIN_MIN,CIN,MIN,0,136.0,3.0,2-0-0,1,3,1,-38,0,0,0,0,0,41.5,58.0,1,1.0,0.6,18.0,25.2,0.446,0.317,0.111,0.086,24,11
2025,3,2025_03_DAL_CHI,CHI,DAL,1,105.0,1.5,0-2-0,0,1,0,17,1,1,1,1,1,49.5,45.0,0,0.2,0.4,28.2,29.8,0.375,0.437,0.136,0.109,32,29
2025,3,2025_03_DEN_LAC,DEN,LAC,0,130.0,2.5,1-1-0,0,0,0,-3,0,0,1,push,1,45.5,43.0,0,0.4,1.0,21.0,16.8,0.46,0.507,0.098,0.04,4,2
2025,3,2025_03_DET_BAL,DET,BAL,0,200.0,4.5,1-1-0,0,2,0,8,1,1,1,1,1,53.5,68.0,1,0.8,0.8,21.6,17.4,0.476,0.429,0.058,0.035,21,30
2025,3,2025_03_GB_CLE,CLE,GB,1,360.0,8.5,0-2-0,0,0,0,3,1,1,1,1,1,41.5,23.0,0,0.0,0.6,27.4,16.4,0.4,0.441,0.196,0.057,15,5
2025,3,2025_03_HOU_JAX,HOU,JAX,0,105.0,1.5,0-2-0,0,0,0,-7,0,0,0,0,push,43.5,27.0,0,0.2,0.4,21.2,19.8,0.345,0.448,0.118,0.109,20,19
2025,3,2025_03_IND_TEN,TEN,IND,1,200.0,6.0,0-2-0,0,0,0,-21,0,0,0,0,0,43.5,61.0,1,0.0,0.8,26.8,26.8,0.362,0.465,0.143,0.073,25,18
2025,3,2025_03_KC_NYG,NYG,KC,1,260.0,6.0,0-2-0,0,1,0,-13,0,0,0,0,0,44.5,31.0,0,0.2,0.4,29.6,22.8,0.364,0.345,0.093,0.022,31,14
2025,3,2025_03_LA_PHI,LA,PHI,0,164.0,3.5,2-0-0,1,3,1,-7,0,0,1,0,push,45.5,59.0,1,0.8,0.8,15.2,18.6,0.438,0.357,0.083,0.019,1,10
2025,3,2025_03_LV_WAS,LV,WAS,0,130.0,2.5,1-1-0,0,2,0,-17,0,0,0,0,0,43.5,65.0,1,0.6,0.8,18.2,21.8,0.417,0.424,0.089,0.109,7,6
2025,3,2025_03_MIA_BUF,MIA,BUF,0,550.0,12.5,0-2-0,0,0,0,-10,0,1,1,0,0,50.5,52.0,1,0.4,0.8,23.6,21.6,0.327,0.435,0.154,0.019,26,13
2025,3,2025_03_NO_SEA,NO,SEA,0,295.0,7.5,0-2-0,0,1,0,-31,0,0,0,0,0,41.5,57.0,1,0.0,0.6,26.4,17.8,0.288,0.379,0.1,0.13,23,8
2025,3,2025_03_NYJ_TB,NYJ,TB,0,275.0,6.5,0-2-0,0,0,0,-2,0,1,1,1,1,43.5,56.0,1,0.2,0.8,28.6,19.6,0.356,0.557,0.12,0.059,27,9
2025,3,2025_03_PIT_NE,NE,PIT,1,100.0,1.5,1-1-0,0,4,0,-7,0,0,0,0,push,44.5,35.0,0,0.4,0.2,25.4,29.0,0.4,0.397,0.115,0.105,22,28
2025,4,2025_04_BAL_KC,KC,BAL,1,124.0,2.5,1-2-0,0,3,0,17,1,1,1,1,1,48.5,57.0,1,0.4,0.6,20.8,21.6,0.35,0.456,0.022,0.036,12,32
2025,4,2025_04_CAR_NE,CAR,NE,0,215.0,5.5,1-2-0,0,3,0,-29,0,0,1,0,0,42.5,55.0,1,0.4,0.4,27.8,24.8,0.403,0.377,0.098,0.157,8,21
2025,4,2025_04_CHI_LV,CHI,LV,0,105.0,1.5,1-2-0,0,1,0,1,1,1,1,1,1,47.5,49.0,1,0.4,0.4,24.2,23.6,0.441,0.403,0.1,0.091,30,19
2025,4,2025_04_CIN_DEN,CIN,DEN,0,360.0,7.5,2-1-0,1,2,0,-25,0,0,1,0,0,44.5,31.0,0,0.8,0.4,26.4,18.8,0.431,0.413,0.179,0.094,27,5
2025,4,2025_04_CLE_DET,CLE,DET,0,410.0,10.0,1-2-0,0,1,0,-24,0,0,1,0,0,44.5,44.0,0,0.2,0.8,24.6,24.2,0.408,0.462,0.161,0.057,11,23
2025,4,2025_04_GB_DAL,DAL,GB,1,275.0,7.0,1-2-0,0,0,0,0,0,1,1,1,1,47.5,80.0,1,0.2,0.4,31.2,19.0,0.433,0.469,0.189,0.074,29,2
2025,4,2025_04_IND_LA,IND,LA,0,154.0,3.5,3-0-0,1,3,1,-7,0,0,1,0,push,49.5,47.0,0,0.8,0.6,24.8,20.0,0.422,0.406,0.058,0.078,18,9
2025,4,2025_04_JAX_SF,JAX,SF,0,150.0,3.5,2-1-0,1,2,0,5,1,1,1,1,1,45.5,47.0,1,0.6,0.6,18.0,27.2,0.418,0.45,0.089,0.17,14,7
2025,4,2025_04_LAC_NYG,NYG,LAC,1,230.0,6.0,0-3-0,0,0,0,3,1,1,1,1,1,43.5,39.0,0,0.2,1.0,27.2,15.4,0.328,0.5,0.077,0.039,31,1
2025,4,2025_04_MIN_PIT,PIT,MIN,1,124.0,2.5,2-1-0,1,1,0,3,1,1,1,1,1,41.5,45.0,1,0.4,0.6,25.0,22.4,0.403,0.333,0.089,0.085,25,4
2025,4,2025_04_NO_BUF,NO,BUF,0,800.0,15.5,0-3-0,0,0,0,-12,0,1,0,0,0,48.5,50.0,1,0.0,0.8,28.4,21.6,0.286,0.464,0.075,0.0,24,20
2025,4,2025_04_NYJ_MIA,NYJ,MIA,0,124.0,2.5,0-3-0,0,2,0,-6,0,0,0,0,1,44.5,48.0,1,0.2,0.2,30.6,26.4,0.333,0.414,0.127,0.18,22,28
2025,4,2025_04_PHI_TB,TB,PHI,1,154.0,3.5,3-0-0,1,2,0,-6,0,0,0,0,1,44.5,56.0,1,1.0,1.0,19.8,16.6,0.521,0.397,0.019,0.02,15,10
2025,4,2025_04_SEA_ARI,ARI,SEA,1,105.0,1.5,2-1-0,1,1,0,-3,0,0,1,push,1,43.5,43.0,0,0.6,0.8,17.6,15.0,0.393,0.404,0.059,0.111,16,6
2025,4,2025_04_TEN_HOU,TEN,HOU,0,340.0,7.5,0-3-0,0,2,0,-26,0,0,0,0,0,39.5,26.0,0,0.0,0.2,27.4,19.2,0.347,0.283,0.115,0.127,26,17
2025,4,2025_04_WAS_ATL,WAS,ATL,0,120.0,2.5,2-1-0,1,3,1,-7,0,0,0,0,push,43.5,61.0,1,0.8,0.2,20.0,26.6,0.413,0.418,0.038,0.115,13,3
2025,5,2025_05_DAL_NYJ,DAL,NYJ,0,-105.0,1.5,1-2-1,0,2,0,15,1,1,1,1,1,48.5,59.0,1,0.3,0.2,31.0,28.0,0.422,0.333,0.111,0.109,31,22
2025,5,2025_05_DEN_PHI,DEN,PHI,0,180.0,3.5,2-2-0,0,3,0,4,1,1,1,1,1,44.5,38.0,0,0.6,1.0,13.4,20.2,0.462,0.377,0.094,0.019,1,8
2025,5,2025_05_DET_CIN,CIN,DET,1,425.0,10.5,2-2-0,0,0,0,-13,0,0,0,0,0,49.5,61.0,1,0.6,0.8,27.2,19.4,0.365,0.415,0.164,0.07,30,17
2025,5,2025_05_HOU_BAL,BAL,HOU,1,124.0,2.5,1-3-0,0,2,0,-34,0,0,0,0,0,41.5,54.0,1,0.4,0.4,28.6,13.0,0.431,0.317,0.071,0.113,32,4
2025,5,2025_05_KC_JAX,JAX,KC,1,164.0,3.5,3-1-0,1,3,1,3,1,1,1,1,1,45.5,59.0,1,0.6,0.4,19.6,22.8,0.353,0.354,0.085,0.022,10,11
2025,5,2025_05_LV_IND,LV,IND,0,285.0,7.0,1-3-0,0,1,0,-34,0,0,1,0,0,46.5,46.0,0,0.2,0.8,26.6,21.2,0.339,0.381,0.164,0.058,15,23
2025,5,2025_05_MIA_CAR,CAR,MIA,1,100.0,1.5,1-3-0,0,4,0,3,1,1,1,1,1,44.5,51.0,1,0.4,0.2,26.6,30.0,0.418,0.441,0.096,0.196,19,25
2025,5,2025_05_MIN_CLE,CLE,MIN,1,164.0,3.5,1-3-0,0,1,0,-4,0,0,1,0,1,35.5,38.0,1,0.2,0.4,27.4,22.2,0.37,0.29,0.172,0.103,13,5
2025,5,2025_05_NE_BUF,NE,BUF,0,310.0,7.5,2-2-0,0,1,0,3,1,1,1,1,1,49.5,43.0,0,0.6,0.8,19.4,22.6,0.4,0.415,0.137,0.019,21,18
2025,5,2025_05_NYG_NO,NYG,NO,0,100.0,1.5,1-3-0,0,2,0,-12,0,0,1,0,0,41.5,40.0,0,0.2,0.0,24.2,29.6,0.319,0.333,0.08,0.058,28,26
2025,5,2025_05_SF_LA,SF,LA,0,340.0,8.5,3-1-0,1,2,0,3,1,1,1,1,1,43.5,49.0,1,0.6,0.6,24.4,22.2,0.462,0.393,0.2,0.094,7,9
2025,5,2025_05_TB_SEA,TB,SEA,0,150.0,3.5,3-1-0,1,2,0,3,1,1,1,1,1,44.5,73.0,1,0.8,0.8,23.2,18.4,0.429,0.421,0.054,0.093,14,6
2025,5,2025_05_TEN_ARI,TEN,ARI,0,330.0,7.5,0-4-0,0,0,0,1,1,1,1,1,1,41.5,43.0,1,0.0,0.6,28.6,19.6,0.29,0.381,0.111,0.075,27,12
2025,5,2025_05_WAS_LAC,WAS,LAC,0,130.0,2.5,2-2-0,0,1,0,17,1,1,1,1,1,47.5,37.0,0,0.6,0.8,22.0,18.2,0.362,0.448,0.038,0.077,20,2
2025,6,2025_06_ARI_IND,ARI,IND,0,360.0,8.5,2-3-0,0,1,0,-4,0,1,1,0,1,46.5,58.0,1,0.4,0.8,19.2,17.8,0.397,0.466,0.111,0.064,7,10
2025,6,2025_06_BUF_ATL,ATL,BUF,1,170.0,3.5,2-2-0,0,2,0,10,1,1,1,1,1,49.5,38.0,0,0.4,0.8,26.0,22.6,0.464,0.441,0.113,0.075,4,14
2025,6,2025_06_CHI_WAS,CHI,WAS,0,210.0,5.5,2-2-0,0,1,0,1,1,1,1,1,1,49.5,49.0,0,0.6,0.6,27.8,20.2,0.464,0.327,0.098,0.06,29,13
2025,6,2025_06_CIN_GB,CIN,GB,0,650.0,14.0,2-3-0,0,0,0,-9,0,1,0,0,0,44.5,45.0,1,0.4,0.5,31.2,21.6,0.361,0.5,0.196,0.073,30,15
2025,6,2025_06_CLE_PIT,CLE,PIT,0,225.0,5.5,1-4-0,0,1,0,-14,0,0,0,0,0,37.5,32.0,0,0.2,0.6,24.6,23.4,0.342,0.375,0.138,0.054,16,26
2025,6,2025_06_DAL_CAR,CAR,DAL,1,145.0,3.0,2-3-0,0,2,0,3,1,1,1,1,1,47.5,57.0,1,0.4,0.5,23.8,30.8,0.394,0.433,0.135,0.109,18,31
2025,6,2025_06_DEN_NYJ,NYJ,DEN,1,310.0,7.5,0-5-0,0,0,0,-2,0,1,1,1,1,43.5,24.0,0,0.0,0.6,31.4,16.8,0.344,0.373,0.109,0.089,25,1
2025,6,2025_06_DET_KC,DET,KC,0,120.0,2.5,4-1-0,1,1,0,-13,0,0,1,0,0,51.5,47.0,0,0.8,0.4,22.4,21.4,0.393,0.415,0.052,0.043,19,11
2025,6,2025_06_LAC_MIA,MIA,LAC,1,170.0,3.5,1-4-0,0,2,0,-2,0,1,1,1,1,45.5,56.0,1,0.2,0.6,29.0,19.6,0.467,0.464,0.114,0.118,27,3
2025,6,2025_06_LA_BAL,BAL,LA,1,280.0,7.0,1-4-0,0,1,0,-14,0,0,1,0,0,43.5,20.0,0,0.2,0.6,35.4,21.4,0.404,0.404,0.13,0.113,32,8
2025,6,2025_06_NE_NO,NO,NE,1,160.0,3.5,1-4-0,0,1,0,-6,0,0,1,0,1,46.5,44.0,0,0.2,0.6,27.0,20.2,0.382,0.404,0.056,0.137,24,17
2025,6,2025_06_PHI_NYG,NYG,PHI,1,310.0,7.0,1-4-0,0,0,0,17,1,1,1,1,1,40.5,51.0,1,0.2,0.8,25.4,21.8,0.323,0.379,0.157,0.018,23,6
2025,6,2025_06_SEA_JAX,JAX,SEA,1,-105.0,1.5,4-1-0,1,3,1,-8,0,0,1,0,0,47.5,32.0,0,0.8,0.6,20.0,21.0,0.381,0.436,0.107,0.13,20,12
2025,6,2025_06_SF_TB,SF,TB,0,160.0,3.5,4-1-0,1,3,1,-11,0,0,1,0,0,46.5,49.0,1,0.8,0.8,19.6,26.4,0.457,0.415,0.148,0.036,9,21
2025,6,2025_06_TEN_LV,TEN,LV,0,154.0,3.5,1-4-0,0,1,0,-10,0,0,0,0,0,41.5,30.0,0,0.2,0.2,28.2,27.8,0.29,0.403,0.14,0.185,28,22
2025,7,2025_07_ATL_SF,ATL,SF,0,-105.0,1.5,3-2-0,1,3,1,-10,0,0,1,0,0,46.5,30.0,0,0.6,0.6,20.0,23.0,0.418,0.444,0.093,0.151,3,14
2025,7,2025_07_CAR_NYJ,CAR,NYJ,0,-108.0,1.5,3-3-0,0,5,0,7,1,1,1,1,1,39.5,19.0,0,0.6,0.0,24.0,27.2,0.356,0.258,0.098,0.107,19,22
2025,7,2025_07_GB_ARI,ARI,GB,1,310.0,7.0,2-4-0,0,0,0,-4,0,1,1,0,1,44.5,50.0,1,0.2,0.7,22.8,20.4,0.435,0.523,0.127,0.059,18,12
2025,7,2025_07_HOU_SEA,HOU,SEA,0,140.0,3.0,2-3-0,0,2,0,-8,0,0,0,0,0,41.5,46.0,1,0.4,0.8,12.2,20.0,0.35,0.386,0.096,0.089,2,8
2025,7,2025_07_IND_LAC,IND,LAC,0,114.0,2.5,5-1-0,1,3,1,14,1,1,1,1,1,48.5,62.0,1,0.8,0.6,21.6,20.8,0.471,0.437,0.08,0.132,11,6
2025,7,2025_07_LA_JAX,JAX,LA,1,140.0,3.0,4-2-0,1,1,0,-28,0,0,0,0,0,44.5,42.0,0,0.6,0.6,22.0,20.2,0.343,0.37,0.086,0.111,13,4
2025,7,2025_07_LV_KC,LV,KC,0,625.0,13.5,2-4-0,0,0,0,-31,0,0,0,0,0,44.5,31.0,0,0.2,0.6,27.2,19.4,0.418,0.426,0.189,0.042,21,7
2025,7,2025_07_MIA_CLE,MIA,CLE,0,124.0,2.5,1-5-0,0,2,0,-25,0,0,0,0,0,34.5,37.0,1,0.2,0.2,28.2,25.8,0.459,0.299,0.104,0.105,28,16
2025,7,2025_07_NE_TEN,TEN,NE,1,235.0,6.5,1-5-0,0,0,0,-18,0,0,1,0,0,40.5,44.0,1,0.2,0.8,28.2,20.0,0.309,0.446,0.17,0.122,27,10
2025,7,2025_07_NO_CHI,NO,CHI,0,185.0,4.5,1-5-0,0,2,0,-12,0,0,0,0,0,43.5,40.0,0,0.2,0.6,28.0,28.2,0.381,0.431,0.075,0.068,26,29
2025,7,2025_07_NYG_DEN,NYG,DEN,0,330.0,7.5,2-4-0,0,1,0,-1,0,1,1,1,1,39.5,65.0,1,0.4,0.6,24.6,16.6,0.431,0.358,0.154,0.056,25,1
2025,7,2025_07_PHI_MIN,MIN,PHI,1,124.0,2.5,3-2-0,1,3,1,-6,0,0,0,0,1,43.5,50.0,1,0.6,0.6,19.4,24.6,0.31,0.29,0.136,0.053,5,15
2025,7,2025_07_PIT_CIN,CIN,PIT,1,200.0,5.5,2-4-0,0,0,0,2,1,1,1,1,1,45.5,64.0,1,0.2,0.8,33.4,21.4,0.339,0.386,0.2,0.056,31,20
2025,7,2025_07_TB_DET,TB,DET,0,225.0,6.0,5-1-0,1,0,0,-15,0,0,0,0,0,54.5,33.0,0,0.8,0.8,26.2,23.0,0.39,0.421,0.035,0.035,24,23
2025,7,2025_07_WAS_DAL,WAS,DAL,0,105.0,1.5,3-3-0,0,2,0,-22,0,0,1,0,0,54.5,66.0,1,0.4,0.5,24.0,32.0,0.327,0.393,0.118,0.089,9,30
2025,8,2025_08_BUF_CAR,CAR,BUF,1,310.0,7.0,4-3-0,1,3,1,-31,0,0,0,0,0,47.5,49.0,1,0.8,0.6,19.8,19.4,0.344,0.396,0.058,0.115,9,15
2025,8,2025_08_CHI_BAL,CHI,BAL,0,124.0,2.5,4-2-0,1,5,1,-14,0,0,1,0,0,45.5,46.0,1,0.8,0.2,25.6,30.6,0.431,0.379,0.071,0.173,27,32
2025,8,2025_08_CLE_NE,CLE,NE,0,300.0,7.0,2-5-0,0,2,0,-19,0,0,1,0,0,40.5,45.0,1,0.4,0.8,18.8,17.2,0.286,0.411,0.07,0.122,8,10
2025,8,2025_08_DAL_DEN,DAL,DEN,0,160.0,3.5,3-3-1,0,1,0,-20,0,0,1,0,0,51.5,68.0,1,0.5,0.8,29.0,17.2,0.407,0.338,0.073,0.034,30,1
2025,8,2025_08_GB_PIT,PIT,GB,1,130.0,3.0,4-2-0,1,1,0,-10,0,0,1,0,0,46.5,60.0,1,0.6,0.7,21.6,22.4,0.439,0.508,0.094,0.058,22,14
2025,8,2025_08_MIA_ATL,MIA,ATL,0,280.0,7.0,1-6-0,0,0,0,24,1,1,1,1,1,44.5,44.0,0,0.2,0.6,27.8,19.4,0.391,0.429,0.137,0.113,26,5
2025,8,2025_08_MIN_LAC,MIN,LAC,0,142.0,3.0,3-3-0,0,2,0,-27,0,0,0,0,0,45.5,47.0,1,0.4,0.4,20.2,26.6,0.361,0.461,0.161,0.16,6,12
2025,8,2025_08_NYG_PHI,NYG,PHI,0,300.0,7.0,2-5-0,0,2,0,-18,0,0,0,0,0,43.5,58.0,1,0.4,0.6,23.2,25.6,0.424,0.276,0.154,0.053,29,13
2025,8,2025_08_NYJ_CIN,NYJ,CIN,0,210.0,5.5,0-7-0,0,3,0,1,1,1,1,1,1,43.5,77.0,1,0.0,0.2,23.8,34.2,0.348,0.355,0.123,0.148,17,31
2025,8,2025_08_SF_HOU,SF,HOU,0,130.0,2.5,5-2-0,1,2,0,-11,0,0,0,0,0,41.5,41.0,0,0.6,0.4,20.8,14.8,0.458,0.318,0.157,0.07,11,3
2025,8,2025_08_TB_NO,NO,TB,1,180.0,4.5,1-6-0,0,2,0,-20,0,0,0,0,0,46.5,26.0,0,0.2,0.6,28.0,27.2,0.371,0.344,0.132,0.066,23,24
2025,8,2025_08_TEN_IND,TEN,IND,0,950.0,15.5,1-6-0,0,0,0,-24,0,0,0,0,0,47.5,52.0,1,0.2,0.8,27.8,20.8,0.286,0.469,0.192,0.082,28,19
2025,8,2025_08_WAS_KC,WAS,KC,0,500.0,10.5,3-4-0,0,0,0,-21,0,0,0,0,0,48.5,35.0,0,0.4,0.8,27.4,15.4,0.367,0.484,0.151,0.021,20,4
2025,9,2025_09_ARI_DAL,ARI,DAL,0,145.0,3.5,2-5-0,0,3,0,10,1,1,1,1,1,53.5,44.0,0,0.0,0.5,23.8,31.6,0.459,0.424,0.13,0.036,16,31
2025,9,2025_09_ATL_NE,ATL,NE,0,205.0,5.5,3-4-0,0,2,0,-1,0,1,0,1,1,45.5,47.0,1,0.4,1.0,25.0,15.6,0.39,0.37,0.113,0.057,6,8
2025,9,2025_09_BAL_MIA,MIA,BAL,1,350.0,7.5,2-6-0,0,4,0,-22,0,0,1,0,0,51.5,34.0,0,0.4,0.2,23.6,30.4,0.339,0.411,0.115,0.188,21,30
2025,9,2025_09_CAR_GB,CAR,GB,0,650.0,12.5,4-4-0,0,0,0,3,1,1,1,1,1,43.5,29.0,0,0.6,0.7,27.8,23.8,0.361,0.508,0.113,0.058,15,14
2025,9,2025_09_CHI_CIN,CIN,CHI,1,136.0,3.0,3-5-0,0,0,0,-5,0,0,1,0,1,51.5,89.0,1,0.2,0.8,32.4,21.2,0.383,0.415,0.059,0.058,32,27
2025,9,2025_09_DEN_HOU,DEN,HOU,0,105.0,1.5,6-2-0,1,4,1,3,1,1,1,1,1,40.5,33.0,0,1.0,0.6,17.4,13.8,0.409,0.384,0.052,0.089,1,4
2025,9,2025_09_IND_PIT,PIT,IND,1,154.0,3.5,4-3-0,1,1,0,7,1,1,1,1,1,51.5,47.0,0,0.6,0.8,22.4,19.6,0.404,0.48,0.078,0.08,26,19
2025,9,2025_09_JAX_LV,LV,JAX,1,110.0,2.5,2-5-0,0,1,0,-1,0,1,1,1,1,43.5,59.0,1,0.2,0.6,29.4,22.8,0.339,0.29,0.151,0.053,25,22
2025,9,2025_09_KC_BUF,BUF,KC,1,114.0,2.5,5-2-0,1,0,0,7,1,1,1,1,1,53.5,49.0,0,0.6,0.8,19.2,15.0,0.451,0.458,0.118,0.064,11,3
2025,9,2025_09_LAC_TEN,TEN,LAC,1,470.0,10.0,1-7-0,0,0,0,-7,0,1,1,0,push,44.5,47.0,1,0.2,0.4,27.2,24.6,0.297,0.5,0.185,0.17,28,5
2025,9,2025_09_MIN_DET,MIN,DET,0,410.0,9.5,3-4-0,0,1,0,3,1,1,1,1,1,47.5,51.0,1,0.4,0.8,23.2,20.6,0.344,0.383,0.125,0.069,12,17
2025,9,2025_09_NO_LA,NO,LA,0,750.0,14.0,1-7-0,0,1,0,-24,0,0,0,0,0,44.5,44.0,0,0.2,0.6,23.8,17.8,0.413,0.327,0.192,0.091,20,2
2025,9,2025_09_SEA_WAS,WAS,SEA,1,124.0,2.5,3-5-0,0,1,0,-24,0,0,0,0,0,47.5,52.0,1,0.2,0.8,28.2,20.4,0.392,0.316,0.184,0.119,24,7
2025,9,2025_09_SF_NYG,NYG,SF,1,124.0,2.5,2-6-0,0,1,0,-10,0,0,1,0,0,47.5,58.0,1,0.4,0.4,26.4,23.0,0.471,0.479,0.115,0.16,29,13
2025,10,2025_10_ARI_SEA,ARI,SEA,0,270.0,7.0,3-5-0,0,1,0,-22,0,0,0,0,0,44.5,66.0,1,0.2,0.8,24.0,20.6,0.5,0.373,0.13,0.123,16,6
2025,10,2025_10_ATL_IND,ATL,IND,0,250.0,6.5,3-5-0,0,2,0,-6,0,1,1,0,1,48.5,56.0,1,0.4,0.8,23.8,19.6,0.339,0.5,0.058,0.122,8,18
2025,10,2025_10_BAL_MIN,MIN,BAL,1,190.0,4.5,4-4-0,0,2,0,-8,0,0,1,0,0,48.5,46.0,0,0.4,0.4,26.0,24.0,0.344,0.379,0.148,0.163,12,28
2025,10,2025_10_BUF_MIA,MIA,BUF,1,350.0,8.5,2-7-0,0,0,0,17,1,1,1,1,1,50.5,43.0,0,0.2,0.6,25.0,19.2,0.306,0.462,0.167,0.115,21,10
2025,10,2025_10_CLE_NYJ,NYJ,CLE,1,110.0,1.5,1-7-0,0,1,0,7,1,1,1,1,1,37.5,47.0,1,0.2,0.2,25.6,23.2,0.386,0.265,0.089,0.085,20,7
2025,10,2025_10_DET_WAS,WAS,DET,1,350.0,8.5,3-6-0,0,1,0,-22,0,0,0,0,0,49.5,66.0,1,0.2,0.6,29.0,20.0,0.446,0.333,0.18,0.086,26,17
2025,10,2025_10_JAX_HOU,HOU,JAX,1,-105.0,1.5,3-5-0,0,4,0,7,1,1,1,1,1,37.5,65.0,1,0.6,0.6,14.0,26.6,0.36,0.357,0.034,0.057,3,22
2025,10,2025_10_LA_SF,SF,LA,1,210.0,5.5,6-3-0,1,1,0,-16,0,0,0,0,0,49.5,68.0,1,0.6,0.8,22.6,13.2,0.464,0.375,0.1,0.074,15,2
2025,10,2025_10_LV_DEN,LV,DEN,0,380.0,9.5,2-6-0,0,1,0,-3,0,1,1,push,1,42.5,17.0,0,0.2,1.0,27.2,19.8,0.442,0.373,0.18,0.049,24,1
2025,10,2025_10_NE_TB,NE,TB,0,124.0,2.5,7-2-0,1,4,1,5,1,1,1,1,1,48.5,51.0,1,1.0,0.6,17.6,22.4,0.439,0.328,0.094,0.083,11,19
2025,10,2025_10_NO_CAR,NO,CAR,0,200.0,5.5,1-8-0,0,1,0,10,1,1,1,1,1,38.5,24.0,0,0.2,0.8,24.4,22.0,0.39,0.368,0.216,0.143,23,14
2025,10,2025_10_NYG_CHI,NYG,CHI,0,180.0,4.5,2-7-0,0,1,0,-4,0,1,1,0,1,45.5,44.0,0,0.2,0.8,29.6,26.8,0.462,0.409,0.118,0.056,30,27
2025,10,2025_10_PIT_LAC,PIT,LAC,0,136.0,3.0,5-3-0,1,2,0,-15,0,0,1,0,0,45.5,35.0,0,0.6,0.6,23.6,24.4,0.382,0.534,0.074,0.149,25,4
2025,11,2025_11_BAL_CLE,CLE,BAL,1,340.0,7.5,2-7-0,0,2,0,-7,0,1,1,0,push,37.5,39.0,1,0.2,0.6,21.8,20.4,0.3,0.397,0.035,0.115,5,27
2025,11,2025_11_CAR_ATL,CAR,ATL,0,180.0,4.5,5-5-0,0,4,0,3,1,1,1,1,1,42.5,57.0,1,0.6,0.2,20.6,24.6,0.345,0.25,0.146,0.055,11,14
2025,11,2025_11_CHI_MIN,CHI,MIN,0,124.0,3.0,6-3-0,1,4,1,2,1,1,1,1,1,47.5,36.0,0,0.8,0.4,26.0,26.6,0.377,0.328,0.036,0.14,26,10
2025,11,2025_11_CIN_PIT,CIN,PIT,0,205.0,5.5,3-6-0,0,1,0,-22,0,0,0,0,0,48.5,46.0,0,0.2,0.4,36.2,24.4,0.441,0.339,0.111,0.109,32,24
2025,11,2025_11_DAL_LV,LV,DAL,1,164.0,3.5,2-7-0,0,2,0,-17,0,0,1,0,0,48.5,49.0,1,0.2,0.4,24.2,29.0,0.424,0.433,0.115,0.091,22,31
2025,11,2025_11_DET_PHI,DET,PHI,0,130.0,2.5,6-3-0,1,1,0,-7,0,0,0,0,push,46.5,25.0,0,0.6,0.6,22.4,20.8,0.339,0.278,0.075,0.059,15,7
2025,11,2025_11_GB_NYG,NYG,GB,1,340.0,7.5,2-8-0,0,2,0,-7,0,1,1,0,push,41.5,47.0,1,0.2,0.6,29.2,18.4,0.464,0.424,0.038,0.102,30,8
2025,11,2025_11_HOU_TEN,TEN,HOU,1,215.0,5.5,1-8-0,0,0,0,-3,0,1,1,push,1,37.5,29.0,0,0.2,0.6,27.4,19.8,0.29,0.413,0.164,0.049,28,3
2025,11,2025_11_KC_DEN,DEN,KC,1,180.0,3.5,8-2-0,1,3,1,3,1,1,1,1,1,44.5,41.0,0,1.0,0.6,17.8,16.6,0.379,0.439,0.079,0.085,1,6
2025,11,2025_11_LAC_JAX,JAX,LAC,1,130.0,3.0,5-4-0,1,1,0,29,1,1,1,1,1,43.5,41.0,0,0.4,0.8,29.6,21.0,0.373,0.486,0.094,0.098,25,2
2025,11,2025_11_NYJ_NE,NYJ,NE,0,625.0,12.5,2-7-0,0,1,0,-13,0,0,1,0,0,43.5,41.0,0,0.4,1.0,24.2,18.2,0.361,0.435,0.069,0.091,19,12
2025,11,2025_11_SEA_LA,SEA,LA,0,145.0,3.0,7-2-0,1,0,0,-2,0,1,0,1,1,49.5,40.0,0,0.8,0.8,21.0,14.4,0.393,0.415,0.167,0.058,9,4
2025,11,2025_11_SF_ARI,ARI,SF,1,160.0,3.5,3-6-0,0,3,0,-19,0,0,0,0,0,48.5,63.0,1,0.2,0.4,28.2,26.4,0.493,0.475,0.111,0.146,16,20
2025,11,2025_11_TB_BUF,TB,BUF,0,230.0,6.0,6-3-0,1,2,0,-12,0,0,1,0,0,46.5,76.0,1,0.6,0.4,21.8,21.4,0.361,0.456,0.053,0.154,21,13
2025,11,2025_11_WAS_MIA,WAS,MIA,0,124.0,2.5,3-7-0,0,2,0,-3,0,0,1,push,1,47.5,29.0,0,0.0,0.4,35.8,22.2,0.424,0.293,0.157,0.2,29,23
2025,12,2025_12_ATL_NO,ATL,NO,0,102.0,1.5,3-7-0,0,2,0,14,1,1,1,1,1,41.5,34.0,0,0.0,0.2,27.8,23.0,0.235,0.393,0.054,0.224,15,18
2025,12,2025_12_BUF_HOU,HOU,BUF,1,210.0,5.5,5-5-0,0,3,0,4,1,1,1,1,1,43.5,42.0,0,0.6,0.6,20.4,23.2,0.368,0.458,0.048,0.132,2,14
2025,12,2025_12_CAR_SF,CAR,SF,0,310.0,7.5,6-5-0,1,2,0,-11,0,0,0,0,0,48.5,29.0,0,0.6,0.6,20.6,24.8,0.344,0.462,0.118,0.1,13,25
2025,12,2025_12_CLE_LV,CLE,LV,0,136.0,3.0,2-8-0,0,3,0,14,1,1,1,1,1,35.5,34.0,0,0.2,0.2,22.2,22.8,0.29,0.351,0.052,0.093,5,23
2025,12,2025_12_IND_KC,IND,KC,0,180.0,3.5,8-2-0,1,1,0,-3,0,1,1,push,1,50.5,43.0,0,0.8,0.6,23.4,14.8,0.37,0.41,0.151,0.085,17,4
2025,12,2025_12_JAX_ARI,ARI,JAX,1,114.0,2.5,3-7-0,0,1,0,-3,0,0,1,push,1,47.5,51.0,1,0.2,0.4,32.0,25.2,0.493,0.368,0.135,0.075,21,19
2025,12,2025_12_MIN_GB,MIN,GB,0,235.0,6.5,4-6-0,0,1,0,-17,0,0,1,0,0,41.5,29.0,0,0.2,0.6,27.0,18.8,0.317,0.458,0.138,0.083,8,9
2025,12,2025_12_NE_CIN,CIN,NE,1,310.0,7.5,3-7-0,0,1,0,-6,0,1,1,0,1,50.5,46.0,0,0.2,1.0,35.6,17.2,0.46,0.443,0.096,0.089,32,11
2025,12,2025_12_NYG_DET,NYG,DET,0,675.0,14.0,2-9-0,0,1,0,-7,0,1,1,0,push,50.5,61.0,1,0.0,0.4,31.2,20.8,0.418,0.328,0.077,0.074,30,12
2025,12,2025_12_NYJ_BAL,NYJ,BAL,0,675.0,14.0,2-8-0,0,2,0,-13,0,1,1,0,0,44.5,33.0,0,0.4,0.8,22.2,14.8,0.386,0.397,0.073,0.093,20,24
2025,12,2025_12_PHI_DAL,DAL,PHI,1,136.0,3.0,4-5-1,0,1,0,3,1,1,1,1,1,47.5,45.0,0,0.4,0.8,27.8,18.4,0.421,0.293,0.113,0.058,31,6
2025,12,2025_12_PIT_CHI,PIT,CHI,0,130.0,3.0,6-4-0,1,1,0,-3,0,push,1,push,1,46.5,59.0,1,0.4,0.8,25.0,24.6,0.375,0.391,0.107,0.035,22,27
2025,12,2025_12_SEA_TEN,TEN,SEA,1,625.0,12.5,1-9-0,0,1,0,-6,0,1,1,0,1,41.5,54.0,1,0.0,0.8,26.4,17.6,0.306,0.365,0.132,0.194,29,10
2025,12,2025_12_TB_LA,TB,LA,0,295.0,7.0,6-4-0,1,0,0,-27,0,0,0,0,0,49.5,41.0,0,0.4,1.0,23.6,13.0,0.364,0.37,0.083,0.037,26,3
2025,13,2025_13_ARI_TB,ARI,TB,0,164.0,4.5,3-8-0,0,3,0,-3,0,1,0,push,1,44.5,37.0,0,0.2,0.2,31.2,26.6,0.425,0.373,0.109,0.117,23,26
2025,13,2025_13_ATL_NYJ,NYJ,ATL,1,140.0,3.0,2-9-0,0,3,0,3,1,1,1,1,1,38.5,51.0,1,0.4,0.2,24.2,25.8,0.439,0.192,0.113,0.051,18,12
2025,13,2025_13_BUF_PIT,PIT,BUF,1,140.0,3.0,6-5-0,1,1,0,-19,0,0,1,0,0,44.5,33.0,0,0.4,0.6,24.6,23.0,0.367,0.455,0.105,0.148,25,14
2025,13,2025_13_CHI_PHI,CHI,PHI,0,270.0,7.0,8-3-0,1,1,0,9,1,1,1,1,1,43.5,39.0,0,0.8,0.8,27.4,16.4,0.443,0.344,0.053,0.038,27,8
2025,13,2025_13_CIN_BAL,CIN,BAL,0,295.0,7.0,3-8-0,0,1,0,18,1,1,1,1,1,52.5,46.0,0,0.2,1.0,35.4,13.4,0.426,0.355,0.111,0.036,32,21
2025,13,2025_13_DEN_WAS,WAS,DEN,1,250.0,6.5,3-8-0,0,1,0,-1,0,1,1,1,1,43.5,53.0,1,0.0,1.0,34.0,19.4,0.438,0.409,0.125,0.066,29,1
2025,13,2025_13_GB_DET,GB,DET,0,130.0,2.5,7-3-1,1,4,1,7,1,1,1,1,1,48.5,55.0,1,0.6,0.6,15.4,20.2,0.492,0.323,0.082,0.085,6,15
2025,13,2025_13_HOU_IND,HOU,IND,0,142.0,3.0,6-5-0,1,5,1,4,1,1,1,1,1,44.5,36.0,0,0.8,0.6,18.8,22.6,0.384,0.356,0.033,0.13,2,16
2025,13,2025_13_JAX_TEN,TEN,JAX,1,220.0,6.0,1-10-0,0,1,0,-22,0,0,1,0,0,42.5,28.0,0,0.0,0.6,28.4,26.0,0.333,0.381,0.077,0.145,28,22
2025,13,2025_13_KC_DAL,DAL,KC,1,154.0,3.5,5-5-1,0,1,0,3,1,1,1,1,1,53.5,59.0,1,0.6,0.6,26.0,15.4,0.421,0.418,0.143,0.122,31,4
2025,13,2025_13_LA_CAR,CAR,LA,1,425.0,10.0,6-6-0,0,0,0,3,1,1,1,1,1,44.5,59.0,1,0.4,1.0,23.4,13.8,0.333,0.37,0.163,0.019,13,3
2025,13,2025_13_LV_LAC,LV,LAC,0,440.0,10.0,2-9-0,0,1,0,-17,0,0,0,0,0,40.5,45.0,1,0.0,0.6,25.6,22.6,0.295,0.465,0.086,0.1,24,7
2025,13,2025_13_MIN_SEA,MIN,SEA,0,600.0,12.5,4-7-0,0,2,0,-26,0,0,0,0,0,42.5,26.0,0,0.2,0.8,26.0,20.0,0.263,0.414,0.14,0.2,9,11
2025,13,2025_13_NO_MIA,NO,MIA,0,205.0,5.5,2-9-0,0,2,0,-4,0,1,0,0,1,41.5,38.0,0,0.2,0.6,22.8,19.0,0.382,0.268,0.235,0.151,17,19
2025,13,2025_13_NYG_NE,NYG,NE,0,295.0,7.0,2-10-0,0,2,0,-18,0,0,0,0,0,46.5,48.0,1,0.0,1.0,31.4,18.6,0.441,0.435,0.077,0.105,30,10
2025,13,2025_13_SF_CLE,CLE,SF,1,205.0,5.5,3-8-0,0,3,0,-18,0,0,1,0,0,35.5,34.0,0,0.4,0.6,19.6,24.6,0.266,0.44,0.078,0.137,5,20
2025,14,2025_14_CHI_GB,CHI,GB,0,245.0,6.5,9-3-0,1,2,0,-7,0,0,0,0,push,44.5,49.0,1,1.0,0.6,24.4,15.2,0.473,0.508,0.05,0.087,26,7
2025,14,2025_14_CIN_BUF,CIN,BUF,0,230.0,6.0,4-8-0,0,1,0,-5,0,1,1,0,1,54.5,73.0,1,0.2,0.6,32.0,22.6,0.409,0.449,0.125,0.189,32,12
2025,14,2025_14_DAL_DET,DAL,DET,0,160.0,3.5,6-5-1,1,2,0,-14,0,0,0,0,0,55.5,74.0,1,0.6,0.4,27.2,24.6,0.443,0.4,0.17,0.056,31,19
2025,14,2025_14_DEN_LV,LV,DEN,1,360.0,8.5,2-10-0,0,0,0,-7,0,1,0,0,push,40.5,41.0,1,0.0,1.0,25.6,18.2,0.323,0.441,0.086,0.086,25,1
2025,14,2025_14_HOU_KC,HOU,KC,0,180.0,4.5,7-5-0,1,4,1,10,1,1,1,1,1,41.5,30.0,0,0.8,0.4,19.0,21.6,0.357,0.369,0.033,0.122,2,6
2025,14,2025_14_IND_JAX,JAX,IND,1,114.0,2.5,8-4-0,1,4,1,17,1,1,1,1,1,44.5,55.0,1,0.8,0.4,19.6,21.8,0.393,0.328,0.143,0.13,15,18
2025,14,2025_14_LA_ARI,ARI,LA,1,380.0,9.5,3-9-0,0,0,0,-28,0,0,1,0,0,49.5,62.0,1,0.2,0.8,29.8,18.6,0.403,0.408,0.125,0.078,22,3
2025,14,2025_14_MIA_NYJ,NYJ,MIA,1,124.0,2.5,3-9-0,0,2,0,-24,0,0,0,0,0,41.5,44.0,1,0.6,0.8,26.4,16.2,0.433,0.327,0.073,0.111,23,20
2025,14,2025_14_NO_TB,NO,TB,0,330.0,7.5,2-10-0,0,2,0,4,1,1,1,1,1,41.5,44.0,1,0.2,0.4,21.8,25.2,0.386,0.413,0.192,0.089,14,27
2025,14,2025_14_PHI_LAC,LAC,PHI,1,100.0,1.5,8-4-0,1,3,1,3,1,1,1,1,1,41.5,41.0,0,0.8,0.6,17.8,16.8,0.514,0.349,0.077,0.074,4,10
2025,14,2025_14_PIT_BAL,PIT,BAL,0,220.0,5.5,6-6-0,0,1,0,5,1,1,1,1,1,43.5,49.0,1,0.4,0.8,22.8,16.6,0.407,0.339,0.125,0.117,24,21
2025,14,2025_14_SEA_ATL,ATL,SEA,1,280.0,7.0,4-8-0,0,1,0,-28,0,0,1,0,0,44.5,46.0,1,0.2,0.8,24.4,16.2,0.226,0.475,0.034,0.161,13,8
2025,14,2025_14_TEN_CLE,TEN,CLE,0,170.0,4.5,1-11-0,0,2,0,2,1,1,1,1,1,33.5,60.0,1,0.0,0.2,27.2,23.6,0.309,0.25,0.057,0.098,28,5
2025,14,2025_14_WAS_MIN,MIN,WAS,1,-105.0,1.5,4-8-0,0,3,0,31,1,1,1,1,1,43.5,31.0,0,0.2,0.0,23.8,30.6,0.25,0.446,0.217,0.109,9,29
2025,15,2025_15_ARI_HOU,ARI,HOU,0,455.0,10.5,3-10-0,0,0,0,-20,0,0,0,0,0,42.5,60.0,1,0.0,1.0,35.4,17.4,0.364,0.423,0.14,0.034,25,2
2025,15,2025_15_ATL_TB,ATL,TB,0,225.0,6.0,4-9-0,0,3,0,1,1,1,1,1,1,43.5,57.0,1,0.2,0.2,27.0,29.4,0.214,0.413,0.083,0.089,15,26
2025,15,2025_15_BAL_CIN,CIN,BAL,1,136.0,2.5,4-9-0,0,1,0,-24,0,0,0,0,0,51.5,24.0,0,0.2,0.6,32.0,20.8,0.478,0.343,0.164,0.136,32,21
2025,15,2025_15_BUF_NE,NE,BUF,1,120.0,2.5,11-2-0,1,5,1,-4,0,0,1,0,1,49.5,66.0,1,1.0,0.6,19.0,25.2,0.469,0.441,0.073,0.208,11,14
2025,15,2025_15_CAR_NO,NO,CAR,1,124.0,2.5,3-10-0,0,2,0,3,1,1,1,1,1,41.5,37.0,0,0.4,0.6,21.2,21.0,0.369,0.362,0.135,0.106,12,17
2025,15,2025_15_CLE_CHI,CLE,CHI,0,295.0,7.5,3-10-0,0,1,0,-28,0,0,0,0,0,38.5,34.0,0,0.2,0.8,23.4,21.6,0.299,0.467,0.094,0.07,9,27
2025,15,2025_15_DET_LA,DET,LA,0,200.0,5.5,8-5-0,1,2,0,-7,0,0,1,0,push,54.5,75.0,1,0.6,0.8,25.2,20.0,0.429,0.372,0.036,0.077,19,3
2025,15,2025_15_GB_DEN,DEN,GB,1,102.0,1.5,11-2-0,1,2,0,8,1,1,1,1,1,42.5,60.0,1,1.0,0.8,16.8,16.2,0.444,0.532,0.074,0.064,1,8
2025,15,2025_15_IND_SEA,IND,SEA,0,650.0,13.5,8-5-0,1,0,0,-2,0,1,1,1,1,41.5,34.0,0,0.2,0.8,26.2,15.2,0.367,0.443,0.182,0.158,20,5
2025,15,2025_15_LAC_KC,LAC,KC,0,210.0,5.5,9-4-0,1,5,1,3,1,1,1,1,1,41.5,29.0,0,0.8,0.2,19.6,24.2,0.449,0.348,0.088,0.132,6,7
2025,15,2025_15_LV_PHI,LV,PHI,0,650.0,12.5,2-11-0,0,1,0,-31,0,0,0,0,0,37.5,31.0,0,0.0,0.4,24.4,17.2,0.262,0.353,0.07,0.153,24,10
2025,15,2025_15_MIA_PIT,MIA,PIT,0,145.0,3.0,6-7-0,0,4,0,-13,0,0,1,0,0,42.5,43.0,1,0.8,0.4,16.2,23.2,0.269,0.426,0.105,0.113,13,22
2025,15,2025_15_MIN_DAL,MIN,DAL,0,215.0,5.5,5-8-0,0,2,0,8,1,1,1,1,1,47.5,60.0,1,0.2,0.6,19.0,27.2,0.291,0.446,0.214,0.189,4,31
2025,15,2025_15_NYJ_JAX,NYJ,JAX,0,675.0,13.5,3-10-0,0,1,0,-28,0,0,0,0,0,40.5,68.0,1,0.4,0.8,25.6,17.6,0.359,0.367,0.123,0.136,23,16
2025,15,2025_15_TEN_SF,TEN,SF,0,600.0,12.5,2-11-0,0,1,0,-13,0,0,0,0,0,44.5,61.0,1,0.2,0.8,25.4,21.0,0.3,0.517,0.053,0.113,28,18
2025,15,2025_15_WAS_NYG,WAS,NYG,0,124.0,2.5,3-10-0,0,1,0,8,1,1,1,1,1,46.5,50.0,1,0.0,0.0,31.2,30.4,0.397,0.433,0.133,0.075,29,30
2025,16,2025_16_ATL_ARI,ARI,ATL,1,124.0,2.5,3-11-0,0,1,0,-7,0,0,1,0,push,48.5,45.0,0,0.0,0.4,34.6,26.4,0.371,0.288,0.127,0.088,26,19
2025,16,2025_16_BUF_CLE,CLE,BUF,1,425.0,10.5,3-11-0,0,3,0,-3,0,1,1,push,1,41.5,43.0,1,0.2,0.8,24.2,25.4,0.277,0.493,0.141,0.154,9,16
2025,16,2025_16_CIN_MIA,MIA,CIN,1,170.0,3.5,6-8-0,0,4,0,-24,0,0,1,0,0,48.5,66.0,1,0.8,0.2,16.2,27.4,0.292,0.419,0.071,0.157,18,31
2025,16,2025_16_GB_CHI,GB,CHI,0,-102.0,1.5,9-4-1,1,3,1,-6,0,0,1,0,1,45.5,38.0,0,0.8,0.8,21.0,18.2,0.548,0.481,0.062,0.069,10,22
2025,16,2025_16_JAX_DEN,JAX,DEN,0,145.0,3.5,10-4-0,1,1,0,14,1,1,1,1,1,46.5,54.0,1,1.0,1.0,14.4,19.0,0.379,0.441,0.117,0.075,13,1
2025,16,2025_16_KC_TEN,TEN,KC,1,154.0,3.5,2-12-0,0,1,0,17,1,1,1,1,1,37.5,35.0,0,0.2,0.2,27.4,21.8,0.329,0.391,0.055,0.151,29,7
2025,16,2025_16_LAC_DAL,LAC,DAL,0,102.0,1.5,10-4-0,1,5,1,17,1,1,1,1,1,50.5,51.0,1,0.8,0.6,18.2,28.6,0.418,0.4,0.089,0.132,4,32
2025,16,2025_16_LA_SEA,LA,SEA,0,102.0,1.5,11-3-0,1,1,0,-1,0,1,1,1,1,42.5,75.0,1,0.8,0.8,21.6,14.0,0.302,0.359,0.094,0.109,8,3
2025,16,2025_16_LV_HOU,LV,HOU,0,900.0,14.5,2-12-0,0,0,0,-2,0,1,1,1,1,39.5,44.0,1,0.0,1.0,28.6,15.6,0.259,0.391,0.077,0.018,24,2
2025,16,2025_16_MIN_NYG,NYG,MIN,1,124.0,2.5,2-12-0,0,2,0,-3,0,0,0,push,1,41.5,29.0,0,0.0,0.4,29.4,18.8,0.388,0.3,0.091,0.204,30,5
2025,16,2025_16_NE_BAL,NE,BAL,0,154.0,3.5,11-3-0,1,4,1,4,1,1,1,1,1,48.5,52.0,1,0.8,0.6,21.4,17.0,0.435,0.322,0.056,0.164,12,15
2025,16,2025_16_NYJ_NO,NYJ,NO,0,240.0,6.5,3-11-0,0,0,0,-23,0,0,1,0,0,39.5,35.0,0,0.2,0.6,31.2,17.8,0.412,0.418,0.158,0.096,25,11
2025,16,2025_16_PHI_WAS,WAS,PHI,1,300.0,7.0,4-10-0,0,0,0,-11,0,0,1,0,0,43.5,47.0,1,0.2,0.4,27.8,15.8,0.361,0.415,0.146,0.14,28,6
2025,16,2025_16_PIT_DET,PIT,DET,0,330.0,7.5,8-6-0,1,4,1,5,1,1,1,1,1,52.5,53.0,1,0.6,0.4,21.2,29.0,0.444,0.4,0.08,0.035,21,23
2025,16,2025_16_SF_IND,IND,SF,1,185.0,4.5,8-6-0,1,2,0,-21,0,0,1,0,0,46.5,75.0,1,0.2,0.8,24.4,21.0,0.356,0.532,0.111,0.12,14,20
2025,16,2025_16_TB_CAR,CAR,TB,1,130.0,3.0,7-7-0,0,4,0,3,1,1,1,1,1,44.5,43.0,0,0.4,0.2,22.4,29.6,0.387,0.423,0.104,0.107,17,27
2025,17,2025_17_ARI_CIN,ARI,CIN,0,275.0,7.0,3-12-0,0,2,0,-23,0,0,0,0,0,52.5,51.0,0,0.0,0.4,31.6,24.8,0.393,0.423,0.094,0.113,26,31
2025,17,2025_17_BAL_GB,BAL,GB,0,120.0,2.5,7-8-0,0,1,0,17,1,1,1,1,1,38.5,65.0,1,0.4,0.6,19.4,21.4,0.368,0.524,0.17,0.08,17,10
2025,17,2025_17_CHI_SF,CHI,SF,0,170.0,3.5,11-4-0,1,1,0,-4,0,0,1,0,1,51.5,80.0,1,0.8,1.0,18.0,18.0,0.457,0.569,0.073,0.096,20,18
2025,17,2025_17_DAL_WAS,WAS,DAL,1,380.0,8.5,4-11-0,0,2,0,-7,0,1,0,0,push,50.5,53.0,1,0.2,0.4,24.8,32.2,0.361,0.406,0.163,0.135,30,32
2025,17,2025_17_DEN_KC,KC,DEN,1,700.0,13.5,6-9-0,0,1,0,-7,0,1,1,0,push,37.5,33.0,0,0.2,0.8,22.6,24.4,0.354,0.448,0.132,0.077,7,3
2025,17,2025_17_DET_MIN,MIN,DET,1,285.0,7.0,7-8-0,0,3,0,13,1,1,1,1,1,45.5,33.0,0,0.6,0.4,17.6,31.6,0.373,0.435,0.22,0.018,1,24
2025,17,2025_17_HOU_LAC,HOU,LAC,0,-102.0,1.5,10-5-0,1,4,1,4,1,1,1,1,1,40.5,36.0,0,1.0,0.8,17.2,19.6,0.423,0.466,0.017,0.098,2,4
2025,17,2025_17_JAX_IND,IND,JAX,1,185.0,3.5,8-7-0,1,2,0,-6,0,0,1,0,1,48.5,40.0,0,0.0,1.0,29.0,17.2,0.421,0.397,0.096,0.097,19,14
2025,17,2025_17_LA_ATL,ATL,LA,1,300.0,7.5,6-9-0,0,1,0,3,1,1,1,1,1,48.5,51.0,1,0.6,0.6,24.2,25.4,0.323,0.365,0.132,0.073,13,8
2025,17,2025_17_NE_NYJ,NYJ,NE,1,625.0,12.5,3-12-0,0,0,0,-32,0,0,0,0,0,42.5,52.0,1,0.2,0.8,31.6,21.6,0.319,0.433,0.169,0.077,25,12
2025,17,2025_17_NO_TEN,TEN,NO,1,100.0,1.5,3-12-0,0,1,0,-8,0,0,1,0,0,39.5,60.0,1,0.4,0.6,26.0,17.6,0.361,0.418,0.036,0.111,27,9
2025,17,2025_17_NYG_LV,LV,NYG,1,136.0,3.0,2-13-0,0,3,0,-24,0,0,0,0,0,40.5,44.0,1,0.0,0.0,26.6,27.8,0.3,0.365,0.077,0.096,23,29
2025,17,2025_17_PHI_BUF,PHI,BUF,0,142.0,3.0,10-5-0,1,3,1,1,1,1,1,1,1,45.5,25.0,0,0.4,0.8,17.6,23.0,0.458,0.453,0.148,0.118,5,16
2025,17,2025_17_PIT_CLE,CLE,PIT,1,170.0,4.5,3-12-0,0,1,0,7,1,1,1,1,1,35.5,19.0,0,0.2,0.6,24.2,23.6,0.369,0.439,0.164,0.1,11,21
2025,17,2025_17_SEA_CAR,CAR,SEA,1,245.0,6.5,8-7-0,1,2,0,-17,0,0,0,0,0,42.5,37.0,0,0.6,1.0,23.0,17.2,0.415,0.339,0.064,0.089,15,6
2025,17,2025_17_TB_MIA,MIA,TB,1,205.0,5.5,6-9-0,0,4,0,3,1,1,1,1,1,44.5,37.0,0,0.6,0.2,22.6,25.4,0.265,0.42,0.088,0.096,22,28
2025,18,2025_18_ARI_LA,ARI,LA,0,800.0,14.5,3-13-0,0,2,0,-17,0,0,1,0,0,49.5,57.0,1,0.0,0.4,33.6,29.4,0.379,0.364,0.102,0.123,29,9
2025,18,2025_18_BAL_PIT,PIT,BAL,1,185.0,4.5,9-7-0,1,3,1,2,1,1,1,1,1,41.5,50.0,1,0.6,0.4,20.0,22.2,0.358,0.483,0.06,0.176,18,17
2025,18,2025_18_CAR_TB,CAR,TB,0,130.0,3.0,8-8-0,0,3,0,-2,0,1,0,1,1,43.5,30.0,0,0.4,0.2,23.0,22.6,0.373,0.431,0.109,0.118,16,25
2025,18,2025_18_CLE_CIN,CLE,CIN,0,350.0,9.5,4-12-0,0,1,0,2,1,1,1,1,1,47.5,38.0,0,0.2,0.6,23.4,22.4,0.391,0.507,0.175,0.096,8,31
2025,18,2025_18_DAL_NYG,NYG,DAL,1,140.0,3.0,3-13-0,0,3,0,17,1,1,1,1,1,50.5,51.0,1,0.2,0.4,24.4,32.6,0.355,0.403,0.059,0.102,27,32
2025,18,2025_18_DET_CHI,DET,CHI,0,150.0,3.5,8-8-0,0,1,0,3,1,1,1,1,1,51.5,35.0,0,0.2,0.6,30.8,20.8,0.422,0.449,0.109,0.038,21,24
2025,18,2025_18_GB_MIN,GB,MIN,0,470.0,12.5,9-6-1,1,2,0,-13,0,0,0,0,0,37.5,19.0,0,0.4,0.8,28.4,15.0,0.527,0.364,0.125,0.17,14,1
2025,18,2025_18_IND_HOU,IND,HOU,0,400.0,9.5,8-8-0,0,0,0,-8,0,1,1,0,0,37.5,68.0,1,0.0,1.0,29.0,16.6,0.418,0.443,0.135,0.051,19,3
2025,18,2025_18_KC_LV,LV,KC,1,185.0,3.5,2-14-0,0,0,0,2,1,1,1,1,1,36.5,26.0,0,0.0,0.0,28.6,22.6,0.304,0.333,0.111,0.1,23,7
2025,18,2025_18_LAC_DEN,LAC,DEN,0,900.0,14.5,11-5-0,1,3,1,-16,0,0,0,0,0,37.5,22.0,0,0.8,0.8,16.6,23.2,0.487,0.486,0.093,0.1,4,2
2025,18,2025_18_MIA_NE,MIA,NE,0,650.0,14.0,7-9-0,0,0,0,-28,0,0,0,0,0,44.5,48.0,1,0.6,0.8,23.4,20.8,0.269,0.421,0.085,0.077,22,11
2025,18,2025_18_NO_ATL,NO,ATL,0,170.0,4.5,6-10-0,0,5,0,-2,0,1,0,1,1,43.5,36.0,0,0.8,0.6,18.0,27.0,0.452,0.349,0.091,0.113,10,15
2025,18,2025_18_NYJ_BUF,NYJ,BUF,0,550.0,12.5,3-13-0,0,0,0,-27,0,0,0,0,0,39.5,43.0,1,0.2,0.8,35.4,21.0,0.311,0.476,0.153,0.08,28,12
2025,18,2025_18_SEA_SF,SF,SEA,1,124.0,2.5,12-4-0,1,2,0,-10,0,0,0,0,0,47.5,16.0,0,1.0,1.0,21.2,14.4,0.621,0.397,0.12,0.123,20,5
2025,18,2025_18_TEN_JAX,TEN,JAX,0,525.0,12.5,3-13-0,0,1,0,-34,0,0,1,0,0,46.5,48.0,1,0.4,1.0,26.8,15.8,0.357,0.439,0.052,0.069,26,13
2025,18,2025_18_WAS_PHI,WAS,PHI,0,150.0,3.0,4-12-0,0,0,0,7,1,1,1,1,1,38.5,41.0,1,0.2,0.6,27.6,15.2,0.315,0.417,0.14,0.13,30,6
