game_id,game_date,away_team,home_team,roof,surface,temp_actual,wind_actual,is_outdoor_venue,weather_flag_hardcoded_threshold
2026_01_NE_SEA,2026-09-09,NE,SEA,outdoors,fieldturf,74,6,True,no_extreme_flag
2026_01_SF_LA,2026-09-10,SF,LA,dome,grass,57,4,False,indoor_venue_weather_not_a_factor
2026_01_CHI_CAR,2026-09-13,CHI,CAR,outdoors,grass,89,2,True,no_extreme_flag
2026_01_TB_CIN,2026-09-13,TB,CIN,outdoors,fieldturf,85,7,True,no_extreme_flag
2026_01_NO_DET,2026-09-13,NO,DET,dome,fieldturf,,,False,no_recorded_conditions_yet_or_forecast_not_sourced
2026_01_BUF_HOU,2026-09-13,BUF,HOU,closed,astroturf,,,False,no_recorded_conditions_yet_or_forecast_not_sourced
2026_01_BAL_IND,2026-09-13,BAL,IND,closed,fieldturf,,,False,no_recorded_conditions_yet_or_forecast_not_sourced
2026_01_CLE_JAX,2026-09-13,CLE,JAX,outdoors,grass,89,3,True,no_extreme_flag
2026_01_ATL_PIT,2026-09-13,ATL,PIT,outdoors,grass,77,4,True,no_extreme_flag
2026_01_NYJ_TEN,2026-09-13,NYJ,TEN,outdoors,grass,90,2,True,extreme_heat
2026_01_ARI_LAC,2026-09-13,ARI,LAC,dome,matrixturf,,,False,no_recorded_conditions_yet_or_forecast_not_sourced
2026_01_MIA_LV,2026-09-13,MIA,LV,dome,grass,,,False,no_recorded_conditions_yet_or_forecast_not_sourced
2026_01_GB_MIN,2026-09-13,GB,MIN,dome,sportturf,,,False,no_recorded_conditions_yet_or_forecast_not_sourced
2026_01_WAS_PHI,2026-09-13,WAS,PHI,outdoors,grass,82,7,True,no_extreme_flag
2026_01_DAL_NYG,2026-09-13,DAL,NYG,outdoors,fieldturf,80,7,True,no_extreme_flag
2026_01_DEN_KC,2026-09-14,DEN,KC,outdoors,grass,91,13,True,extreme_heat
2026_02_DET_BUF,2026-09-17,DET,BUF,outdoors,grass,67,4,True,no_extreme_flag
2026_02_CAR_ATL,2026-09-20,CAR,ATL,closed,fieldturf,,,False,no_recorded_conditions_yet_or_forecast_not_sourced
2026_02_NO_BAL,2026-09-20,NO,BAL,outdoors,grass,79,10,True,no_extreme_flag
2026_02_MIN_CHI,2026-09-20,MIN,CHI,outdoors,grass,68,8,True,no_extreme_flag
2026_02_CIN_HOU,2026-09-20,CIN,HOU,closed,astroturf,,,False,no_recorded_conditions_yet_or_forecast_not_sourced
2026_02_PIT_NE,2026-09-20,PIT,NE,outdoors,fieldturf,63,7,True,no_extreme_flag
2026_02_GB_NYJ,2026-09-20,GB,NYJ,outdoors,fieldturf,69,7,True,no_extreme_flag
2026_02_CLE_TB,2026-09-20,CLE,TB,outdoors,grass,86,4,True,no_extreme_flag
2026_02_PHI_TEN,2026-09-20,PHI,TEN,outdoors,grass,92,5,True,extreme_heat
2026_02_JAX_DEN,2026-09-20,JAX,DEN,outdoors,grass,73,12,True,no_extreme_flag
2026_02_LV_LAC,2026-09-20,LV,LAC,dome,matrixturf,,,False,no_recorded_conditions_yet_or_forecast_not_sourced
2026_02_SEA_ARI,2026-09-20,SEA,ARI,closed,grass,,,False,no_recorded_conditions_yet_or_forecast_not_sourced
2026_02_WAS_DAL,2026-09-20,WAS,DAL,closed,matrixturf,,,False,no_recorded_conditions_yet_or_forecast_not_sourced
2026_02_MIA_SF,2026-09-20,MIA,SF,outdoors,grass,69,5,True,no_extreme_flag
2026_02_IND_KC,2026-09-20,IND,KC,outdoors,grass,71,10,True,no_extreme_flag
2026_02_NYG_LA,2026-09-21,NYG,LA,dome,matrixturf,,,False,no_recorded_conditions_yet_or_forecast_not_sourced
2026_03_ATL_GB,2026-09-24,ATL,GB,outdoors,grass,,,True,no_recorded_conditions_yet_or_forecast_not_sourced
2026_03_LAC_BUF,2026-09-27,LAC,BUF,outdoors,a_turf,,,True,no_recorded_conditions_yet_or_forecast_not_sourced
2026_03_CAR_CLE,2026-09-27,CAR,CLE,outdoors,grass,,,True,no_recorded_conditions_yet_or_forecast_not_sourced
2026_03_NYJ_DET,2026-09-27,NYJ,DET,dome,fieldturf,,,False,no_recorded_conditions_yet_or_forecast_not_sourced
2026_03_HOU_IND,2026-09-27,HOU,IND,,fieldturf,,,False,no_recorded_conditions_yet_or_forecast_not_sourced
2026_03_NE_JAX,2026-09-27,NE,JAX,outdoors,grass,,,True,no_recorded_conditions_yet_or_forecast_not_sourced
2026_03_KC_MIA,2026-09-27,KC,MIA,outdoors,grass,,,True,no_recorded_conditions_yet_or_forecast_not_sourced
2026_03_TEN_NYG,2026-09-27,TEN,NYG,outdoors,fieldturf,,,True,no_recorded_conditions_yet_or_forecast_not_sourced
2026_03_CIN_PIT,2026-09-27,CIN,PIT,outdoors,grass,,,True,no_recorded_conditions_yet_or_forecast_not_sourced
2026_03_SEA_WAS,2026-09-27,SEA,WAS,outdoors,grass,,,True,no_recorded_conditions_yet_or_forecast_not_sourced
2026_03_ARI_SF,2026-09-27,ARI,SF,outdoors,grass,,,True,no_recorded_conditions_yet_or_forecast_not_sourced
2026_03_MIN_TB,2026-09-27,MIN,TB,outdoors,grass,,,True,no_recorded_conditions_yet_or_forecast_not_sourced
2026_03_BAL_DAL,2026-09-27,BAL,DAL,,matrixturf,,,False,no_recorded_conditions_yet_or_forecast_not_sourced
2026_03_LV_NO,2026-09-27,LV,NO,dome,sportturf,,,False,no_recorded_conditions_yet_or_forecast_not_sourced
2026_03_LA_DEN,2026-09-27,LA,DEN,outdoors,grass,,,True,no_recorded_conditions_yet_or_forecast_not_sourced
2026_03_PHI_CHI,2026-09-28,PHI,CHI,outdoors,grass,,,True,no_recorded_conditions_yet_or_forecast_not_sourced
2026_04_PIT_CLE,2026-10-01,PIT,CLE,outdoors,grass,,,True,no_recorded_conditions_yet_or_forecast_not_sourced
2026_04_IND_WAS,2026-10-04,IND,WAS,outdoors,grass,,,True,no_recorded_conditions_yet_or_forecast_not_sourced
2026_04_TEN_BAL,2026-10-04,TEN,BAL,outdoors,grass,,,True,no_recorded_conditions_yet_or_forecast_not_sourced
2026_04_NE_BUF,2026-10-04,NE,BUF,outdoors,a_turf,,,True,no_recorded_conditions_yet_or_forecast_not_sourced
2026_04_NYJ_CHI,2026-10-04,NYJ,CHI,outdoors,grass,,,True,no_recorded_conditions_yet_or_forecast_not_sourced
2026_04_JAX_CIN,2026-10-04,JAX,CIN,outdoors,fieldturf,,,True,no_recorded_conditions_yet_or_forecast_not_sourced
2026_04_DAL_HOU,2026-10-04,DAL,HOU,,astroturf,,,False,no_recorded_conditions_yet_or_forecast_not_sourced
2026_04_ARI_NYG,2026-10-04,ARI,NYG,outdoors,fieldturf,,,True,no_recorded_conditions_yet_or_forecast_not_sourced
2026_04_LA_PHI,2026-10-04,LA,PHI,outdoors,grass,,,True,no_recorded_conditions_yet_or_forecast_not_sourced
2026_04_GB_TB,2026-10-04,GB,TB,outdoors,grass,,,True,no_recorded_conditions_yet_or_forecast_not_sourced
2026_04_MIA_MIN,2026-10-04,MIA,MIN,dome,sportturf,,,False,no_recorded_conditions_yet_or_forecast_not_sourced
2026_04_KC_LV,2026-10-04,KC,LV,dome,grass,,,False,no_recorded_conditions_yet_or_forecast_not_sourced
2026_04_LAC_SEA,2026-10-04,LAC,SEA,outdoors,fieldturf,,,True,no_recorded_conditions_yet_or_forecast_not_sourced
2026_04_DEN_SF,2026-10-04,DEN,SF,outdoors,grass,,,True,no_recorded_conditions_yet_or_forecast_not_sourced
2026_04_DET_CAR,2026-10-04,DET,CAR,outdoors,grass,,,True,no_recorded_conditions_yet_or_forecast_not_sourced
2026_04_ATL_NO,2026-10-05,ATL,NO,dome,sportturf,,,False,no_recorded_conditions_yet_or_forecast_not_sourced
2026_05_TB_DAL,2026-10-08,TB,DAL,,matrixturf,,,False,no_recorded_conditions_yet_or_forecast_not_sourced
2026_05_PHI_JAX,2026-10-11,PHI,JAX,outdoors,grass,,,True,no_recorded_conditions_yet_or_forecast_not_sourced
2026_05_CIN_MIA,2026-10-11,CIN,MIA,outdoors,grass,,,True,no_recorded_conditions_yet_or_forecast_not_sourced
2026_05_LV_NE,2026-10-11,LV,NE,outdoors,fieldturf,,,True,no_recorded_conditions_yet_or_forecast_not_sourced
2026_05_MIN_NO,2026-10-11,MIN,NO,dome,sportturf,,,False,no_recorded_conditions_yet_or_forecast_not_sourced
2026_05_CLE_NYJ,2026-10-11,CLE,NYJ,outdoors,fieldturf,,,True,no_recorded_conditions_yet_or_forecast_not_sourced
2026_05_IND_PIT,2026-10-11,IND,PIT,outdoors,grass,,,True,no_recorded_conditions_yet_or_forecast_not_sourced
2026_05_HOU_TEN,2026-10-11,HOU,TEN,outdoors,grass,,,True,no_recorded_conditions_yet_or_forecast_not_sourced
2026_05_NYG_WAS,2026-10-11,NYG,WAS,outdoors,grass,,,True,no_recorded_conditions_yet_or_forecast_not_sourced
2026_05_DEN_LAC,2026-10-11,DEN,LAC,dome,matrixturf,,,False,no_recorded_conditions_yet_or_forecast_not_sourced
2026_05_DET_ARI,2026-10-11,DET,ARI,,grass,,,False,no_recorded_conditions_yet_or_forecast_not_sourced
2026_05_CHI_GB,2026-10-11,CHI,GB,outdoors,grass,,,True,no_recorded_conditions_yet_or_forecast_not_sourced
2026_05_SF_SEA,2026-10-11,SF,SEA,outdoors,fieldturf,,,True,no_recorded_conditions_yet_or_forecast_not_sourced
2026_05_BAL_ATL,2026-10-11,BAL,ATL,,fieldturf,,,False,no_recorded_conditions_yet_or_forecast_not_sourced
2026_05_BUF_LA,2026-10-12,BUF,LA,dome,matrixturf,,,False,no_recorded_conditions_yet_or_forecast_not_sourced
2026_06_SEA_DEN,2026-10-15,SEA,DEN,outdoors,grass,,,True,no_recorded_conditions_yet_or_forecast_not_sourced
2026_06_HOU_JAX,2026-10-18,HOU,JAX,outdoors,grass,,,True,no_recorded_conditions_yet_or_forecast_not_sourced
2026_06_CHI_ATL,2026-10-18,CHI,ATL,,fieldturf,,,False,no_recorded_conditions_yet_or_forecast_not_sourced
2026_06_BAL_CLE,2026-10-18,BAL,CLE,outdoors,grass,,,True,no_recorded_conditions_yet_or_forecast_not_sourced
2026_06_TEN_IND,2026-10-18,TEN,IND,,fieldturf,,,False,no_recorded_conditions_yet_or_forecast_not_sourced
2026_06_NYJ_NE,2026-10-18,NYJ,NE,outdoors,fieldturf,,,True,no_recorded_conditions_yet_or_forecast_not_sourced
2026_06_NO_NYG,2026-10-18,NO,NYG,outdoors,fieldturf,,,True,no_recorded_conditions_yet_or_forecast_not_sourced
2026_06_CAR_PHI,2026-10-18,CAR,PHI,outdoors,grass,,,True,no_recorded_conditions_yet_or_forecast_not_sourced
2026_06_PIT_TB,2026-10-18,PIT,TB,outdoors,grass,,,True,no_recorded_conditions_yet_or_forecast_not_sourced
2026_06_ARI_LA,2026-10-18,ARI,LA,dome,matrixturf,,,False,no_recorded_conditions_yet_or_forecast_not_sourced
2026_06_LAC_KC,2026-10-18,LAC,KC,outdoors,grass,,,True,no_recorded_conditions_yet_or_forecast_not_sourced
2026_06_BUF_LV,2026-10-18,BUF,LV,dome,grass,,,False,no_recorded_conditions_yet_or_forecast_not_sourced
2026_06_DAL_GB,2026-10-18,DAL,GB,outdoors,grass,,,True,no_recorded_conditions_yet_or_forecast_not_sourced
2026_06_WAS_SF,2026-10-19,WAS,SF,outdoors,grass,,,True,no_recorded_conditions_yet_or_forecast_not_sourced
2026_07_NE_CHI,2026-10-22,NE,CHI,outdoors,grass,,,True,no_recorded_conditions_yet_or_forecast_not_sourced
2026_07_PIT_NO,2026-10-25,PIT,NO,dome,sportturf,,,False,no_recorded_conditions_yet_or_forecast_not_sourced
2026_07_SF_ATL,2026-10-25,SF,ATL,,fieldturf,,,False,no_recorded_conditions_yet_or_forecast_not_sourced
2026_07_CIN_BAL,2026-10-25,CIN,BAL,outdoors,grass,,,True,no_recorded_conditions_yet_or_forecast_not_sourced
2026_07_TB_CAR,2026-10-25,TB,CAR,outdoors,grass,,,True,no_recorded_conditions_yet_or_forecast_not_sourced
2026_07_NYG_HOU,2026-10-25,NYG,HOU,,astroturf,,,False,no_recorded_conditions_yet_or_forecast_not_sourced
2026_07_IND_MIN,2026-10-25,IND,MIN,dome,sportturf,,,False,no_recorded_conditions_yet_or_forecast_not_sourced
2026_07_MIA_NYJ,2026-10-25,MIA,NYJ,outdoors,fieldturf,,,True,no_recorded_conditions_yet_or_forecast_not_sourced
2026_07_CLE_TEN,2026-10-25,CLE,TEN,outdoors,grass,,,True,no_recorded_conditions_yet_or_forecast_not_sourced
2026_07_DEN_ARI,2026-10-25,DEN,ARI,,grass,,,False,no_recorded_conditions_yet_or_forecast_not_sourced
2026_07_GB_DET,2026-10-25,GB,DET,dome,fieldturf,,,False,no_recorded_conditions_yet_or_forecast_not_sourced
2026_07_LA_LV,2026-10-25,LA,LV,dome,grass,,,False,no_recorded_conditions_yet_or_forecast_not_sourced
2026_07_KC_SEA,2026-10-25,KC,SEA,outdoors,fieldturf,,,True,no_recorded_conditions_yet_or_forecast_not_sourced
2026_07_DAL_PHI,2026-10-26,DAL,PHI,outdoors,grass,,,True,no_recorded_conditions_yet_or_forecast_not_sourced
2026_08_CAR_GB,2026-10-29,CAR,GB,outdoors,grass,,,True,no_recorded_conditions_yet_or_forecast_not_sourced
2026_08_BAL_BUF,2026-11-01,BAL,BUF,outdoors,a_turf,,,True,no_recorded_conditions_yet_or_forecast_not_sourced
2026_08_TEN_CIN,2026-11-01,TEN,CIN,outdoors,fieldturf,,,True,no_recorded_conditions_yet_or_forecast_not_sourced
2026_08_ARI_DAL,2026-11-01,ARI,DAL,,matrixturf,,,False,no_recorded_conditions_yet_or_forecast_not_sourced
2026_08_MIN_DET,2026-11-01,MIN,DET,dome,fieldturf,,,False,no_recorded_conditions_yet_or_forecast_not_sourced
2026_08_IND_JAX,2026-11-01,IND,JAX,outdoors,grass,,,True,no_recorded_conditions_yet_or_forecast_not_sourced
2026_08_LV_NYJ,2026-11-01,LV,NYJ,outdoors,fieldturf,,,True,no_recorded_conditions_yet_or_forecast_not_sourced
2026_08_CLE_PIT,2026-11-01,CLE,PIT,outdoors,grass,,,True,no_recorded_conditions_yet_or_forecast_not_sourced
2026_08_ATL_TB,2026-11-01,ATL,TB,outdoors,grass,,,True,no_recorded_conditions_yet_or_forecast_not_sourced
2026_08_LAC_LA,2026-11-01,LAC,LA,dome,matrixturf,,,False,no_recorded_conditions_yet_or_forecast_not_sourced
2026_08_KC_DEN,2026-11-01,KC,DEN,outdoors,grass,,,True,no_recorded_conditions_yet_or_forecast_not_sourced
2026_08_NE_MIA,2026-11-01,NE,MIA,outdoors,grass,,,True,no_recorded_conditions_yet_or_forecast_not_sourced
2026_08_PHI_WAS,2026-11-01,PHI,WAS,outdoors,grass,,,True,no_recorded_conditions_yet_or_forecast_not_sourced
2026_08_CHI_SEA,2026-11-02,CHI,SEA,outdoors,fieldturf,,,True,no_recorded_conditions_yet_or_forecast_not_sourced
2026_09_JAX_BAL,2026-11-05,JAX,BAL,outdoors,grass,,,True,no_recorded_conditions_yet_or_forecast_not_sourced
2026_09_CIN_ATL,2026-11-08,CIN,ATL,,fieldturf,,,False,no_recorded_conditions_yet_or_forecast_not_sourced
2026_09_DEN_CAR,2026-11-08,DEN,CAR,outdoors,grass,,,True,no_recorded_conditions_yet_or_forecast_not_sourced
2026_09_DAL_IND,2026-11-08,DAL,IND,,fieldturf,,,False,no_recorded_conditions_yet_or_forecast_not_sourced
2026_09_NYJ_KC,2026-11-08,NYJ,KC,outdoors,grass,,,True,no_recorded_conditions_yet_or_forecast_not_sourced
2026_09_DET_MIA,2026-11-08,DET,MIA,outdoors,grass,,,True,no_recorded_conditions_yet_or_forecast_not_sourced
2026_09_CLE_NO,2026-11-08,CLE,NO,dome,sportturf,,,False,no_recorded_conditions_yet_or_forecast_not_sourced
2026_09_NYG_PHI,2026-11-08,NYG,PHI,outdoors,grass,,,True,no_recorded_conditions_yet_or_forecast_not_sourced
2026_09_LA_WAS,2026-11-08,LA,WAS,outdoors,grass,,,True,no_recorded_conditions_yet_or_forecast_not_sourced
2026_09_HOU_LAC,2026-11-08,HOU,LAC,dome,matrixturf,,,False,no_recorded_conditions_yet_or_forecast_not_sourced
2026_09_LV_SF,2026-11-08,LV,SF,outdoors,grass,,,True,no_recorded_conditions_yet_or_forecast_not_sourced
2026_09_GB_NE,2026-11-08,GB,NE,outdoors,fieldturf,,,True,no_recorded_conditions_yet_or_forecast_not_sourced
2026_09_ARI_SEA,2026-11-08,ARI,SEA,outdoors,fieldturf,,,True,no_recorded_conditions_yet_or_forecast_not_sourced
2026_09_TB_CHI,2026-11-08,TB,CHI,outdoors,grass,,,True,no_recorded_conditions_yet_or_forecast_not_sourced
2026_09_BUF_MIN,2026-11-09,BUF,MIN,dome,sportturf,,,False,no_recorded_conditions_yet_or_forecast_not_sourced
2026_10_WAS_NYG,2026-11-12,WAS,NYG,outdoors,fieldturf,,,True,no_recorded_conditions_yet_or_forecast_not_sourced
2026_10_NE_DET,2026-11-15,NE,DET,dome,fieldturf,,,False,no_recorded_conditions_yet_or_forecast_not_sourced
2026_10_KC_ATL,2026-11-15,KC,ATL,,fieldturf,,,False,no_recorded_conditions_yet_or_forecast_not_sourced
2026_10_HOU_CLE,2026-11-15,HOU,CLE,outdoors,grass,,,True,no_recorded_conditions_yet_or_forecast_not_sourced
2026_10_MIN_GB,2026-11-15,MIN,GB,outdoors,grass,,,True,no_recorded_conditions_yet_or_forecast_not_sourced
2026_10_MIA_IND,2026-11-15,MIA,IND,,fieldturf,,,False,no_recorded_conditions_yet_or_forecast_not_sourced
2026_10_CAR_NO,2026-11-15,CAR,NO,dome,sportturf,,,False,no_recorded_conditions_yet_or_forecast_not_sourced
2026_10_BUF_NYJ,2026-11-15,BUF,NYJ,outdoors,fieldturf,,,True,no_recorded_conditions_yet_or_forecast_not_sourced
2026_10_JAX_TEN,2026-11-15,JAX,TEN,outdoors,grass,,,True,no_recorded_conditions_yet_or_forecast_not_sourced
2026_10_LA_ARI,2026-11-15,LA,ARI,,grass,,,False,no_recorded_conditions_yet_or_forecast_not_sourced
2026_10_SEA_LV,2026-11-15,SEA,LV,dome,grass,,,False,no_recorded_conditions_yet_or_forecast_not_sourced
2026_10_SF_DAL,2026-11-15,SF,DAL,,matrixturf,,,False,no_recorded_conditions_yet_or_forecast_not_sourced
2026_10_PIT_CIN,2026-11-15,PIT,CIN,outdoors,fieldturf,,,True,no_recorded_conditions_yet_or_forecast_not_sourced
2026_10_LAC_BAL,2026-11-16,LAC,BAL,outdoors,grass,,,True,no_recorded_conditions_yet_or_forecast_not_sourced
2026_11_IND_HOU,2026-11-19,IND,HOU,,astroturf,,,False,no_recorded_conditions_yet_or_forecast_not_sourced
2026_11_MIA_BUF,2026-11-22,MIA,BUF,outdoors,a_turf,,,True,no_recorded_conditions_yet_or_forecast_not_sourced
2026_11_BAL_CAR,2026-11-22,BAL,CAR,outdoors,grass,,,True,no_recorded_conditions_yet_or_forecast_not_sourced
2026_11_NO_CHI,2026-11-22,NO,CHI,outdoors,grass,,,True,no_recorded_conditions_yet_or_forecast_not_sourced
2026_11_TEN_DAL,2026-11-22,TEN,DAL,,matrixturf,,,False,no_recorded_conditions_yet_or_forecast_not_sourced
2026_11_TB_DET,2026-11-22,TB,DET,dome,fieldturf,,,False,no_recorded_conditions_yet_or_forecast_not_sourced
2026_11_ARI_KC,2026-11-22,ARI,KC,outdoors,grass,,,True,no_recorded_conditions_yet_or_forecast_not_sourced
2026_11_JAX_NYG,2026-11-22,JAX,NYG,outdoors,fieldturf,,,True,no_recorded_conditions_yet_or_forecast_not_sourced
2026_11_NYJ_LAC,2026-11-22,NYJ,LAC,dome,matrixturf,,,False,no_recorded_conditions_yet_or_forecast_not_sourced
2026_11_LV_DEN,2026-11-22,LV,DEN,outdoors,grass,,,True,no_recorded_conditions_yet_or_forecast_not_sourced
2026_11_PIT_PHI,2026-11-22,PIT,PHI,outdoors,grass,,,True,no_recorded_conditions_yet_or_forecast_not_sourced
2026_11_MIN_SF,2026-11-22,MIN,SF,outdoors,grass,,,True,no_recorded_conditions_yet_or_forecast_not_sourced
2026_11_CIN_WAS,2026-11-23,CIN,WAS,outdoors,grass,,,True,no_recorded_conditions_yet_or_forecast_not_sourced
2026_12_GB_LA,2026-11-25,GB,LA,dome,matrixturf,,,False,no_recorded_conditions_yet_or_forecast_not_sourced
2026_12_CHI_DET,2026-11-26,CHI,DET,dome,fieldturf,,,False,no_recorded_conditions_yet_or_forecast_not_sourced
2026_12_PHI_DAL,2026-11-26,PHI,DAL,,matrixturf,,,False,no_recorded_conditions_yet_or_forecast_not_sourced
2026_12_KC_BUF,2026-11-26,KC,BUF,outdoors,a_turf,,,True,no_recorded_conditions_yet_or_forecast_not_sourced
2026_12_DEN_PIT,2026-11-27,DEN,PIT,outdoors,grass,,,True,no_recorded_conditions_yet_or_forecast_not_sourced
2026_12_NO_CIN,2026-11-29,NO,CIN,outdoors,fieldturf,,,True,no_recorded_conditions_yet_or_forecast_not_sourced
2026_12_LV_CLE,2026-11-29,LV,CLE,outdoors,grass,,,True,no_recorded_conditions_yet_or_forecast_not_sourced
2026_12_BAL_HOU,2026-11-29,BAL,HOU,,astroturf,,,False,no_recorded_conditions_yet_or_forecast_not_sourced
2026_12_NYG_IND,2026-11-29,NYG,IND,,fieldturf,,,False,no_recorded_conditions_yet_or_forecast_not_sourced
2026_12_NYJ_MIA,2026-11-29,NYJ,MIA,outdoors,grass,,,True,no_recorded_conditions_yet_or_forecast_not_sourced
2026_12_ATL_MIN,2026-11-29,ATL,MIN,dome,sportturf,,,False,no_recorded_conditions_yet_or_forecast_not_sourced
2026_12_TEN_JAX,2026-11-29,TEN,JAX,outdoors,grass,,,True,no_recorded_conditions_yet_or_forecast_not_sourced
2026_12_WAS_ARI,2026-11-29,WAS,ARI,,grass,,,False,no_recorded_conditions_yet_or_forecast_not_sourced
2026_12_SEA_SF,2026-11-29,SEA,SF,outdoors,grass,,,True,no_recorded_conditions_yet_or_forecast_not_sourced
2026_12_NE_LAC,2026-11-29,NE,LAC,dome,matrixturf,,,False,no_recorded_conditions_yet_or_forecast_not_sourced
2026_12_CAR_TB,2026-11-30,CAR,TB,outdoors,grass,,,True,no_recorded_conditions_yet_or_forecast_not_sourced
2026_13_KC_LA,2026-12-03,KC,LA,dome,matrixturf,,,False,no_recorded_conditions_yet_or_forecast_not_sourced
2026_13_DET_ATL,2026-12-06,DET,ATL,,fieldturf,,,False,no_recorded_conditions_yet_or_forecast_not_sourced
2026_13_JAX_CHI,2026-12-06,JAX,CHI,outdoors,grass,,,True,no_recorded_conditions_yet_or_forecast_not_sourced
2026_13_CIN_CLE,2026-12-06,CIN,CLE,outdoors,grass,,,True,no_recorded_conditions_yet_or_forecast_not_sourced
2026_13_GB_NO,2026-12-06,GB,NO,dome,sportturf,,,False,no_recorded_conditions_yet_or_forecast_not_sourced
2026_13_SF_NYG,2026-12-06,SF,NYG,outdoors,fieldturf,,,True,no_recorded_conditions_yet_or_forecast_not_sourced
2026_13_LAC_TB,2026-12-06,LAC,TB,outdoors,grass,,,True,no_recorded_conditions_yet_or_forecast_not_sourced
2026_13_WAS_TEN,2026-12-06,WAS,TEN,outdoors,grass,,,True,no_recorded_conditions_yet_or_forecast_not_sourced
2026_13_PHI_ARI,2026-12-06,PHI,ARI,,grass,,,False,no_recorded_conditions_yet_or_forecast_not_sourced
2026_13_MIA_DEN,2026-12-06,MIA,DEN,outdoors,grass,,,True,no_recorded_conditions_yet_or_forecast_not_sourced
2026_13_CAR_MIN,2026-12-06,CAR,MIN,dome,sportturf,,,False,no_recorded_conditions_yet_or_forecast_not_sourced
2026_13_BUF_NE,2026-12-06,BUF,NE,outdoors,fieldturf,,,True,no_recorded_conditions_yet_or_forecast_not_sourced
2026_13_HOU_PIT,2026-12-06,HOU,PIT,outdoors,grass,,,True,no_recorded_conditions_yet_or_forecast_not_sourced
2026_13_DAL_SEA,2026-12-07,DAL,SEA,outdoors,fieldturf,,,True,no_recorded_conditions_yet_or_forecast_not_sourced
2026_14_MIN_NE,2026-12-10,MIN,NE,outdoors,fieldturf,,,True,no_recorded_conditions_yet_or_forecast_not_sourced
2026_14_TB_BAL,2026-12-13,TB,BAL,outdoors,grass,,,True,no_recorded_conditions_yet_or_forecast_not_sourced
2026_14_NO_CAR,2026-12-13,NO,CAR,outdoors,grass,,,True,no_recorded_conditions_yet_or_forecast_not_sourced
2026_14_ATL_CLE,2026-12-13,ATL,CLE,outdoors,grass,,,True,no_recorded_conditions_yet_or_forecast_not_sourced
2026_14_TEN_DET,2026-12-13,TEN,DET,dome,fieldturf,,,False,no_recorded_conditions_yet_or_forecast_not_sourced
2026_14_CHI_MIA,2026-12-13,CHI,MIA,outdoors,grass,,,True,no_recorded_conditions_yet_or_forecast_not_sourced
2026_14_DEN_NYJ,2026-12-13,DEN,NYJ,outdoors,fieldturf,,,True,no_recorded_conditions_yet_or_forecast_not_sourced
2026_14_IND_PHI,2026-12-13,IND,PHI,outdoors,grass,,,True,no_recorded_conditions_yet_or_forecast_not_sourced
2026_14_HOU_WAS,2026-12-13,HOU,WAS,outdoors,grass,,,True,no_recorded_conditions_yet_or_forecast_not_sourced
2026_14_LAC_LV,2026-12-13,LAC,LV,dome,grass,,,False,no_recorded_conditions_yet_or_forecast_not_sourced
2026_14_KC_CIN,2026-12-13,KC,CIN,outdoors,fieldturf,,,True,no_recorded_conditions_yet_or_forecast_not_sourced
2026_14_NYG_SEA,2026-12-13,NYG,SEA,outdoors,fieldturf,,,True,no_recorded_conditions_yet_or_forecast_not_sourced
2026_14_LA_SF,2026-12-13,LA,SF,outdoors,grass,,,True,no_recorded_conditions_yet_or_forecast_not_sourced
2026_14_BUF_GB,2026-12-13,BUF,GB,outdoors,grass,,,True,no_recorded_conditions_yet_or_forecast_not_sourced
2026_14_PIT_JAX,2026-12-14,PIT,JAX,outdoors,grass,,,True,no_recorded_conditions_yet_or_forecast_not_sourced
2026_15_SF_LAC,2026-12-17,SF,LAC,dome,matrixturf,,,False,no_recorded_conditions_yet_or_forecast_not_sourced
2026_15_SEA_PHI,2026-12-19,SEA,PHI,outdoors,grass,,,True,no_recorded_conditions_yet_or_forecast_not_sourced
2026_15_CHI_BUF,2026-12-19,CHI,BUF,outdoors,a_turf,,,True,no_recorded_conditions_yet_or_forecast_not_sourced
2026_15_CIN_CAR,2026-12-20,CIN,CAR,outdoors,grass,,,True,no_recorded_conditions_yet_or_forecast_not_sourced
2026_15_MIA_GB,2026-12-20,MIA,GB,outdoors,grass,,,True,no_recorded_conditions_yet_or_forecast_not_sourced
2026_15_JAX_HOU,2026-12-20,JAX,HOU,,astroturf,,,False,no_recorded_conditions_yet_or_forecast_not_sourced
2026_15_CLE_NYG,2026-12-20,CLE,NYG,outdoors,fieldturf,,,True,no_recorded_conditions_yet_or_forecast_not_sourced
2026_15_BAL_PIT,2026-12-20,BAL,PIT,outdoors,grass,,,True,no_recorded_conditions_yet_or_forecast_not_sourced
2026_15_NO_TB,2026-12-20,NO,TB,outdoors,grass,,,True,no_recorded_conditions_yet_or_forecast_not_sourced
2026_15_IND_TEN,2026-12-20,IND,TEN,outdoors,grass,,,True,no_recorded_conditions_yet_or_forecast_not_sourced
2026_15_ATL_WAS,2026-12-20,ATL,WAS,outdoors,grass,,,True,no_recorded_conditions_yet_or_forecast_not_sourced
2026_15_NYJ_ARI,2026-12-20,NYJ,ARI,,grass,,,False,no_recorded_conditions_yet_or_forecast_not_sourced
2026_15_DAL_LA,2026-12-20,DAL,LA,dome,matrixturf,,,False,no_recorded_conditions_yet_or_forecast_not_sourced
2026_15_DEN_LV,2026-12-20,DEN,LV,dome,grass,,,False,no_recorded_conditions_yet_or_forecast_not_sourced
2026_15_DET_MIN,2026-12-20,DET,MIN,dome,sportturf,,,False,no_recorded_conditions_yet_or_forecast_not_sourced
2026_15_NE_KC,2026-12-21,NE,KC,outdoors,grass,,,True,no_recorded_conditions_yet_or_forecast_not_sourced
2026_16_HOU_PHI,2026-12-24,HOU,PHI,outdoors,grass,,,True,no_recorded_conditions_yet_or_forecast_not_sourced
2026_16_GB_CHI,2026-12-25,GB,CHI,outdoors,grass,,,True,no_recorded_conditions_yet_or_forecast_not_sourced
2026_16_BUF_DEN,2026-12-25,BUF,DEN,outdoors,grass,,,True,no_recorded_conditions_yet_or_forecast_not_sourced
2026_16_LA_SEA,2026-12-25,LA,SEA,outdoors,fieldturf,,,True,no_recorded_conditions_yet_or_forecast_not_sourced
2026_16_TB_ATL,2026-12-27,TB,ATL,,fieldturf,,,False,no_recorded_conditions_yet_or_forecast_not_sourced
2026_16_CLE_BAL,2026-12-27,CLE,BAL,outdoors,grass,,,True,no_recorded_conditions_yet_or_forecast_not_sourced
2026_16_CIN_IND,2026-12-27,CIN,IND,,fieldturf,,,False,no_recorded_conditions_yet_or_forecast_not_sourced
2026_16_LAC_MIA,2026-12-27,LAC,MIA,outdoors,grass,,,True,no_recorded_conditions_yet_or_forecast_not_sourced
2026_16_WAS_MIN,2026-12-27,WAS,MIN,dome,sportturf,,,False,no_recorded_conditions_yet_or_forecast_not_sourced
2026_16_ARI_NO,2026-12-27,ARI,NO,dome,sportturf,,,False,no_recorded_conditions_yet_or_forecast_not_sourced
2026_16_NE_NYJ,2026-12-27,NE,NYJ,outdoors,fieldturf,,,True,no_recorded_conditions_yet_or_forecast_not_sourced
2026_16_CAR_PIT,2026-12-27,CAR,PIT,outdoors,grass,,,True,no_recorded_conditions_yet_or_forecast_not_sourced
2026_16_TEN_LV,2026-12-27,TEN,LV,dome,grass,,,False,no_recorded_conditions_yet_or_forecast_not_sourced
2026_16_SF_KC,2026-12-27,SF,KC,outdoors,grass,,,True,no_recorded_conditions_yet_or_forecast_not_sourced
2026_16_JAX_DAL,2026-12-27,JAX,DAL,,matrixturf,,,False,no_recorded_conditions_yet_or_forecast_not_sourced
2026_16_NYG_DET,2026-12-28,NYG,DET,dome,fieldturf,,,False,no_recorded_conditions_yet_or_forecast_not_sourced
2026_17_BAL_CIN,2026-12-31,BAL,CIN,outdoors,fieldturf,,,True,no_recorded_conditions_yet_or_forecast_not_sourced
2026_17_NO_ATL,2027-01-03,NO,ATL,,fieldturf,,,False,no_recorded_conditions_yet_or_forecast_not_sourced
2026_17_SEA_CAR,2027-01-03,SEA,CAR,outdoors,grass,,,True,no_recorded_conditions_yet_or_forecast_not_sourced
2026_17_IND_CLE,2027-01-03,IND,CLE,outdoors,grass,,,True,no_recorded_conditions_yet_or_forecast_not_sourced
2026_17_NYG_DAL,2027-01-03,NYG,DAL,,matrixturf,,,False,no_recorded_conditions_yet_or_forecast_not_sourced
2026_17_WAS_JAX,2027-01-03,WAS,JAX,outdoors,grass,,,True,no_recorded_conditions_yet_or_forecast_not_sourced
2026_17_KC_LAC,2027-01-03,KC,LAC,dome,matrixturf,,,False,no_recorded_conditions_yet_or_forecast_not_sourced
2026_17_BUF_MIA,2027-01-03,BUF,MIA,outdoors,grass,,,True,no_recorded_conditions_yet_or_forecast_not_sourced
2026_17_DEN_NE,2027-01-03,DEN,NE,outdoors,fieldturf,,,True,no_recorded_conditions_yet_or_forecast_not_sourced
2026_17_MIN_NYJ,2027-01-03,MIN,NYJ,outdoors,fieldturf,,,True,no_recorded_conditions_yet_or_forecast_not_sourced
2026_17_LA_TB,2027-01-03,LA,TB,outdoors,grass,,,True,no_recorded_conditions_yet_or_forecast_not_sourced
2026_17_PIT_TEN,2027-01-03,PIT,TEN,outdoors,grass,,,True,no_recorded_conditions_yet_or_forecast_not_sourced
2026_17_LV_ARI,2027-01-03,LV,ARI,,grass,,,False,no_recorded_conditions_yet_or_forecast_not_sourced
2026_17_DET_CHI,2027-01-03,DET,CHI,outdoors,grass,,,True,no_recorded_conditions_yet_or_forecast_not_sourced
2026_17_PHI_SF,2027-01-03,PHI,SF,outdoors,grass,,,True,no_recorded_conditions_yet_or_forecast_not_sourced
2026_17_HOU_GB,2027-01-04,HOU,GB,outdoors,grass,,,True,no_recorded_conditions_yet_or_forecast_not_sourced
2026_18_SF_ARI,2027-01-10,SF,ARI,,grass,,,False,no_recorded_conditions_yet_or_forecast_not_sourced
2026_18_PIT_BAL,2027-01-10,PIT,BAL,outdoors,grass,,,True,no_recorded_conditions_yet_or_forecast_not_sourced
2026_18_NYJ_BUF,2027-01-10,NYJ,BUF,outdoors,a_turf,,,True,no_recorded_conditions_yet_or_forecast_not_sourced
2026_18_ATL_CAR,2027-01-10,ATL,CAR,outdoors,grass,,,True,no_recorded_conditions_yet_or_forecast_not_sourced
2026_18_CLE_CIN,2027-01-10,CLE,CIN,outdoors,fieldturf,,,True,no_recorded_conditions_yet_or_forecast_not_sourced
2026_18_LAC_DEN,2027-01-10,LAC,DEN,outdoors,grass,,,True,no_recorded_conditions_yet_or_forecast_not_sourced
2026_18_DET_GB,2027-01-10,DET,GB,outdoors,grass,,,True,no_recorded_conditions_yet_or_forecast_not_sourced
2026_18_TEN_HOU,2027-01-10,TEN,HOU,,astroturf,,,False,no_recorded_conditions_yet_or_forecast_not_sourced
2026_18_JAX_IND,2027-01-10,JAX,IND,,fieldturf,,,False,no_recorded_conditions_yet_or_forecast_not_sourced
2026_18_LV_KC,2027-01-10,LV,KC,outdoors,grass,,,True,no_recorded_conditions_yet_or_forecast_not_sourced
2026_18_SEA_LA,2027-01-10,SEA,LA,dome,matrixturf,,,False,no_recorded_conditions_yet_or_forecast_not_sourced
2026_18_CHI_MIN,2027-01-10,CHI,MIN,dome,sportturf,,,False,no_recorded_conditions_yet_or_forecast_not_sourced
2026_18_MIA_NE,2027-01-10,MIA,NE,outdoors,fieldturf,,,True,no_recorded_conditions_yet_or_forecast_not_sourced
2026_18_TB_NO,2027-01-10,TB,NO,dome,sportturf,,,False,no_recorded_conditions_yet_or_forecast_not_sourced
2026_18_PHI_NYG,2027-01-10,PHI,NYG,outdoors,fieldturf,,,True,no_recorded_conditions_yet_or_forecast_not_sourced
2026_18_DAL_WAS,2027-01-10,DAL,WAS,outdoors,grass,,,True,no_recorded_conditions_yet_or_forecast_not_sourced
