season,week,game_type,game_id,pfr_game_id,pfr_player_id,pfr_player_name,team,opponent,carries,rushing_yards_before_contact,rushing_yards_before_contact_avg,rushing_yards_after_contact,rushing_yards_after_contact_avg,rushing_broken_tackles,receiving_broken_tackles,ingest_run_id
2026,1,REG,2026_01_NE_SEA,202609090sea,LockDr00,Drew Lock,SEA,NE,2,12.0,6.0,1.0,0.5,0,,20260925T013701Z
2026,1,REG,2026_01_SF_LA,202609100ram,StafMa00,Matthew Stafford,LA,SF,2,-1.0,-0.5,0.0,0.0,0,,20260925T013701Z
2026,1,REG,2026_01_SF_LA,202609100ram,McCaCh01,Christian McCaffrey,SF,LA,10,46.0,4.6,22.0,2.2,2,,20260925T013701Z
2026,1,REG,2026_01_SF_LA,202609100ram,PurdBr00,Brock Purdy,SF,LA,5,27.0,5.4,2.0,0.4,0,,20260925T013701Z
2026,1,REG,2026_01_SF_LA,202609100ram,SamuDe00,Deebo Samuel,SF,LA,1,9.0,9.0,3.0,3.0,0,,20260925T013701Z
2026,1,REG,2026_01_CHI_CAR,202609130car,HubbCh01,Chuba Hubbard,CAR,CHI,10,35.0,3.5,14.0,1.4,1,,20260925T013701Z
2026,1,REG,2026_01_CHI_CAR,202609130car,YounBr01,Bryce Young,CAR,CHI,2,10.0,5.0,0.0,0.0,0,,20260925T013701Z
2026,1,REG,2026_01_CHI_CAR,202609130car,PickKe00,Kenny Pickett,CAR,CHI,1,24.0,24.0,0.0,0.0,0,,20260925T013701Z
2026,1,REG,2026_01_CHI_CAR,202609130car,WillCa03,Caleb Williams,CHI,CAR,10,64.0,6.4,1.0,0.1,0,,20260925T013701Z
2026,1,REG,2026_01_TB_CIN,202609130cin,PeriSa00,Samaje Perine,CIN,TB,5,12.0,2.4,8.0,1.6,0,,20260925T013701Z
2026,1,REG,2026_01_TB_CIN,202609130cin,IrviBu00,Bucky Irving,TB,CIN,8,24.0,3.0,21.0,2.6,1,,20260925T013701Z
2026,1,REG,2026_01_TB_CIN,202609130cin,GainKe00,Kenneth Gainwell,TB,CIN,5,10.0,2.0,5.0,1.0,0,,20260925T013701Z
2026,1,REG,2026_01_TB_CIN,202609130cin,MayfBa00,Baker Mayfield,TB,CIN,5,26.0,5.2,4.0,0.8,0,,20260925T013701Z
2026,1,REG,2026_01_TB_CIN,202609130cin,JohnTe03,Tez Johnson,TB,CIN,1,-4.0,-4.0,0.0,0.0,0,,20260925T013701Z
2026,1,REG,2026_01_NO_DET,202609130det,GibbJa01,Jahmyr Gibbs,DET,NO,29,112.0,3.9,44.0,1.5,0,,20260925T013701Z
2026,1,REG,2026_01_NO_DET,202609130det,GoffJa00,Jared Goff,DET,NO,2,2.0,1.0,0.0,0.0,0,,20260925T013701Z
2026,1,REG,2026_01_NO_DET,202609130det,MillKe01,Kendre Miller,NO,DET,9,19.0,2.1,11.0,1.2,0,,20260925T013701Z
2026,1,REG,2026_01_NO_DET,202609130det,DonaCJ00,CJ Donaldson,NO,DET,2,1.0,0.5,3.0,1.5,0,,20260925T013701Z
2026,1,REG,2026_01_NO_DET,202609130det,BrowBa02,Barion Brown,NO,DET,1,3.0,3.0,0.0,0.0,0,,20260925T013701Z
2026,1,REG,2026_01_BUF_HOU,202609130htx,StroCJ00,C.J. Stroud,HOU,BUF,2,13.0,6.5,2.0,1.0,0,,20260925T013701Z
2026,1,REG,2026_01_BUF_HOU,202609130htx,CookJa01,James Cook,BUF,HOU,13,44.0,3.4,13.0,1.0,1,,20260925T013701Z
2026,1,REG,2026_01_BUF_HOU,202609130htx,DaviRa04,Ray Davis,BUF,HOU,1,2.0,2.0,1.0,1.0,0,,20260925T013701Z
2026,1,REG,2026_01_BUF_HOU,202609130htx,GoreFr01,Frank Gore Jr.,BUF,HOU,1,3.0,3.0,0.0,0.0,0,,20260925T013701Z
2026,1,REG,2026_01_BAL_IND,202609130clt,TaylJo02,Jonathan Taylor,IND,BAL,19,54.0,2.8,44.0,2.3,1,,20260925T013701Z
2026,1,REG,2026_01_BAL_IND,202609130clt,JackLa00,Lamar Jackson,BAL,IND,7,23.0,3.3,17.0,2.4,0,,20260925T013701Z
2026,1,REG,2026_01_CLE_JAX,202609130jax,TuteBh00,Bhayshul Tuten,JAX,CLE,15,16.0,1.1,50.0,3.3,1,,20260925T013701Z
2026,1,REG,2026_01_CLE_JAX,202609130jax,LawrTr00,Trevor Lawrence,JAX,CLE,2,3.0,1.5,0.0,0.0,0,,20260925T013701Z
2026,1,REG,2026_01_CLE_JAX,202609130jax,MeyeJa01,Jakobi Meyers,JAX,CLE,1,2.0,2.0,0.0,0.0,0,,20260925T013701Z
2026,1,REG,2026_01_CLE_JAX,202609130jax,WatsDe00,Deshaun Watson,CLE,JAX,6,26.0,4.3,12.0,2.0,0,,20260925T013701Z
2026,1,REG,2026_01_ATL_PIT,202609130pit,DowdRi01,Rico Dowdle,PIT,ATL,8,11.0,1.4,4.0,0.5,0,,20260925T013701Z
2026,1,REG,2026_01_ATL_PIT,202609130pit,RobiBi01,Bijan Robinson,ATL,PIT,21,33.0,1.6,50.0,2.4,5,,20260925T013701Z
2026,1,REG,2026_01_ATL_PIT,202609130pit,RobiBr01,Brian Robinson Jr.,ATL,PIT,9,11.0,1.2,20.0,2.2,1,,20260925T013701Z
2026,1,REG,2026_01_NYJ_TEN,202609130oti,SpeaTy00,Tyjae Spears,TEN,NYJ,3,7.0,2.3,5.0,1.7,0,,20260925T013701Z
2026,1,REG,2026_01_NYJ_TEN,202609130oti,AlleBr05,Braelon Allen,NYJ,TEN,10,14.0,1.4,26.0,2.6,4,,20260925T013701Z
2026,1,REG,2026_01_NYJ_TEN,202609130oti,SmitGe00,Geno Smith,NYJ,TEN,6,6.0,1.0,1.0,0.2,0,,20260925T013701Z
2026,1,REG,2026_01_ARI_LAC,202609130sdg,HampOm00,Omarion Hampton,LAC,ARI,12,18.0,1.5,25.0,2.1,6,,20260925T013701Z
2026,1,REG,2026_01_ARI_LAC,202609130sdg,HerbJu00,Justin Herbert,LAC,ARI,5,27.0,5.4,2.0,0.4,0,,20260925T013701Z
2026,1,REG,2026_01_ARI_LAC,202609130sdg,LoveJe00,Jeremiyah Love,ARI,LAC,11,15.0,1.4,26.0,2.4,1,,20260925T013701Z
2026,1,REG,2026_01_ARI_LAC,202609130sdg,BrisJa00,Jacoby Brissett,ARI,LAC,6,12.0,2.0,2.0,0.3,0,,20260925T013701Z
2026,1,REG,2026_01_MIA_LV,202609130rai,JeanAs00,Ashton Jeanty,LV,MIA,23,45.0,2.0,57.0,2.5,4,,20260925T013701Z
2026,1,REG,2026_01_MIA_LV,202609130rai,CousKi00,Kirk Cousins,LV,MIA,5,-6.0,-1.2,0.0,0.0,0,,20260925T013701Z
2026,1,REG,2026_01_MIA_LV,202609130rai,WillMa12,Malik Willis,MIA,LV,6,37.0,6.2,2.0,0.3,0,,20260925T013701Z
2026,1,REG,2026_01_MIA_LV,202609130rai,WrigJa04,Jaylen Wright,MIA,LV,1,-1.0,-1.0,0.0,0.0,0,,20260925T013701Z
2026,1,REG,2026_01_GB_MIN,202609130min,WentCa00,Carson Wentz,MIN,GB,5,-3.0,-0.6,2.0,0.4,0,,20260925T013701Z
2026,1,REG,2026_01_GB_MIN,202609130min,LloyMa00,MarShawn Lloyd,GB,MIN,13,24.0,1.8,13.0,1.0,0,,20260925T013701Z
2026,1,REG,2026_01_GB_MIN,202609130min,LoveJo03,Jordan Love,GB,MIN,1,0.0,0.0,0.0,0.0,0,,20260925T013701Z
2026,1,REG,2026_01_WAS_PHI,202609130phi,BarkSa00,Saquon Barkley,PHI,WAS,15,20.0,1.3,63.0,4.2,1,,20260925T013701Z
2026,1,REG,2026_01_WAS_PHI,202609130phi,AlleKa01,Kaytron Allen,WAS,PHI,4,9.0,2.3,7.0,1.8,0,,20260925T013701Z
2026,1,REG,2026_01_DAL_NYG,202609130nyg,DartJa00,Jaxson Dart,NYG,DAL,11,46.0,4.2,8.0,0.7,0,,20260925T013701Z
2026,1,REG,2026_01_DAL_NYG,202609130nyg,SingDe00,Devin Singletary,NYG,DAL,6,5.0,0.8,11.0,1.8,0,,20260925T013701Z
2026,1,REG,2026_01_DAL_NYG,202609130nyg,DemeEm00,Emari Demercado,DAL,NYG,2,0.0,0.0,7.0,3.5,0,,20260925T013701Z
2026,1,REG,2026_01_DEN_KC,202609140kan,DobbJK00,J.K. Dobbins,DEN,KC,8,8.0,1.0,28.0,3.5,0,,20260925T013701Z
2026,1,REG,2026_01_DEN_KC,202609140kan,HarvRJ00,RJ Harvey,DEN,KC,3,11.0,3.7,7.0,2.3,0,,20260925T013701Z
2026,2,REG,2026_02_DET_BUF,202609170buf,CookJa01,James Cook,BUF,DET,21,103.0,4.9,32.0,1.5,1,,20260925T013701Z
2026,2,REG,2026_02_DET_BUF,202609170buf,GibbJa01,Jahmyr Gibbs,DET,BUF,16,30.0,1.9,22.0,1.4,6,,20260925T013701Z
2026,2,REG,2026_02_DET_BUF,202609170buf,GoffJa00,Jared Goff,DET,BUF,3,7.0,2.3,0.0,0.0,0,,20260925T013701Z
2026,2,REG,2026_02_CAR_ATL,202609200atl,RobiBr01,Brian Robinson Jr.,ATL,CAR,11,31.0,2.8,20.0,1.8,0,,20260925T013701Z
2026,2,REG,2026_02_CAR_ATL,202609200atl,LondDr00,Drake London,ATL,CAR,1,-2.0,-2.0,0.0,0.0,0,,20260925T013701Z
2026,2,REG,2026_02_CAR_ATL,202609200atl,HubbCh01,Chuba Hubbard,CAR,ATL,12,40.0,3.3,13.0,1.1,2,,20260925T013701Z
2026,2,REG,2026_02_CAR_ATL,202609200atl,BrooJo02,Jonathon Brooks,CAR,ATL,5,16.0,3.2,0.0,0.0,0,,20260925T013701Z
2026,2,REG,2026_02_CAR_ATL,202609200atl,PickKe00,Kenny Pickett,CAR,ATL,1,-4.0,-4.0,0.0,0.0,0,,20260925T013701Z
2026,2,REG,2026_02_CAR_ATL,202609200atl,YounBr01,Bryce Young,CAR,ATL,1,6.0,6.0,0.0,0.0,0,,20260925T013701Z
2026,2,REG,2026_02_NO_BAL,202609200rav,HenrDe00,Derrick Henry,BAL,NO,16,34.0,2.1,34.0,2.1,4,,20260925T013701Z
2026,2,REG,2026_02_NO_BAL,202609200rav,JackLa00,Lamar Jackson,BAL,NO,4,19.0,4.8,15.0,3.8,3,,20260925T013701Z
2026,2,REG,2026_02_NO_BAL,202609200rav,HillJu00,Justice Hill,BAL,NO,2,6.0,3.0,0.0,0.0,0,,20260925T013701Z
2026,2,REG,2026_02_NO_BAL,202609200rav,ShouTy00,Tyler Shough,NO,BAL,9,2.0,0.2,21.0,2.3,2,,20260925T013701Z
2026,2,REG,2026_02_NO_BAL,202609200rav,DonaCJ00,CJ Donaldson,NO,BAL,1,2.0,2.0,0.0,0.0,0,,20260925T013701Z
2026,2,REG,2026_02_MIN_CHI,202609200chi,MonaKy00,Kyle Monangai,CHI,MIN,10,27.0,2.7,20.0,2.0,1,,20260925T013701Z
2026,2,REG,2026_02_MIN_CHI,202609200chi,WillCa03,Caleb Williams,CHI,MIN,5,34.0,6.8,8.0,1.6,1,,20260925T013701Z
2026,2,REG,2026_02_CIN_HOU,202609200htx,NoelJa00,Jaylin Noel,HOU,CIN,1,6.0,6.0,7.0,7.0,0,,20260925T013701Z
2026,2,REG,2026_02_CIN_HOU,202609200htx,BrowCh10,Chase Brown,CIN,HOU,20,42.0,2.1,38.0,1.9,2,,20260925T013701Z
2026,2,REG,2026_02_CIN_HOU,202609200htx,BurrJo01,Joe Burrow,CIN,HOU,1,-1.0,-1.0,0.0,0.0,0,,20260925T013701Z
2026,2,REG,2026_02_PIT_NE,202609200nwe,DowdRi01,Rico Dowdle,PIT,NE,7,15.0,2.1,7.0,1.0,0,,20260925T013701Z
2026,2,REG,2026_02_PIT_NE,202609200nwe,HomeTr00,Travis Homer,PIT,NE,2,10.0,5.0,6.0,3.0,0,,20260925T013701Z
2026,2,REG,2026_02_GB_NYJ,202609200nyj,AlleBr05,Braelon Allen,NYJ,GB,5,6.0,1.2,1.0,0.2,0,,20260925T013701Z
2026,2,REG,2026_02_GB_NYJ,202609200nyj,LloyMa00,MarShawn Lloyd,GB,NYJ,6,13.0,2.2,7.0,1.2,1,,20260925T013701Z
2026,2,REG,2026_02_GB_NYJ,202609200nyj,BrooCh00,Chris Brooks,GB,NYJ,4,6.0,1.5,5.0,1.3,0,,20260925T013701Z
2026,2,REG,2026_02_CLE_TB,202609200tam,MayfBa00,Baker Mayfield,TB,CLE,4,18.0,4.5,11.0,2.8,0,,20260925T013701Z
2026,2,REG,2026_02_CLE_TB,202609200tam,GainKe00,Kenneth Gainwell,TB,CLE,2,-1.0,-0.5,11.0,5.5,1,,20260925T013701Z
2026,2,REG,2026_02_CLE_TB,202609200tam,EgbuEm01,Emeka Egbuka,TB,CLE,1,-3.0,-3.0,0.0,0.0,0,,20260925T013701Z
2026,2,REG,2026_02_CLE_TB,202609200tam,SandRa00,Raheim Sanders,CLE,TB,2,0.0,0.0,4.0,2.0,0,,20260925T013701Z
2026,2,REG,2026_02_CLE_TB,202609200tam,ConcKC00,KC Concepcion,CLE,TB,1,-6.0,-6.0,0.0,0.0,0,,20260925T013701Z
2026,2,REG,2026_02_PHI_TEN,202609200oti,WardCa00,Cam Ward,TEN,PHI,4,6.0,1.5,1.0,0.3,0,,20260925T013701Z
2026,2,REG,2026_02_PHI_TEN,202609200oti,HurtJa00,Jalen Hurts,PHI,TEN,5,14.0,2.8,2.0,0.4,0,,20260925T013701Z
2026,2,REG,2026_02_PHI_TEN,202609200oti,BarkSa00,Saquon Barkley,PHI,TEN,4,6.0,1.5,3.0,0.8,0,,20260925T013701Z
2026,2,REG,2026_02_PHI_TEN,202609200oti,BrowMa04,Marquise Brown,PHI,TEN,2,12.0,6.0,0.0,0.0,0,,20260925T013701Z
2026,2,REG,2026_02_PHI_TEN,202609200oti,LemoMa00,Makai Lemon,PHI,TEN,1,-5.0,-5.0,0.0,0.0,0,,20260925T013701Z
2026,2,REG,2026_02_JAX_DEN,202609200den,ColeJo00,Jonah Coleman,DEN,JAX,10,29.0,2.9,10.0,1.0,0,,20260925T013701Z
2026,2,REG,2026_02_JAX_DEN,202609200den,NixxBo00,Bo Nix,DEN,JAX,5,6.0,1.2,0.0,0.0,0,,20260925T013701Z
2026,2,REG,2026_02_JAX_DEN,202609200den,LawrTr00,Trevor Lawrence,JAX,DEN,2,2.0,1.0,4.0,2.0,0,,20260925T013701Z
2026,2,REG,2026_02_LV_LAC,202609200sdg,HampOm00,Omarion Hampton,LAC,LV,23,50.0,2.2,44.0,1.9,1,,20260925T013701Z
2026,2,REG,2026_02_LV_LAC,202609200sdg,JohnQu02,Quentin Johnston,LAC,LV,1,5.0,5.0,2.0,2.0,0,,20260925T013701Z
2026,2,REG,2026_02_LV_LAC,202609200sdg,CousKi00,Kirk Cousins,LV,LAC,4,1.0,0.3,0.0,0.0,0,,20260925T013701Z
2026,2,REG,2026_02_SEA_ARI,202609200crd,AllgTy00,Tyler Allgeier,ARI,SEA,5,4.0,0.8,6.0,1.2,0,,20260925T013701Z
2026,2,REG,2026_02_SEA_ARI,202609200crd,KnigZo00,Zonovan Knight,ARI,SEA,2,15.0,7.5,9.0,4.5,0,,20260925T013701Z
2026,2,REG,2026_02_SEA_ARI,202609200crd,WilsEm00,Emanuel Wilson,SEA,ARI,21,60.0,2.9,32.0,1.5,0,,20260925T013701Z
2026,2,REG,2026_02_SEA_ARI,202609200crd,PricJa02,Jadarian Price,SEA,ARI,13,31.0,2.4,21.0,1.6,1,,20260925T013701Z
2026,2,REG,2026_02_SEA_ARI,202609200crd,HolaGe00,George Holani,SEA,ARI,4,8.0,2.0,5.0,1.3,0,,20260925T013701Z
2026,2,REG,2026_02_SEA_ARI,202609200crd,ShahRa00,Rashid Shaheed,SEA,ARI,1,1.0,1.0,3.0,3.0,0,,20260925T013701Z
2026,2,REG,2026_02_WAS_DAL,202609200dal,WillJa10,Javonte Williams,DAL,WAS,12,18.0,1.5,12.0,1.0,0,,20260925T013701Z
2026,2,REG,2026_02_WAS_DAL,202609200dal,PresDa01,Dak Prescott,DAL,WAS,4,23.0,5.8,3.0,0.8,0,,20260925T013701Z
2026,2,REG,2026_02_WAS_DAL,202609200dal,LuepHu00,Hunter Luepke,DAL,WAS,1,1.0,1.0,0.0,0.0,0,,20260925T013701Z
2026,2,REG,2026_02_WAS_DAL,202609200dal,CrosJa00,Jacory Croskey-Merritt,WAS,DAL,12,24.0,2.0,19.0,1.6,0,,20260925T013701Z
2026,2,REG,2026_02_WAS_DAL,202609200dal,AlleKa01,Kaytron Allen,WAS,DAL,5,16.0,3.2,8.0,1.6,0,,20260925T013701Z
2026,2,REG,2026_02_WAS_DAL,202609200dal,MariMa01,Marcus Mariota,WAS,DAL,1,3.0,3.0,0.0,0.0,0,,20260925T013701Z
2026,2,REG,2026_02_MIA_SF,202609200sfo,JameJo01,Jordan James,SF,MIA,4,4.0,1.0,11.0,2.8,0,,20260925T013701Z
2026,2,REG,2026_02_MIA_SF,202609200sfo,JoneMa05,Mac Jones,SF,MIA,2,-2.0,-1.0,0.0,0.0,0,,20260925T013701Z
2026,2,REG,2026_02_MIA_SF,202609200sfo,AchaDe00,De'Von Achane,MIA,SF,20,44.0,2.2,30.0,1.5,0,,20260925T013701Z
2026,2,REG,2026_02_MIA_SF,202609200sfo,GordOl00,Ollie Gordon,MIA,SF,3,4.0,1.3,3.0,1.0,0,,20260925T013701Z
2026,2,REG,2026_02_MIA_SF,202609200sfo,WillMa12,Malik Willis,MIA,SF,2,6.0,3.0,0.0,0.0,0,,20260925T013701Z
2026,2,REG,2026_02_MIA_SF,202609200sfo,WrigJa04,Jaylen Wright,MIA,SF,2,6.0,3.0,5.0,2.5,0,,20260925T013701Z
2026,2,REG,2026_02_MIA_SF,202609200sfo,PiniBr00,Bradley Pinion,MIA,SF,1,0.0,0.0,0.0,0.0,0,,20260925T013701Z
2026,2,REG,2026_02_MIA_SF,202609200sfo,WashMa00,Malik Washington,MIA,SF,1,0.0,0.0,4.0,4.0,0,,20260925T013701Z
2026,2,REG,2026_02_IND_KC,202609200kan,WalkKe00,Kenneth Walker III,KC,IND,24,57.0,2.4,60.0,2.5,3,,20260925T013701Z
2026,2,REG,2026_02_IND_KC,202609200kan,JohnEm01,Emmett Johnson,KC,IND,2,4.0,2.0,11.0,5.5,0,,20260925T013701Z
2026,2,REG,2026_02_IND_KC,202609200kan,TongKh00,Khyiris Tonga,KC,IND,1,1.0,1.0,2.0,2.0,0,,20260925T013701Z
2026,2,REG,2026_02_IND_KC,202609200kan,BurkDe02,Deion Burks,IND,KC,2,9.0,4.5,5.0,2.5,0,,20260925T013701Z
2026,2,REG,2026_02_IND_KC,202609200kan,McGoSe01,Seth McGowan,IND,KC,2,0.0,0.0,0.0,0.0,0,,20260925T013701Z
2026,2,REG,2026_02_NYG_LA,202609210ram,StafMa00,Matthew Stafford,LA,NYG,4,-2.0,-0.5,1.0,0.3,0,,20260925T013701Z
2026,2,REG,2026_02_NYG_LA,202609210ram,SkatCa00,Cam Skattebo,NYG,LA,12,15.0,1.3,21.0,1.8,1,,20260925T013701Z
2026,2,REG,2026_02_NYG_LA,202609210ram,SingDe00,Devin Singletary,NYG,LA,3,6.0,2.0,3.0,1.0,0,,20260925T013701Z
2026,2,REG,2026_02_NYG_LA,202609210ram,WinsJa00,Jameis Winston,NYG,LA,2,1.0,0.5,0.0,0.0,0,,20260925T013701Z
2026,1,REG,2026_01_NE_SEA,202609090sea,PricJa02,Jadarian Price,SEA,NE,10,35.0,3.5,17.0,1.7,0,,20260925T013701Z
2026,1,REG,2026_01_NE_SEA,202609090sea,HolaGe00,George Holani,SEA,NE,8,15.0,1.9,14.0,1.8,0,,20260925T013701Z
2026,1,REG,2026_01_NE_SEA,202609090sea,WilsEm00,Emanuel Wilson,SEA,NE,2,3.0,1.5,0.0,0.0,0,,20260925T013701Z
2026,1,REG,2026_01_NE_SEA,202609090sea,StevRh00,Rhamondre Stevenson,NE,SEA,18,17.0,0.9,34.0,1.9,0,,20260925T013701Z
2026,1,REG,2026_01_NE_SEA,202609090sea,MayeDr00,Drake Maye,NE,SEA,7,37.0,5.3,10.0,1.4,0,,20260925T013701Z
2026,1,REG,2026_01_NE_SEA,202609090sea,KineCo00,Corey Kiner,NE,SEA,6,5.0,0.8,6.0,1.0,0,,20260925T013701Z
2026,1,REG,2026_01_SF_LA,202609100ram,WillKy02,Kyren Williams,LA,SF,11,26.0,2.4,15.0,1.4,0,,20260925T013701Z
2026,1,REG,2026_01_SF_LA,202609100ram,CoruBl00,Blake Corum,LA,SF,10,42.0,4.2,12.0,1.2,0,,20260925T013701Z
2026,1,REG,2026_01_SF_LA,202609100ram,RiveRo01,Ronnie Rivers,LA,SF,5,8.0,1.6,11.0,2.2,0,,20260925T013701Z
2026,1,REG,2026_01_SF_LA,202609100ram,BennSt00,Stetson Bennett,LA,SF,1,9.0,9.0,0.0,0.0,0,,20260925T013701Z
2026,1,REG,2026_01_SF_LA,202609100ram,BlacKa00,Kaelon Black,SF,LA,14,48.0,3.4,17.0,1.2,0,,20260925T013701Z
2026,1,REG,2026_01_CHI_CAR,202609130car,DillAJ00,AJ Dillon,CAR,CHI,5,13.0,2.6,15.0,3.0,1,,20260925T013701Z
2026,1,REG,2026_01_CHI_CAR,202609130car,BrooJo02,Jonathon Brooks,CAR,CHI,4,8.0,2.0,6.0,1.5,0,,20260925T013701Z
2026,1,REG,2026_01_CHI_CAR,202609130car,SwifDA00,D'Andre Swift,CHI,CAR,18,52.0,2.9,72.0,4.0,2,,20260925T013701Z
2026,1,REG,2026_01_CHI_CAR,202609130car,MonaKy00,Kyle Monangai,CHI,CAR,10,30.0,3.0,70.0,7.0,0,,20260925T013701Z
2026,1,REG,2026_01_CHI_CAR,202609130car,BurdLu00,Luther Burden,CHI,CAR,1,2.0,2.0,0.0,0.0,0,,20260925T013701Z
2026,1,REG,2026_01_TB_CIN,202609130cin,BrowCh10,Chase Brown,CIN,TB,16,40.0,2.5,16.0,1.0,1,,20260925T013701Z
2026,1,REG,2026_01_TB_CIN,202609130cin,BurrJo01,Joe Burrow,CIN,TB,5,20.0,4.0,0.0,0.0,0,,20260925T013701Z
2026,1,REG,2026_01_TB_CIN,202609130cin,MeyeDo00,Dohnte Meyers,CIN,TB,1,0.0,0.0,10.0,10.0,0,,20260925T013701Z
2026,1,REG,2026_01_TB_CIN,202609130cin,GodwCh00,Chris Godwin,TB,CIN,1,1.0,1.0,2.0,2.0,0,,20260925T013701Z
2026,1,REG,2026_01_NO_DET,202609130det,VakiSi00,Sione Vaki,DET,NO,2,7.0,3.5,0.0,0.0,0,,20260925T013701Z
2026,1,REG,2026_01_NO_DET,202609130det,EtieTr00,Travis Etienne,NO,DET,9,31.0,3.4,15.0,1.7,0,,20260925T013701Z
2026,1,REG,2026_01_NO_DET,202609130det,ShouTy00,Tyler Shough,NO,DET,4,7.0,1.8,1.0,0.3,0,,20260925T013701Z
2026,1,REG,2026_01_BUF_HOU,202609130htx,MontDa01,David Montgomery,HOU,BUF,20,39.0,2.0,21.0,1.1,1,,20260925T013701Z
2026,1,REG,2026_01_BUF_HOU,202609130htx,MarkWo00,Woody Marks,HOU,BUF,9,24.0,2.7,18.0,2.0,1,,20260925T013701Z
2026,1,REG,2026_01_BUF_HOU,202609130htx,CollNi00,Nico Collins,HOU,BUF,1,7.0,7.0,0.0,0.0,0,,20260925T013701Z
2026,1,REG,2026_01_BUF_HOU,202609130htx,AlleJo02,Josh Allen,BUF,HOU,6,18.0,3.0,5.0,0.8,0,,20260925T013701Z
2026,1,REG,2026_01_BAL_IND,202609130clt,JoneDa05,Daniel Jones,IND,BAL,1,3.0,3.0,1.0,1.0,0,,20260925T013701Z
2026,1,REG,2026_01_BAL_IND,202609130clt,HenrDe00,Derrick Henry,BAL,IND,24,49.0,2.0,95.0,4.0,0,,20260925T013701Z
2026,1,REG,2026_01_BAL_IND,202609130clt,HillJu00,Justice Hill,BAL,IND,6,14.0,2.3,4.0,0.7,0,,20260925T013701Z
2026,1,REG,2026_01_CLE_JAX,202609130jax,RodrCh00,Chris Rodriguez,JAX,CLE,6,9.0,1.5,14.0,2.3,1,,20260925T013701Z
2026,1,REG,2026_01_CLE_JAX,202609130jax,AbduAm00,Ameer Abdullah,JAX,CLE,4,13.0,3.3,19.0,4.8,0,,20260925T013701Z
2026,1,REG,2026_01_CLE_JAX,202609130jax,MullNi00,Nick Mullens,JAX,CLE,3,-3.0,-1.0,0.0,0.0,0,,20260925T013701Z
2026,1,REG,2026_01_CLE_JAX,202609130jax,HuntTr00,Travis Hunter,JAX,CLE,1,2.0,2.0,1.0,1.0,0,,20260925T013701Z
2026,1,REG,2026_01_CLE_JAX,202609130jax,JudkQu00,Quinshon Judkins,CLE,JAX,12,23.0,1.9,10.0,0.8,0,,20260925T013701Z
2026,1,REG,2026_01_CLE_JAX,202609130jax,ConcKC00,KC Concepcion,CLE,JAX,3,11.0,3.7,4.0,1.3,0,,20260925T013701Z
2026,1,REG,2026_01_CLE_JAX,202609130jax,SandRa00,Raheim Sanders,CLE,JAX,1,1.0,1.0,0.0,0.0,0,,20260925T013701Z
2026,1,REG,2026_01_ATL_PIT,202609130pit,WarrJa01,Jaylen Warren,PIT,ATL,10,12.0,1.2,34.0,3.4,3,,20260925T013701Z
2026,1,REG,2026_01_ATL_PIT,202609130pit,RodgAa00,Aaron Rodgers,PIT,ATL,3,-3.0,-1.0,0.0,0.0,0,,20260925T013701Z
2026,1,REG,2026_01_ATL_PIT,202609130pit,LondDr00,Drake London,ATL,PIT,1,2.0,2.0,4.0,4.0,0,,20260925T013701Z
2026,1,REG,2026_01_NYJ_TEN,202609130oti,PollTo00,Tony Pollard,TEN,NYJ,7,26.0,3.7,9.0,1.3,1,,20260925T013701Z
2026,1,REG,2026_01_NYJ_TEN,202609130oti,WardCa00,Cam Ward,TEN,NYJ,4,15.0,3.8,6.0,1.5,1,,20260925T013701Z
2026,1,REG,2026_01_NYJ_TEN,202609130oti,HallBr03,Breece Hall,NYJ,TEN,22,58.0,2.6,44.0,2.0,5,,20260925T013701Z
2026,1,REG,2026_01_NYJ_TEN,202609130oti,SadiKe00,Kenyon Sadiq,NYJ,TEN,1,3.0,3.0,0.0,0.0,0,,20260925T013701Z
2026,1,REG,2026_01_ARI_LAC,202609130sdg,MitcKe01,Keaton Mitchell,LAC,ARI,4,1.0,0.3,8.0,2.0,0,,20260925T013701Z
2026,1,REG,2026_01_ARI_LAC,202609130sdg,AllgTy00,Tyler Allgeier,ARI,LAC,17,45.0,2.6,16.0,0.9,3,,20260925T013701Z
2026,1,REG,2026_01_MIA_LV,202609130rai,WashMi00,Mike Washington Jr.,LV,MIA,7,30.0,4.3,11.0,1.6,0,,20260925T013701Z
2026,1,REG,2026_01_MIA_LV,202609130rai,BensMa00,Malik Benson,LV,MIA,1,-8.0,-8.0,0.0,0.0,0,,20260925T013701Z
2026,1,REG,2026_01_MIA_LV,202609130rai,HeywCo00,Connor Heyward,LV,MIA,1,1.0,1.0,0.0,0.0,0,,20260925T013701Z
2026,1,REG,2026_01_MIA_LV,202609130rai,AchaDe00,De'Von Achane,MIA,LV,11,21.0,1.9,15.0,1.4,0,,20260925T013701Z
2026,1,REG,2026_01_GB_MIN,202609130min,MasoJo00,Jordan Mason,MIN,GB,15,24.0,1.6,35.0,2.3,0,,20260925T013701Z
2026,1,REG,2026_01_GB_MIN,202609130min,JoneAa00,Aaron Jones,MIN,GB,12,20.0,1.7,20.0,1.7,0,,20260925T013701Z
2026,1,REG,2026_01_GB_MIN,202609130min,MurrKy00,Kyler Murray,MIN,GB,2,9.0,4.5,0.0,0.0,0,,20260925T013701Z
2026,1,REG,2026_01_GB_MIN,202609130min,BrooCh00,Chris Brooks,GB,MIN,7,19.0,2.7,10.0,1.4,0,,20260925T013701Z
2026,1,REG,2026_01_WAS_PHI,202609130phi,HurtJa00,Jalen Hurts,PHI,WAS,7,26.0,3.7,20.0,2.9,1,,20260925T013701Z
2026,1,REG,2026_01_WAS_PHI,202609130phi,ShipWi00,Will Shipley,PHI,WAS,2,3.0,1.5,1.0,0.5,0,,20260925T013701Z
2026,1,REG,2026_01_WAS_PHI,202609130phi,BigsTa00,Tank Bigsby,PHI,WAS,1,2.0,2.0,1.0,1.0,0,,20260925T013701Z
2026,1,REG,2026_01_WAS_PHI,202609130phi,CrosJa00,Jacory Croskey-Merritt,WAS,PHI,16,41.0,2.6,22.0,1.4,0,,20260925T013701Z
2026,1,REG,2026_01_WAS_PHI,202609130phi,WhitRa01,Rachaad White,WAS,PHI,7,14.0,2.0,8.0,1.1,1,,20260925T013701Z
2026,1,REG,2026_01_WAS_PHI,202609130phi,DaniJa02,Jayden Daniels,WAS,PHI,5,10.0,2.0,21.0,4.2,1,,20260925T013701Z
2026,1,REG,2026_01_DAL_NYG,202609130nyg,SkatCa00,Cam Skattebo,NYG,DAL,18,24.0,1.3,57.0,3.2,2,,20260925T013701Z
2026,1,REG,2026_01_DAL_NYG,202609130nyg,TracTy00,Tyrone Tracy Jr.,NYG,DAL,2,5.0,2.5,9.0,4.5,0,,20260925T013701Z
2026,1,REG,2026_01_DAL_NYG,202609130nyg,WillJa10,Javonte Williams,DAL,NYG,12,16.0,1.3,25.0,2.1,2,,20260925T013701Z
2026,1,REG,2026_01_DAL_NYG,202609130nyg,PresDa01,Dak Prescott,DAL,NYG,2,10.0,5.0,4.0,2.0,1,,20260925T013701Z
2026,1,REG,2026_01_DAL_NYG,202609130nyg,LambCe00,CeeDee Lamb,DAL,NYG,1,0.0,0.0,0.0,0.0,0,,20260925T013701Z
2026,1,REG,2026_01_DAL_NYG,202609130nyg,LuepHu00,Hunter Luepke,DAL,NYG,1,7.0,7.0,0.0,0.0,0,,20260925T013701Z
2026,1,REG,2026_01_DEN_KC,202609140kan,WalkKe00,Kenneth Walker III,KC,DEN,23,46.0,2.0,127.0,5.5,3,,20260925T013701Z
2026,1,REG,2026_01_DEN_KC,202609140kan,JohnEm01,Emmett Johnson,KC,DEN,8,7.0,0.9,17.0,2.1,0,,20260925T013701Z
2026,1,REG,2026_01_DEN_KC,202609140kan,MahoPa00,Patrick Mahomes,KC,DEN,7,6.0,0.9,17.0,2.4,0,,20260925T013701Z
2026,1,REG,2026_01_DEN_KC,202609140kan,NixxBo00,Bo Nix,DEN,KC,3,2.0,0.7,0.0,0.0,0,,20260925T013701Z
2026,1,REG,2026_01_DEN_KC,202609140kan,FranTr00,Troy Franklin,DEN,KC,1,3.0,3.0,2.0,2.0,0,,20260925T013701Z
2026,2,REG,2026_02_DET_BUF,202609170buf,AlleJo02,Josh Allen,BUF,DET,14,55.0,3.9,14.0,1.0,0,,20260925T013701Z
2026,2,REG,2026_02_DET_BUF,202609170buf,MoorD.00,D.J. Moore,BUF,DET,1,-1.0,-1.0,0.0,0.0,0,,20260925T013701Z
2026,2,REG,2026_02_DET_BUF,202609170buf,VakiSi00,Sione Vaki,DET,BUF,1,4.0,4.0,3.0,3.0,0,,20260925T013701Z
2026,2,REG,2026_02_CAR_ATL,202609200atl,RobiBi01,Bijan Robinson,ATL,CAR,16,46.0,2.9,26.0,1.6,1,,20260925T013701Z
2026,2,REG,2026_02_CAR_ATL,202609200atl,RushCo00,Cooper Rush,ATL,CAR,2,20.0,10.0,0.0,0.0,0,,20260925T013701Z
2026,2,REG,2026_02_CAR_ATL,202609200atl,StraJa00,Jack Strand,ATL,CAR,2,16.0,8.0,0.0,0.0,0,,20260925T013701Z
2026,2,REG,2026_02_CAR_ATL,202609200atl,DillAJ00,AJ Dillon,CAR,ATL,3,-3.0,-1.0,0.0,0.0,0,,20260925T013701Z
2026,2,REG,2026_02_NO_BAL,202609200rav,KamaAl00,Alvin Kamara,NO,BAL,9,3.0,0.3,12.0,1.3,2,,20260925T013701Z
2026,2,REG,2026_02_NO_BAL,202609200rav,EtieTr00,Travis Etienne,NO,BAL,8,14.0,1.8,11.0,1.4,2,,20260925T013701Z
2026,2,REG,2026_02_MIN_CHI,202609200chi,SwifDA00,D'Andre Swift,CHI,MIN,16,24.0,1.5,21.0,1.3,0,,20260925T013701Z
2026,2,REG,2026_02_MIN_CHI,202609200chi,JoneAa00,Aaron Jones,MIN,CHI,23,74.0,3.2,31.0,1.3,1,,20260925T013701Z
2026,2,REG,2026_02_MIN_CHI,202609200chi,WentCa00,Carson Wentz,MIN,CHI,3,5.0,1.7,1.0,0.3,0,,20260925T013701Z
2026,2,REG,2026_02_MIN_CHI,202609200chi,DallDe00,DeeJay Dallas,MIN,CHI,2,5.0,2.5,3.0,1.5,0,,20260925T013701Z
2026,2,REG,2026_02_CIN_HOU,202609200htx,MarkWo00,Woody Marks,HOU,CIN,8,2.0,0.3,6.0,0.8,0,,20260925T013701Z
2026,2,REG,2026_02_CIN_HOU,202609200htx,MontDa01,David Montgomery,HOU,CIN,6,4.0,0.7,6.0,1.0,0,,20260925T013701Z
2026,2,REG,2026_02_CIN_HOU,202609200htx,StroCJ00,C.J. Stroud,HOU,CIN,3,29.0,9.7,0.0,0.0,0,,20260925T013701Z
2026,2,REG,2026_02_CIN_HOU,202609200htx,PeriSa00,Samaje Perine,CIN,HOU,2,3.0,1.5,3.0,1.5,0,,20260925T013701Z
2026,2,REG,2026_02_PIT_NE,202609200nwe,HendTr02,TreVeyon Henderson,NE,PIT,16,39.0,2.4,37.0,2.3,0,,20260925T013701Z
2026,2,REG,2026_02_PIT_NE,202609200nwe,StevRh00,Rhamondre Stevenson,NE,PIT,6,19.0,3.2,24.0,4.0,0,,20260925T013701Z
2026,2,REG,2026_02_PIT_NE,202609200nwe,MayeDr00,Drake Maye,NE,PIT,4,14.0,3.5,3.0,0.8,0,,20260925T013701Z
2026,2,REG,2026_02_PIT_NE,202609200nwe,KineCo00,Corey Kiner,NE,PIT,2,-2.0,-1.0,2.0,1.0,0,,20260925T013701Z
2026,2,REG,2026_02_PIT_NE,202609200nwe,WarrJa01,Jaylen Warren,PIT,NE,11,22.0,2.0,21.0,1.9,0,,20260925T013701Z
2026,2,REG,2026_02_PIT_NE,202609200nwe,FreiPa00,Pat Freiermuth,PIT,NE,1,1.0,1.0,1.0,1.0,0,,20260925T013701Z
2026,2,REG,2026_02_PIT_NE,202609200nwe,RodgAa00,Aaron Rodgers,PIT,NE,1,5.0,5.0,0.0,0.0,0,,20260925T013701Z
2026,2,REG,2026_02_PIT_NE,202609200nwe,RudoMa00,Mason Rudolph,PIT,NE,1,0.0,0.0,3.0,3.0,0,,20260925T013701Z
2026,2,REG,2026_02_GB_NYJ,202609200nyj,HallBr03,Breece Hall,NYJ,GB,16,16.0,1.0,13.0,0.8,0,,20260925T013701Z
2026,2,REG,2026_02_GB_NYJ,202609200nyj,SmitGe00,Geno Smith,NYJ,GB,5,9.0,1.8,8.0,1.6,0,,20260925T013701Z
2026,2,REG,2026_02_GB_NYJ,202609200nyj,WillIs03,Isaiah Williams,NYJ,GB,1,6.0,6.0,8.0,8.0,1,,20260925T013701Z
2026,2,REG,2026_02_GB_NYJ,202609200nyj,JohnKa03,Kaleb Johnson,GB,NYJ,8,13.0,1.6,19.0,2.4,2,,20260925T013701Z
2026,2,REG,2026_02_CLE_TB,202609200tam,IrviBu00,Bucky Irving,TB,CLE,17,57.0,3.4,32.0,1.9,1,,20260925T013701Z
2026,2,REG,2026_02_CLE_TB,202609200tam,GodwCh00,Chris Godwin,TB,CLE,1,10.0,10.0,2.0,2.0,0,,20260925T013701Z
2026,2,REG,2026_02_CLE_TB,202609200tam,JudkQu00,Quinshon Judkins,CLE,TB,12,5.0,0.4,16.0,1.3,0,,20260925T013701Z
2026,2,REG,2026_02_CLE_TB,202609200tam,WatsDe00,Deshaun Watson,CLE,TB,7,7.0,1.0,15.0,2.1,0,,20260925T013701Z
2026,2,REG,2026_02_CLE_TB,202609200tam,McLaJa00,Jaleel McLaughlin,CLE,TB,1,1.0,1.0,2.0,2.0,0,,20260925T013701Z
2026,2,REG,2026_02_PHI_TEN,202609200oti,PollTo00,Tony Pollard,TEN,PHI,14,31.0,2.2,33.0,2.4,1,,20260925T013701Z
2026,2,REG,2026_02_PHI_TEN,202609200oti,SpeaTy00,Tyjae Spears,TEN,PHI,7,25.0,3.6,16.0,2.3,0,,20260925T013701Z
2026,2,REG,2026_02_PHI_TEN,202609200oti,SingNi01,Nicholas Singleton,TEN,PHI,4,7.0,1.8,3.0,0.8,0,,20260925T013701Z
2026,2,REG,2026_02_PHI_TEN,202609200oti,BigsTa00,Tank Bigsby,PHI,TEN,13,13.0,1.0,20.0,1.5,0,,20260925T013701Z
2026,2,REG,2026_02_PHI_TEN,202609200oti,ShipWi00,Will Shipley,PHI,TEN,7,16.0,2.3,8.0,1.1,0,,20260925T013701Z
2026,2,REG,2026_02_JAX_DEN,202609200den,DobbJK00,J.K. Dobbins,DEN,JAX,10,20.0,2.0,16.0,1.6,0,,20260925T013701Z
2026,2,REG,2026_02_JAX_DEN,202609200den,AdkiNa00,Nate Adkins,DEN,JAX,1,5.0,5.0,1.0,1.0,0,,20260925T013701Z
2026,2,REG,2026_02_JAX_DEN,202609200den,BadiTy00,Tyler Badie,DEN,JAX,1,0.0,0.0,1.0,1.0,0,,20260925T013701Z
2026,2,REG,2026_02_JAX_DEN,202609200den,BryaPa00,Pat Bryant,DEN,JAX,1,14.0,14.0,2.0,2.0,0,,20260925T013701Z
2026,2,REG,2026_02_JAX_DEN,202609200den,TuteBh00,Bhayshul Tuten,JAX,DEN,13,27.0,2.1,38.0,2.9,0,,20260925T013701Z
2026,2,REG,2026_02_JAX_DEN,202609200den,RodrCh00,Chris Rodriguez,JAX,DEN,6,2.0,0.3,11.0,1.8,0,,20260925T013701Z
2026,2,REG,2026_02_JAX_DEN,202609200den,AbduAm00,Ameer Abdullah,JAX,DEN,3,6.0,2.0,5.0,1.7,0,,20260925T013701Z
2026,2,REG,2026_02_LV_LAC,202609200sdg,MitcKe01,Keaton Mitchell,LAC,LV,5,21.0,4.2,3.0,0.6,0,,20260925T013701Z
2026,2,REG,2026_02_LV_LAC,202609200sdg,HerbJu00,Justin Herbert,LAC,LV,3,1.0,0.3,1.0,0.3,0,,20260925T013701Z
2026,2,REG,2026_02_LV_LAC,202609200sdg,JeanAs00,Ashton Jeanty,LV,LAC,21,21.0,1.0,27.0,1.3,0,,20260925T013701Z
2026,2,REG,2026_02_LV_LAC,202609200sdg,WashMi00,Mike Washington Jr.,LV,LAC,3,4.0,1.3,3.0,1.0,0,,20260925T013701Z
2026,2,REG,2026_02_LV_LAC,202609200sdg,HeywCo00,Connor Heyward,LV,LAC,1,0.0,0.0,1.0,1.0,0,,20260925T013701Z
2026,2,REG,2026_02_SEA_ARI,202609200crd,LoveJe00,Jeremiyah Love,ARI,SEA,9,18.0,2.0,11.0,1.2,0,,20260925T013701Z
2026,2,REG,2026_02_SEA_ARI,202609200crd,BrisJa00,Jacoby Brissett,ARI,SEA,1,6.0,6.0,1.0,1.0,0,,20260925T013701Z
2026,2,REG,2026_02_SEA_ARI,202609200crd,BarnAJ00,AJ Barner,SEA,ARI,1,0.0,0.0,1.0,1.0,0,,20260925T013701Z
2026,2,REG,2026_02_WAS_DAL,202609200dal,DemeEm00,Emari Demercado,DAL,WAS,3,5.0,1.7,3.0,1.0,0,,20260925T013701Z
2026,2,REG,2026_02_WAS_DAL,202609200dal,TurpKa00,KaVontae Turpin,DAL,WAS,1,1.0,1.0,0.0,0.0,0,,20260925T013701Z
2026,2,REG,2026_02_WAS_DAL,202609200dal,DaniJa02,Jayden Daniels,WAS,DAL,7,69.0,9.9,0.0,0.0,0,,20260925T013701Z
2026,2,REG,2026_02_WAS_DAL,202609200dal,WhitRa01,Rachaad White,WAS,DAL,7,24.0,3.4,19.0,2.7,2,,20260925T013701Z
2026,2,REG,2026_02_MIA_SF,202609200sfo,McCaCh01,Christian McCaffrey,SF,MIA,10,11.0,1.1,12.0,1.2,0,,20260925T013701Z
2026,2,REG,2026_02_MIA_SF,202609200sfo,BlacKa00,Kaelon Black,SF,MIA,7,11.0,1.6,14.0,2.0,1,,20260925T013701Z
2026,2,REG,2026_02_MIA_SF,202609200sfo,PurdBr00,Brock Purdy,SF,MIA,3,30.0,10.0,0.0,0.0,0,,20260925T013701Z
2026,2,REG,2026_02_MIA_SF,202609200sfo,SamuDe00,Deebo Samuel,SF,MIA,1,2.0,2.0,2.0,2.0,0,,20260925T013701Z
2026,2,REG,2026_02_IND_KC,202609200kan,MahoPa00,Patrick Mahomes,KC,IND,2,11.0,5.5,6.0,3.0,0,,20260925T013701Z
2026,2,REG,2026_02_IND_KC,202609200kan,TaylJo02,Jonathan Taylor,IND,KC,24,40.0,1.7,52.0,2.2,0,,20260925T013701Z
2026,2,REG,2026_02_IND_KC,202609200kan,JoneDa05,Daniel Jones,IND,KC,3,7.0,2.3,3.0,1.0,0,,20260925T013701Z
2026,2,REG,2026_02_IND_KC,202609200kan,WarrTy00,Tyler Warren,IND,KC,1,0.0,0.0,3.0,3.0,0,,20260925T013701Z
2026,2,REG,2026_02_NYG_LA,202609210ram,CoruBl00,Blake Corum,LA,NYG,12,53.0,4.4,26.0,2.2,0,,20260925T013701Z
2026,2,REG,2026_02_NYG_LA,202609210ram,WillKy02,Kyren Williams,LA,NYG,12,51.0,4.3,34.0,2.8,0,,20260925T013701Z
2026,2,REG,2026_02_NYG_LA,202609210ram,HarrNa00,Najee Harris,NYG,LA,4,0.0,0.0,6.0,1.5,0,,20260925T013701Z
