season,week,game_type,game_id,pfr_game_id,pfr_player_id,pfr_player_name,team,opponent,rushing_broken_tackles,receiving_broken_tackles,receiving_drop,receiving_drop_pct,receiving_int,receiving_rat,ingest_run_id
2026,1,REG,2026_01_NE_SEA,202609090sea,SmitJa06,Jaxon Smith-Njigba,SEA,NE,,0,0,0.0,0,139.2,20260925T013701Z
2026,1,REG,2026_01_NE_SEA,202609090sea,KuppCo00,Cooper Kupp,SEA,NE,,0,0,0.0,0,106.2,20260925T013701Z
2026,1,REG,2026_01_NE_SEA,202609090sea,PricJa02,Jadarian Price,SEA,NE,,0,0,0.0,0,79.2,20260925T013701Z
2026,1,REG,2026_01_NE_SEA,202609090sea,RussBr00,Brady Russell,SEA,NE,,0,0,0.0,0,108.3,20260925T013701Z
2026,1,REG,2026_01_NE_SEA,202609090sea,HolaGe00,George Holani,SEA,NE,,0,0,0.0,0,39.6,20260925T013701Z
2026,1,REG,2026_01_NE_SEA,202609090sea,DougDe00,DeMario Douglas,NE,SEA,,0,0,0.0,1,34.5,20260925T013701Z
2026,1,REG,2026_01_NE_SEA,202609090sea,StevRh00,Rhamondre Stevenson,NE,SEA,,0,0,0.0,0,97.2,20260925T013701Z
2026,1,REG,2026_01_NE_SEA,202609090sea,BrowAJ00,A.J. Brown,NE,SEA,,0,0,0.0,0,91.7,20260925T013701Z
2026,1,REG,2026_01_NE_SEA,202609090sea,HenrHu00,Hunter Henry,NE,SEA,,1,0,0.0,0,102.8,20260925T013701Z
2026,1,REG,2026_01_NE_SEA,202609090sea,DoubRo00,Romeo Doubs,NE,SEA,,0,1,0.333,1,0.0,20260925T013701Z
2026,1,REG,2026_01_SF_LA,202609100ram,WillKy02,Kyren Williams,LA,SF,,0,0,0.0,0,100.0,20260925T013701Z
2026,1,REG,2026_01_SF_LA,202609100ram,AdamDa01,Davante Adams,LA,SF,,0,0,0.0,0,61.8,20260925T013701Z
2026,1,REG,2026_01_SF_LA,202609100ram,RiveRo01,Ronnie Rivers,LA,SF,,1,0,0.0,0,87.5,20260925T013701Z
2026,1,REG,2026_01_SF_LA,202609100ram,MumpKo00,Konata Mumpfield,LA,SF,,0,0,0.0,0,39.6,20260925T013701Z
2026,1,REG,2026_01_SF_LA,202609100ram,FergTe00,Terrance Ferguson,LA,SF,,0,0,0.0,0,39.6,20260925T013701Z
2026,1,REG,2026_01_SF_LA,202609100ram,KittGe00,George Kittle,SF,LA,,1,0,0.0,1,8.3,20260925T013701Z
2026,1,REG,2026_01_SF_LA,202609100ram,BlacKa00,Kaelon Black,SF,LA,,0,0,0.0,0,87.5,20260925T013701Z
2026,1,REG,2026_01_SF_LA,202609100ram,BrenJa01,Jake Brendel,SF,LA,,0,0,0.0,0,79.2,20260925T013701Z
2026,1,REG,2026_01_CHI_CAR,202609130car,McMiTe00,Tetairoa McMillan,CAR,CHI,,0,0,0.0,0,93.2,20260925T013701Z
2026,1,REG,2026_01_CHI_CAR,202609130car,TremTo00,Tommy Tremble,CAR,CHI,,1,0,0.0,0,72.9,20260925T013701Z
2026,1,REG,2026_01_CHI_CAR,202609130car,WallDa01,Darren Waller,CAR,CHI,,0,0,0.0,0,118.7,20260925T013701Z
2026,1,REG,2026_01_CHI_CAR,202609130car,BrooJo02,Jonathon Brooks,CAR,CHI,,0,0,0.0,0,95.8,20260925T013701Z
2026,1,REG,2026_01_CHI_CAR,202609130car,EvanMi01,Mitchell Evans,CAR,CHI,,0,0,0.0,0,62.5,20260925T013701Z
2026,1,REG,2026_01_CHI_CAR,202609130car,HornJi00,Jimmy Horn,CAR,CHI,,0,0,0.0,0,39.6,20260925T013701Z
2026,1,REG,2026_01_CHI_CAR,202609130car,BurdLu00,Luther Burden,CHI,CAR,,1,0,0.0,0,118.7,20260925T013701Z
2026,1,REG,2026_01_CHI_CAR,202609130car,MonaKy00,Kyle Monangai,CHI,CAR,,0,0,0.0,0,116.7,20260925T013701Z
2026,1,REG,2026_01_CHI_CAR,202609130car,WalkJa03,Jahdae Walker,CHI,CAR,,0,0,0.0,0,118.7,20260925T013701Z
2026,1,REG,2026_01_CHI_CAR,202609130car,SwifDA00,D'Andre Swift,CHI,CAR,,1,0,0.0,0,108.3,20260925T013701Z
2026,1,REG,2026_01_TB_CIN,202609130cin,BrowCh10,Chase Brown,CIN,TB,,2,0,0.0,0,81.9,20260925T013701Z
2026,1,REG,2026_01_TB_CIN,202609130cin,SampDr00,Drew Sample,CIN,TB,,0,0,0.0,0,93.1,20260925T013701Z
2026,1,REG,2026_01_TB_CIN,202609130cin,ChasJa00,Ja'Marr Chase,CIN,TB,,0,0,0.0,0,56.2,20260925T013701Z
2026,1,REG,2026_01_TB_CIN,202609130cin,MeyeDo00,Dohnte Meyers,CIN,TB,,0,0,0.0,0,118.7,20260925T013701Z
2026,1,REG,2026_01_TB_CIN,202609130cin,EgbuEm01,Emeka Egbuka,TB,CIN,,0,0,0.0,0,110.4,20260925T013701Z
2026,1,REG,2026_01_TB_CIN,202609130cin,GodwCh00,Chris Godwin,TB,CIN,,1,0,0.0,0,108.3,20260925T013701Z
2026,1,REG,2026_01_TB_CIN,202609130cin,OttoCa00,Cade Otton,TB,CIN,,0,1,0.2,0,73.7,20260925T013701Z
2026,1,REG,2026_01_NO_DET,202609130det,StxxAm00,Amon-Ra St. Brown,DET,NO,,0,0,0.0,0,121.1,20260925T013701Z
2026,1,REG,2026_01_NO_DET,202609130det,LaPoSa01,Sam LaPorta,DET,NO,,0,0,0.0,0,79.2,20260925T013701Z
2026,1,REG,2026_01_NO_DET,202609130det,WillJa11,Jameson Williams,DET,NO,,0,2,0.222,0,60.0,20260925T013701Z
2026,1,REG,2026_01_NO_DET,202609130det,VakiSi00,Sione Vaki,DET,NO,,0,0,0.0,0,112.5,20260925T013701Z
2026,1,REG,2026_01_NO_DET,202609130det,TeSlIs00,Isaac TeSlaa,DET,NO,,0,0,0.0,0,39.6,20260925T013701Z
2026,1,REG,2026_01_NO_DET,202609130det,OlavCh00,Chris Olave,NO,DET,,0,1,0.077,0,118.3,20260925T013701Z
2026,1,REG,2026_01_NO_DET,202609130det,EtieTr00,Travis Etienne,NO,DET,,0,0,0.0,0,81.5,20260925T013701Z
2026,1,REG,2026_01_NO_DET,202609130det,VeleDe00,Devaughn Vele,NO,DET,,0,1,0.111,0,135.6,20260925T013701Z
2026,1,REG,2026_01_NO_DET,202609130det,JohnJu02,Juwan Johnson,NO,DET,,0,0,0.0,0,109.5,20260925T013701Z
2026,1,REG,2026_01_BUF_HOU,202609130htx,CollNi00,Nico Collins,HOU,BUF,,0,0,0.0,0,125.0,20260925T013701Z
2026,1,REG,2026_01_BUF_HOU,202609130htx,MontDa01,David Montgomery,HOU,BUF,,0,0,0.0,0,132.6,20260925T013701Z
2026,1,REG,2026_01_BUF_HOU,202609130htx,MoreFo00,Foster Moreau,HOU,BUF,,0,0,0.0,0,97.9,20260925T013701Z
2026,1,REG,2026_01_BUF_HOU,202609130htx,MarkWo00,Woody Marks,HOU,BUF,,0,0,0.0,0,79.2,20260925T013701Z
2026,1,REG,2026_01_BUF_HOU,202609130htx,StovCa00,Cade Stover,HOU,BUF,,0,0,0.0,0,79.2,20260925T013701Z
2026,1,REG,2026_01_BUF_HOU,202609130htx,KincDa00,Dalton Kincaid,BUF,HOU,,2,0,0.0,0,118.7,20260925T013701Z
2026,1,REG,2026_01_BUF_HOU,202609130htx,MoorD.00,D.J. Moore,BUF,HOU,,0,0,0.0,0,145.8,20260925T013701Z
2026,1,REG,2026_01_BUF_HOU,202609130htx,KnoxDa00,Dawson Knox,BUF,HOU,,0,0,0.0,0,95.8,20260925T013701Z
2026,1,REG,2026_01_BAL_IND,202609130clt,WarrTy00,Tyler Warren,IND,BAL,,0,0,0.0,0,104.2,20260925T013701Z
2026,1,REG,2026_01_BAL_IND,202609130clt,DownJo00,Josh Downs,IND,BAL,,0,0,0.0,0,82.3,20260925T013701Z
2026,1,REG,2026_01_BAL_IND,202609130clt,McGoSe01,Seth McGowan,IND,BAL,,0,0,0.0,0,79.2,20260925T013701Z
2026,1,REG,2026_01_BAL_IND,202609130clt,DuliAs00,Ashton Dulin,IND,BAL,,0,1,1.0,0,39.6,20260925T013701Z
2026,1,REG,2026_01_BAL_IND,202609130clt,TreaLa00,Laquon Treadwell,IND,BAL,,0,0,0.0,1,0.0,20260925T013701Z
2026,1,REG,2026_01_BAL_IND,202609130clt,AndrMa00,Mark Andrews,BAL,IND,,0,1,0.167,0,91.7,20260925T013701Z
2026,1,REG,2026_01_BAL_IND,202609130clt,HenrDe00,Derrick Henry,BAL,IND,,0,0,0.0,0,118.7,20260925T013701Z
2026,1,REG,2026_01_BAL_IND,202609130clt,HillJu00,Justice Hill,BAL,IND,,0,0,0.0,0,108.3,20260925T013701Z
2026,1,REG,2026_01_BAL_IND,202609130clt,LaneJa01,Ja'Kobi Lane,BAL,IND,,0,0,0.0,0,45.1,20260925T013701Z
2026,1,REG,2026_01_CLE_JAX,202609130jax,WashPa01,Parker Washington,JAX,CLE,,0,0,0.0,0,158.3,20260925T013701Z
2026,1,REG,2026_01_CLE_JAX,202609130jax,ThomBr06,Brian Thomas,JAX,CLE,,0,0,0.0,0,118.7,20260925T013701Z
2026,1,REG,2026_01_CLE_JAX,202609130jax,CameJo01,Josh Cameron,JAX,CLE,,0,0,0.0,0,147.9,20260925T013701Z
2026,1,REG,2026_01_CLE_JAX,202609130jax,HuntTr00,Travis Hunter,JAX,CLE,,0,0,0.0,0,100.0,20260925T013701Z
2026,1,REG,2026_01_CLE_JAX,202609130jax,BoerNa00,Nate Boerkircher,JAX,CLE,,0,0,0.0,0,104.2,20260925T013701Z
2026,1,REG,2026_01_CLE_JAX,202609130jax,AbduAm00,Ameer Abdullah,JAX,CLE,,0,0,0.0,0,79.2,20260925T013701Z
2026,1,REG,2026_01_CLE_JAX,202609130jax,MorrQu00,Quintin Morris,JAX,CLE,,0,0,0.0,0,39.6,20260925T013701Z
2026,1,REG,2026_01_CLE_JAX,202609130jax,ConcKC00,KC Concepcion,CLE,JAX,,1,0,0.0,0,102.5,20260925T013701Z
2026,1,REG,2026_01_CLE_JAX,202609130jax,SandRa00,Raheim Sanders,CLE,JAX,,0,0,0.0,0,101.4,20260925T013701Z
2026,1,REG,2026_01_CLE_JAX,202609130jax,BostDe00,Denzel Boston,CLE,JAX,,0,0,0.0,0,135.4,20260925T013701Z
2026,1,REG,2026_01_CLE_JAX,202609130jax,JudkQu00,Quinshon Judkins,CLE,JAX,,1,0,0.0,0,102.1,20260925T013701Z
2026,1,REG,2026_01_ATL_PIT,202609130pit,FreiPa00,Pat Freiermuth,PIT,ATL,,1,0,0.0,0,144.6,20260925T013701Z
2026,1,REG,2026_01_ATL_PIT,202609130pit,WarrJa01,Jaylen Warren,PIT,ATL,,2,0,0.0,0,85.4,20260925T013701Z
2026,1,REG,2026_01_ATL_PIT,202609130pit,PittMi01,Michael Pittman Jr.,PIT,ATL,,1,0,0.0,0,118.7,20260925T013701Z
2026,1,REG,2026_01_ATL_PIT,202609130pit,WashDa03,Darnell Washington,PIT,ATL,,1,0,0.0,0,104.2,20260925T013701Z
2026,1,REG,2026_01_ATL_PIT,202609130pit,LondDr00,Drake London,ATL,PIT,,0,0,0.0,0,74.0,20260925T013701Z
2026,1,REG,2026_01_ATL_PIT,202609130pit,DotsJa00,Jahan Dotson,ATL,PIT,,0,0,0.0,1,16.7,20260925T013701Z
2026,1,REG,2026_01_ATL_PIT,202609130pit,PittKy00,Kyle Pitts,ATL,PIT,,0,0,0.0,0,39.6,20260925T013701Z
2026,1,REG,2026_01_NYJ_TEN,202609130oti,RobiWa01,Wan'Dale Robinson,TEN,NYJ,,0,0,0.0,0,93.1,20260925T013701Z
2026,1,REG,2026_01_NYJ_TEN,202609130oti,TateCa00,Carnell Tate,TEN,NYJ,,0,0,0.0,0,84.0,20260925T013701Z
2026,1,REG,2026_01_NYJ_TEN,202609130oti,PollTo00,Tony Pollard,TEN,NYJ,,0,0,0.0,0,56.2,20260925T013701Z
2026,1,REG,2026_01_NYJ_TEN,202609130oti,SadiKe00,Kenyon Sadiq,NYJ,TEN,,0,0,0.0,0,95.8,20260925T013701Z
2026,1,REG,2026_01_NYJ_TEN,202609130oti,HallBr03,Breece Hall,NYJ,TEN,,0,0,0.0,0,100.0,20260925T013701Z
2026,1,REG,2026_01_NYJ_TEN,202609130oti,WillIs03,Isaiah Williams,NYJ,TEN,,0,0,0.0,0,95.8,20260925T013701Z
2026,1,REG,2026_01_NYJ_TEN,202609130oti,CoopOm00,Omar Cooper,NYJ,TEN,,2,0,0.0,0,118.7,20260925T013701Z
2026,1,REG,2026_01_NYJ_TEN,202609130oti,SmitAr01,Arian Smith,NYJ,TEN,,0,1,1.0,0,39.6,20260925T013701Z
2026,1,REG,2026_01_ARI_LAC,202609130sdg,McCoLa00,Ladd McConkey,LAC,ARI,,0,0,0.0,0,150.0,20260925T013701Z
2026,1,REG,2026_01_ARI_LAC,202609130sdg,HarrTr03,Tre Harris,LAC,ARI,,0,0,0.0,0,57.6,20260925T013701Z
2026,1,REG,2026_01_ARI_LAC,202609130sdg,JohnQu02,Quentin Johnston,LAC,ARI,,0,0,0.0,0,42.4,20260925T013701Z
2026,1,REG,2026_01_ARI_LAC,202609130sdg,McBrTr01,Trey McBride,ARI,LAC,,2,1,0.077,0,115.9,20260925T013701Z
2026,1,REG,2026_01_ARI_LAC,202609130sdg,BourKe00,Kendrick Bourne,ARI,LAC,,0,0,0.0,0,105.7,20260925T013701Z
2026,1,REG,2026_01_ARI_LAC,202609130sdg,AllgTy00,Tyler Allgeier,ARI,LAC,,0,0,0.0,0,85.4,20260925T013701Z
2026,1,REG,2026_01_ARI_LAC,202609130sdg,HarrMa09,Marvin Harrison Jr.,ARI,LAC,,0,1,0.333,0,75.7,20260925T013701Z
2026,1,REG,2026_01_MIA_LV,202609130rai,MayeMi00,Michael Mayer,LV,MIA,,1,0,0.0,0,85.7,20260925T013701Z
2026,1,REG,2026_01_MIA_LV,202609130rai,BechJa00,Jack Bech,LV,MIA,,1,0,0.0,1,88.5,20260925T013701Z
2026,1,REG,2026_01_MIA_LV,202609130rai,TuckTr00,Tre Tucker,LV,MIA,,0,0,0.0,0,71.9,20260925T013701Z
2026,1,REG,2026_01_MIA_LV,202609130rai,BensMa00,Malik Benson,LV,MIA,,0,0,0.0,0,56.2,20260925T013701Z
2026,1,REG,2026_01_MIA_LV,202609130rai,WhitCo05,Cody White,LV,MIA,,0,0,0.0,0,39.6,20260925T013701Z
2026,1,REG,2026_01_MIA_LV,202609130rai,DougCa00,Caleb Douglas,MIA,LV,,1,0,0.0,1,74.1,20260925T013701Z
2026,1,REG,2026_01_MIA_LV,202609130rai,AchaDe00,De'Von Achane,MIA,LV,,1,0,0.0,0,91.7,20260925T013701Z
2026,1,REG,2026_01_MIA_LV,202609130rai,KacmWi00,Will Kacmarek,MIA,LV,,0,0,0.0,0,39.6,20260925T013701Z
2026,1,REG,2026_01_GB_MIN,202609130min,DallDe00,DeeJay Dallas,MIN,GB,,0,0,0.0,0,79.2,20260925T013701Z
2026,1,REG,2026_01_GB_MIN,202609130min,JennJa00,Jauan Jennings,MIN,GB,,0,0,0.0,1,0.0,20260925T013701Z
2026,1,REG,2026_01_GB_MIN,202609130min,JoneAa00,Aaron Jones,MIN,GB,,0,1,1.0,0,39.6,20260925T013701Z
2026,1,REG,2026_01_GB_MIN,202609130min,WatsCh00,Christian Watson,GB,MIN,,0,0,0.0,1,116.7,20260925T013701Z
2026,1,REG,2026_01_GB_MIN,202609130min,KrafTu00,Tucker Kraft,GB,MIN,,0,0,0.0,0,88.9,20260925T013701Z
2026,1,REG,2026_01_GB_MIN,202609130min,ReedJa03,Jayden Reed,GB,MIN,,0,0,0.0,0,50.3,20260925T013701Z
2026,1,REG,2026_01_GB_MIN,202609130min,BrooCh00,Chris Brooks,GB,MIN,,0,0,0.0,0,39.6,20260925T013701Z
2026,1,REG,2026_01_WAS_PHI,202609130phi,ShipWi00,Will Shipley,PHI,WAS,,0,0,0.0,0,100.0,20260925T013701Z
2026,1,REG,2026_01_WAS_PHI,202609130phi,DiggSt00,Stefon Diggs,WAS,PHI,,0,3,0.333,0,101.6,20260925T013701Z
2026,1,REG,2026_01_WAS_PHI,202609130phi,WillAn04,Antonio Williams,WAS,PHI,,0,0,0.0,0,158.3,20260925T013701Z
2026,1,REG,2026_01_WAS_PHI,202609130phi,BateJo00,John Bates,WAS,PHI,,0,0,0.0,0,75.7,20260925T013701Z
2026,1,REG,2026_01_WAS_PHI,202609130phi,McLaTe00,Terry McLaurin,WAS,PHI,,0,1,0.25,0,58.3,20260925T013701Z
2026,1,REG,2026_01_WAS_PHI,202609130phi,OkonCh00,Chig Okonkwo,WAS,PHI,,0,0,0.0,0,79.9,20260925T013701Z
2026,1,REG,2026_01_WAS_PHI,202609130phi,WhitRa01,Rachaad White,WAS,PHI,,0,0,0.0,0,79.2,20260925T013701Z
2026,1,REG,2026_01_WAS_PHI,202609130phi,CrosJa00,Jacory Croskey-Merritt,WAS,PHI,,0,0,0.0,0,79.2,20260925T013701Z
2026,1,REG,2026_01_DAL_NYG,202609130nyg,LikeIs00,Isaiah Likely,NYG,DAL,,0,0,0.0,0,146.9,20260925T013701Z
2026,1,REG,2026_01_DAL_NYG,202609130nyg,FielMa00,Malachi Fields,NYG,DAL,,0,0,0.0,0,69.8,20260925T013701Z
2026,1,REG,2026_01_DAL_NYG,202609130nyg,MoonDa00,Darnell Mooney,NYG,DAL,,0,0,0.0,0,118.7,20260925T013701Z
2026,1,REG,2026_01_DAL_NYG,202609130nyg,JohnTh00,Theo Johnson,NYG,DAL,,0,0,0.0,0,104.2,20260925T013701Z
2026,1,REG,2026_01_DAL_NYG,202609130nyg,LambCe00,CeeDee Lamb,DAL,NYG,,0,0,0.0,0,116.7,20260925T013701Z
2026,1,REG,2026_01_DAL_NYG,202609130nyg,WillJa10,Javonte Williams,DAL,NYG,,0,0,0.0,0,132.1,20260925T013701Z
2026,1,REG,2026_01_DAL_NYG,202609130nyg,PickGe00,George Pickens,DAL,NYG,,0,2,0.333,0,63.2,20260925T013701Z
2026,1,REG,2026_01_DAL_NYG,202609130nyg,FlouRy00,Ryan Flournoy,DAL,NYG,,1,0,0.0,0,66.7,20260925T013701Z
2026,1,REG,2026_01_DAL_NYG,202609130nyg,MingJo00,Jonathan Mingo,DAL,NYG,,0,0,0.0,0,108.3,20260925T013701Z
2026,1,REG,2026_01_DEN_KC,202609140kan,WalkKe00,Kenneth Walker III,KC,DEN,,0,2,0.333,0,95.8,20260925T013701Z
2026,1,REG,2026_01_DEN_KC,202609140kan,WortXa00,Xavier Worthy,KC,DEN,,0,0,0.0,1,16.7,20260925T013701Z
2026,1,REG,2026_01_DEN_KC,202609140kan,JohnEm01,Emmett Johnson,KC,DEN,,3,0,0.0,0,118.7,20260925T013701Z
2026,1,REG,2026_01_DEN_KC,202609140kan,AlleCy00,Cyrus Allen,KC,DEN,,0,0,0.0,0,39.6,20260925T013701Z
2026,1,REG,2026_01_DEN_KC,202609140kan,ThorTy00,Tyquan Thornton,KC,DEN,,0,0,0.0,0,39.6,20260925T013701Z
2026,1,REG,2026_01_DEN_KC,202609140kan,BryaPa00,Pat Bryant,DEN,KC,,0,1,0.167,0,86.8,20260925T013701Z
2026,1,REG,2026_01_DEN_KC,202609140kan,SuttCo00,Courtland Sutton,DEN,KC,,0,1,0.2,1,8.3,20260925T013701Z
2026,1,REG,2026_01_DEN_KC,202609140kan,FranTr00,Troy Franklin,DEN,KC,,0,0,0.0,0,39.6,20260925T013701Z
2026,2,REG,2026_02_DET_BUF,202609170buf,ShakKh00,Khalil Shakir,BUF,DET,,0,1,0.167,0,70.1,20260925T013701Z
2026,2,REG,2026_02_DET_BUF,202609170buf,StxxAm00,Amon-Ra St. Brown,DET,BUF,,1,0,0.0,0,144.9,20260925T013701Z
2026,2,REG,2026_02_DET_BUF,202609170buf,LaPoSa01,Sam LaPorta,DET,BUF,,1,0,0.0,0,137.2,20260925T013701Z
2026,2,REG,2026_02_DET_BUF,202609170buf,TeSlIs00,Isaac TeSlaa,DET,BUF,,0,0,0.0,0,57.1,20260925T013701Z
2026,2,REG,2026_02_DET_BUF,202609170buf,WillJa11,Jameson Williams,DET,BUF,,0,1,0.25,0,78.1,20260925T013701Z
2026,2,REG,2026_02_DET_BUF,202609170buf,VakiSi00,Sione Vaki,DET,BUF,,1,0,0.0,0,118.7,20260925T013701Z
2026,2,REG,2026_02_CAR_ATL,202609200atl,RobiBi01,Bijan Robinson,ATL,CAR,,0,0,0.0,1,37.5,20260925T013701Z
2026,2,REG,2026_02_CAR_ATL,202609200atl,HoopAu00,Austin Hooper,ATL,CAR,,0,0,0.0,0,64.6,20260925T013701Z
2026,2,REG,2026_02_CAR_ATL,202609200atl,DotsJa00,Jahan Dotson,ATL,CAR,,0,0,0.0,1,16.7,20260925T013701Z
2026,2,REG,2026_02_CAR_ATL,202609200atl,PittKy00,Kyle Pitts,ATL,CAR,,0,0,0.0,1,11.1,20260925T013701Z
2026,2,REG,2026_02_CAR_ATL,202609200atl,BlaiCh00,Chris Blair,ATL,CAR,,0,1,0.333,0,42.4,20260925T013701Z
2026,2,REG,2026_02_CAR_ATL,202609200atl,CokeJa01,Jalen Coker,CAR,ATL,,0,0,0.0,0,97.2,20260925T013701Z
2026,2,REG,2026_02_CAR_ATL,202609200atl,WallDa01,Darren Waller,CAR,ATL,,0,0,0.0,0,152.1,20260925T013701Z
2026,2,REG,2026_02_CAR_ATL,202609200atl,LegeXa00,Xavier Legette,CAR,ATL,,0,0,0.0,0,95.8,20260925T013701Z
2026,2,REG,2026_02_NO_BAL,202609200rav,AndrMa00,Mark Andrews,BAL,NO,,0,1,0.143,0,95.8,20260925T013701Z
2026,2,REG,2026_02_NO_BAL,202609200rav,WalkDe01,Devontez Walker,BAL,NO,,0,0,0.0,0,95.8,20260925T013701Z
2026,2,REG,2026_02_NO_BAL,202609200rav,OlavCh00,Chris Olave,NO,BAL,,0,0,0.0,0,135.8,20260925T013701Z
2026,2,REG,2026_02_NO_BAL,202609200rav,KamaAl00,Alvin Kamara,NO,BAL,,0,1,0.167,0,79.2,20260925T013701Z
2026,2,REG,2026_02_NO_BAL,202609200rav,JohnJu02,Juwan Johnson,NO,BAL,,3,0,0.0,0,118.7,20260925T013701Z
2026,2,REG,2026_02_NO_BAL,202609200rav,EtieTr00,Travis Etienne,NO,BAL,,0,0,0.0,0,79.2,20260925T013701Z
2026,2,REG,2026_02_NO_BAL,202609200rav,DelpOs01,Oscar Delp,NO,BAL,,0,0,0.0,0,100.0,20260925T013701Z
2026,2,REG,2026_02_NO_BAL,202609200rav,LancBr00,Bryce Lance,NO,BAL,,0,0,0.0,0,100.0,20260925T013701Z
2026,2,REG,2026_02_MIN_CHI,202609200chi,SwifDA00,D'Andre Swift,CHI,MIN,,1,0,0.0,0,111.7,20260925T013701Z
2026,2,REG,2026_02_MIN_CHI,202609200chi,BurdLu00,Luther Burden,CHI,MIN,,0,1,0.143,1,17.3,20260925T013701Z
2026,2,REG,2026_02_MIN_CHI,202609200chi,RousSa00,Sam Roush,CHI,MIN,,0,2,0.667,0,42.4,20260925T013701Z
2026,2,REG,2026_02_MIN_CHI,202609200chi,KmetCo00,Cole Kmet,CHI,MIN,,0,0,0.0,0,39.6,20260925T013701Z
2026,2,REG,2026_02_MIN_CHI,202609200chi,HockTJ00,T.J. Hockenson,MIN,CHI,,0,0,0.0,0,94.8,20260925T013701Z
2026,2,REG,2026_02_MIN_CHI,202609200chi,JeffJu00,Justin Jefferson,MIN,CHI,,1,3,0.5,0,81.9,20260925T013701Z
2026,2,REG,2026_02_MIN_CHI,202609200chi,AddiJo00,Jordan Addison,MIN,CHI,,0,0,0.0,0,52.9,20260925T013701Z
2026,2,REG,2026_02_MIN_CHI,202609200chi,DallDe00,DeeJay Dallas,MIN,CHI,,0,0,0.0,0,116.7,20260925T013701Z
2026,2,REG,2026_02_CIN_HOU,202609200htx,SchuDa00,Dalton Schultz,HOU,CIN,,0,0,0.0,0,108.3,20260925T013701Z
2026,2,REG,2026_02_CIN_HOU,202609200htx,MarkWo00,Woody Marks,HOU,CIN,,0,0,0.0,0,85.4,20260925T013701Z
2026,2,REG,2026_02_CIN_HOU,202609200htx,BoutKa00,Kayshon Boutte,HOU,CIN,,0,1,0.2,0,82.9,20260925T013701Z
2026,2,REG,2026_02_CIN_HOU,202609200htx,HutcXa00,Xavier Hutchinson,HOU,CIN,,0,0,0.0,0,47.0,20260925T013701Z
2026,2,REG,2026_02_CIN_HOU,202609200htx,MontDa01,David Montgomery,HOU,CIN,,0,0,0.0,0,95.8,20260925T013701Z
2026,2,REG,2026_02_CIN_HOU,202609200htx,ChasJa00,Ja'Marr Chase,CIN,HOU,,0,1,0.111,0,141.0,20260925T013701Z
2026,2,REG,2026_02_CIN_HOU,202609200htx,HiggTe00,Tee Higgins,CIN,HOU,,0,0,0.0,0,83.3,20260925T013701Z
2026,2,REG,2026_02_CIN_HOU,202609200htx,AllxEr00,Erick All,CIN,HOU,,0,0,0.0,0,70.1,20260925T013701Z
2026,2,REG,2026_02_CIN_HOU,202609200htx,IosiAn00,Andrei Iosivas,CIN,HOU,,0,0,0.0,0,95.8,20260925T013701Z
2026,2,REG,2026_02_CIN_HOU,202609200htx,PeriSa00,Samaje Perine,CIN,HOU,,0,0,0.0,0,118.7,20260925T013701Z
2026,2,REG,2026_02_CIN_HOU,202609200htx,MeyeDo00,Dohnte Meyers,CIN,HOU,,0,1,1.0,0,39.6,20260925T013701Z
2026,2,REG,2026_02_PIT_NE,202609200nwe,DoubRo00,Romeo Doubs,NE,PIT,,0,1,0.25,0,116.7,20260925T013701Z
2026,2,REG,2026_02_PIT_NE,202609200nwe,HenrHu00,Hunter Henry,NE,PIT,,0,0,0.0,1,45.8,20260925T013701Z
2026,2,REG,2026_02_PIT_NE,202609200nwe,HollMa00,Mack Hollins,NE,PIT,,0,0,0.0,0,104.2,20260925T013701Z
2026,2,REG,2026_02_PIT_NE,202609200nwe,StevRh00,Rhamondre Stevenson,NE,PIT,,1,1,0.5,0,56.2,20260925T013701Z
2026,2,REG,2026_02_PIT_NE,202609200nwe,FreiPa00,Pat Freiermuth,PIT,NE,,0,0,0.0,0,93.3,20260925T013701Z
2026,2,REG,2026_02_PIT_NE,202609200nwe,BernGe00,Germie Bernard,PIT,NE,,1,1,0.125,1,22.4,20260925T013701Z
2026,2,REG,2026_02_PIT_NE,202609200nwe,WarrJa01,Jaylen Warren,PIT,NE,,0,0,0.0,0,79.2,20260925T013701Z
2026,2,REG,2026_02_PIT_NE,202609200nwe,WashDa03,Darnell Washington,PIT,NE,,0,0,0.0,0,58.3,20260925T013701Z
2026,2,REG,2026_02_GB_NYJ,202609200nyj,MitcAd00,Adonai Mitchell,NYJ,GB,,0,2,0.167,0,65.6,20260925T013701Z
2026,2,REG,2026_02_GB_NYJ,202609200nyj,WillIs03,Isaiah Williams,NYJ,GB,,0,0,0.0,0,90.3,20260925T013701Z
2026,2,REG,2026_02_GB_NYJ,202609200nyj,HallBr03,Breece Hall,NYJ,GB,,0,0,0.0,0,118.7,20260925T013701Z
2026,2,REG,2026_02_GB_NYJ,202609200nyj,WilsGa00,Garrett Wilson,NYJ,GB,,0,0,0.0,0,135.1,20260925T013701Z
2026,2,REG,2026_02_GB_NYJ,202609200nyj,RuckJe00,Jeremy Ruckert,NYJ,GB,,0,0,0.0,0,79.2,20260925T013701Z
2026,2,REG,2026_02_GB_NYJ,202609200nyj,SadiKe00,Kenyon Sadiq,NYJ,GB,,0,0,0.0,0,81.2,20260925T013701Z
2026,2,REG,2026_02_GB_NYJ,202609200nyj,WatsCh00,Christian Watson,GB,NYJ,,0,2,0.182,0,78.2,20260925T013701Z
2026,2,REG,2026_02_GB_NYJ,202609200nyj,MoorSk01,Skyy Moore,GB,NYJ,,0,0,0.0,0,70.1,20260925T013701Z
2026,2,REG,2026_02_GB_NYJ,202609200nyj,MeltBo00,Bo Melton,GB,NYJ,,0,1,1.0,0,39.6,20260925T013701Z
2026,2,REG,2026_02_CLE_TB,202609200tam,OttoCa00,Cade Otton,TB,CLE,,0,0,0.0,0,93.1,20260925T013701Z
2026,2,REG,2026_02_CLE_TB,202609200tam,IrviBu00,Bucky Irving,TB,CLE,,0,0,0.0,0,79.2,20260925T013701Z
2026,2,REG,2026_02_CLE_TB,202609200tam,GodwCh00,Chris Godwin,TB,CLE,,0,0,0.0,0,118.7,20260925T013701Z
2026,2,REG,2026_02_CLE_TB,202609200tam,JohnTe03,Tez Johnson,TB,CLE,,0,0,0.0,0,78.1,20260925T013701Z
2026,2,REG,2026_02_CLE_TB,202609200tam,BostDe00,Denzel Boston,CLE,TB,,0,1,0.143,0,153.3,20260925T013701Z
2026,2,REG,2026_02_CLE_TB,202609200tam,JudkQu00,Quinshon Judkins,CLE,TB,,0,0,0.0,0,89.2,20260925T013701Z
2026,2,REG,2026_02_CLE_TB,202609200tam,WhitBl01,Blake Whiteheart,CLE,TB,,0,0,0.0,0,118.7,20260925T013701Z
2026,2,REG,2026_02_CLE_TB,202609200tam,McLaJa00,Jaleel McLaughlin,CLE,TB,,0,0,0.0,0,39.6,20260925T013701Z
2026,2,REG,2026_02_PHI_TEN,202609200oti,HelmGu00,Gunnar Helm,TEN,PHI,,0,0,0.0,0,93.7,20260925T013701Z
2026,2,REG,2026_02_PHI_TEN,202609200oti,RidlCa00,Calvin Ridley,TEN,PHI,,0,0,0.0,0,118.7,20260925T013701Z
2026,2,REG,2026_02_PHI_TEN,202609200oti,SpeaTy00,Tyjae Spears,TEN,PHI,,0,0,0.0,0,118.7,20260925T013701Z
2026,2,REG,2026_02_PHI_TEN,202609200oti,PollTo00,Tony Pollard,TEN,PHI,,0,0,0.0,0,79.2,20260925T013701Z
2026,2,REG,2026_02_PHI_TEN,202609200oti,RobiWa01,Wan'Dale Robinson,TEN,PHI,,0,0,0.0,0,104.2,20260925T013701Z
2026,2,REG,2026_02_PHI_TEN,202609200oti,SmitDe07,DeVonta Smith,PHI,TEN,,0,0,0.0,2,89.7,20260925T013701Z
2026,2,REG,2026_02_PHI_TEN,202609200oti,ShipWi00,Will Shipley,PHI,TEN,,0,0,0.0,0,79.2,20260925T013701Z
2026,2,REG,2026_02_PHI_TEN,202609200oti,BigsTa00,Tank Bigsby,PHI,TEN,,0,0,0.0,0,79.2,20260925T013701Z
2026,2,REG,2026_02_PHI_TEN,202609200oti,GoedDa00,Dallas Goedert,PHI,TEN,,0,0,0.0,0,56.2,20260925T013701Z
2026,2,REG,2026_02_JAX_DEN,202609200den,WaddJa00,Jaylen Waddle,DEN,JAX,,1,0,0.0,0,118.7,20260925T013701Z
2026,2,REG,2026_02_JAX_DEN,202609200den,AdkiNa00,Nate Adkins,DEN,JAX,,0,0,0.0,0,150.7,20260925T013701Z
2026,2,REG,2026_02_JAX_DEN,202609200den,BadiTy00,Tyler Badie,DEN,JAX,,0,0,0.0,0,96.5,20260925T013701Z
2026,2,REG,2026_02_JAX_DEN,202609200den,EngrEv00,Evan Engram,DEN,JAX,,0,0,0.0,0,118.7,20260925T013701Z
2026,2,REG,2026_02_JAX_DEN,202609200den,PrenAd00,Adam Prentice,DEN,JAX,,0,0,0.0,0,79.2,20260925T013701Z
2026,2,REG,2026_02_JAX_DEN,202609200den,HumpLi01,Lil'Jordan Humphrey,DEN,JAX,,0,0,0.0,0,39.6,20260925T013701Z
2026,2,REG,2026_02_JAX_DEN,202609200den,BryaPa00,Pat Bryant,DEN,JAX,,0,0,0.0,0,39.6,20260925T013701Z
2026,2,REG,2026_02_JAX_DEN,202609200den,WashPa01,Parker Washington,JAX,DEN,,1,0,0.0,1,50.0,20260925T013701Z
2026,2,REG,2026_02_JAX_DEN,202609200den,TuteBh00,Bhayshul Tuten,JAX,DEN,,0,0,0.0,0,79.2,20260925T013701Z
2026,2,REG,2026_02_JAX_DEN,202609200den,MorrQu00,Quintin Morris,JAX,DEN,,0,0,0.0,0,95.8,20260925T013701Z
2026,2,REG,2026_02_JAX_DEN,202609200den,AbduAm00,Ameer Abdullah,JAX,DEN,,0,0,0.0,0,79.2,20260925T013701Z
2026,2,REG,2026_02_JAX_DEN,202609200den,AlleLe01,LeQuint Allen,JAX,DEN,,0,0,0.0,0,39.6,20260925T013701Z
2026,2,REG,2026_02_LV_LAC,202609200sdg,McCoLa00,Ladd McConkey,LAC,LV,,0,0,0.0,0,115.3,20260925T013701Z
2026,2,REG,2026_02_LV_LAC,202609200sdg,KolaCh00,Charlie Kolar,LAC,LV,,0,0,0.0,0,95.8,20260925T013701Z
2026,2,REG,2026_02_LV_LAC,202609200sdg,MitcKe01,Keaton Mitchell,LAC,LV,,0,0,0.0,0,118.7,20260925T013701Z
2026,2,REG,2026_02_LV_LAC,202609200sdg,NjokDa00,David Njoku,LAC,LV,,0,1,0.333,1,2.8,20260925T013701Z
2026,2,REG,2026_02_LV_LAC,202609200sdg,DaviDe02,Derius Davis,LAC,LV,,0,0,0.0,1,0.0,20260925T013701Z
2026,2,REG,2026_02_LV_LAC,202609200sdg,JeanAs00,Ashton Jeanty,LV,LAC,,0,3,0.429,0,62.2,20260925T013701Z
2026,2,REG,2026_02_LV_LAC,202609200sdg,WashMi00,Mike Washington Jr.,LV,LAC,,0,0,0.0,0,39.6,20260925T013701Z
2026,2,REG,2026_02_SEA_ARI,202609200crd,McBrTr01,Trey McBride,ARI,SEA,,0,0,0.0,0,117.1,20260925T013701Z
2026,2,REG,2026_02_SEA_ARI,202609200crd,LoveJe00,Jeremiyah Love,ARI,SEA,,0,0,0.0,0,88.9,20260925T013701Z
2026,2,REG,2026_02_SEA_ARI,202609200crd,WilsMi02,Michael Wilson,ARI,SEA,,0,0,0.0,1,0.0,20260925T013701Z
2026,2,REG,2026_02_SEA_ARI,202609200crd,HarrMa09,Marvin Harrison Jr.,ARI,SEA,,0,0,0.0,0,39.6,20260925T013701Z
2026,2,REG,2026_02_SEA_ARI,202609200crd,SmitJa06,Jaxon Smith-Njigba,SEA,ARI,,0,1,0.091,0,158.3,20260925T013701Z
2026,2,REG,2026_02_SEA_ARI,202609200crd,BarnAJ00,AJ Barner,SEA,ARI,,0,0,0.0,0,100.0,20260925T013701Z
2026,2,REG,2026_02_WAS_DAL,202609200dal,PickGe00,George Pickens,DAL,WAS,,0,0,0.0,0,85.4,20260925T013701Z
2026,2,REG,2026_02_WAS_DAL,202609200dal,WhitRa01,Rachaad White,WAS,DAL,,1,0,0.0,0,94.4,20260925T013701Z
2026,2,REG,2026_02_WAS_DAL,202609200dal,BrowDy00,Dyami Brown,WAS,DAL,,0,1,0.167,0,72.2,20260925T013701Z
2026,2,REG,2026_02_WAS_DAL,202609200dal,BurkTr00,Treylon Burks,WAS,DAL,,0,0,0.0,0,39.6,20260925T013701Z
2026,2,REG,2026_02_MIA_SF,202609200sfo,KittGe00,George Kittle,SF,MIA,,1,0,0.0,0,158.3,20260925T013701Z
2026,2,REG,2026_02_MIA_SF,202609200sfo,McCaCh01,Christian McCaffrey,SF,MIA,,0,0,0.0,0,111.5,20260925T013701Z
2026,2,REG,2026_02_MIA_SF,202609200sfo,EvanMi00,Mike Evans,SF,MIA,,0,0,0.0,0,118.7,20260925T013701Z
2026,2,REG,2026_02_MIA_SF,202609200sfo,RobiDe01,Demarcus Robinson,SF,MIA,,0,0,0.0,0,113.9,20260925T013701Z
2026,2,REG,2026_02_MIA_SF,202609200sfo,SamuDe00,Deebo Samuel,SF,MIA,,0,1,0.25,0,96.9,20260925T013701Z
2026,2,REG,2026_02_MIA_SF,202609200sfo,HodgKh00,KhaDarel Hodge,SF,MIA,,0,0,0.0,0,118.7,20260925T013701Z
2026,2,REG,2026_02_MIA_SF,202609200sfo,DougCa00,Caleb Douglas,MIA,SF,,0,1,0.333,0,84.0,20260925T013701Z
2026,2,REG,2026_02_MIA_SF,202609200sfo,KacmWi00,Will Kacmarek,MIA,SF,,0,0,0.0,0,83.3,20260925T013701Z
2026,2,REG,2026_02_MIA_SF,202609200sfo,MillRy01,Ryan Miller,MIA,SF,,0,0,0.0,0,158.3,20260925T013701Z
2026,2,REG,2026_02_IND_KC,202609200kan,KelcTr00,Travis Kelce,KC,IND,,0,2,0.182,0,135.2,20260925T013701Z
2026,2,REG,2026_02_IND_KC,202609200kan,RiceRa01,Rashee Rice,KC,IND,,1,0,0.0,0,109.7,20260925T013701Z
2026,2,REG,2026_02_IND_KC,202609200kan,ThorTy00,Tyquan Thornton,KC,IND,,0,0,0.0,0,118.7,20260925T013701Z
2026,2,REG,2026_02_IND_KC,202609200kan,RoyaJa00,Jalen Royals,KC,IND,,0,0,0.0,0,118.7,20260925T013701Z
2026,2,REG,2026_02_IND_KC,202609200kan,GrayNo00,Noah Gray,KC,IND,,0,0,0.0,0,39.6,20260925T013701Z
2026,2,REG,2026_02_IND_KC,202609200kan,WarrTy00,Tyler Warren,IND,KC,,0,1,0.143,0,118.7,20260925T013701Z
2026,2,REG,2026_02_IND_KC,202609200kan,TaylJo02,Jonathan Taylor,IND,KC,,0,0,0.0,0,108.3,20260925T013701Z
2026,2,REG,2026_02_IND_KC,202609200kan,AlleKe00,Keenan Allen,IND,KC,,0,0,0.0,1,0.0,20260925T013701Z
2026,2,REG,2026_02_NYG_LA,202609210ram,AdamDa01,Davante Adams,LA,NYG,,0,0,0.0,1,118.7,20260925T013701Z
2026,2,REG,2026_02_NYG_LA,202609210ram,FergTe00,Terrance Ferguson,LA,NYG,,0,2,0.222,0,119.7,20260925T013701Z
2026,2,REG,2026_02_NYG_LA,202609210ram,ParkCo02,Colby Parkinson,LA,NYG,,0,0,0.0,0,97.9,20260925T013701Z
2026,2,REG,2026_02_NYG_LA,202609210ram,WillKy02,Kyren Williams,LA,NYG,,0,0,0.0,0,131.2,20260925T013701Z
2026,2,REG,2026_02_NYG_LA,202609210ram,AlleDa02,Davis Allen,LA,NYG,,0,0,0.0,0,95.8,20260925T013701Z
2026,2,REG,2026_02_NYG_LA,202609210ram,AtweTu00,Tutu Atwell,LA,NYG,,0,0,0.0,0,83.3,20260925T013701Z
2026,2,REG,2026_02_NYG_LA,202609210ram,CoruBl00,Blake Corum,LA,NYG,,0,0,0.0,0,118.7,20260925T013701Z
2026,2,REG,2026_02_NYG_LA,202609210ram,SmitXa00,Xavier Smith,LA,NYG,,0,1,1.0,0,39.6,20260925T013701Z
2026,2,REG,2026_02_NYG_LA,202609210ram,FielMa00,Malachi Fields,NYG,LA,,0,1,0.167,0,50.7,20260925T013701Z
2026,2,REG,2026_02_NYG_LA,202609210ram,NabeMa00,Malik Nabers,NYG,LA,,0,0,0.0,1,0.0,20260925T013701Z
2026,2,REG,2026_02_NYG_LA,202609210ram,JohnTh00,Theo Johnson,NYG,LA,,0,0,0.0,0,39.6,20260925T013701Z
2026,1,REG,2026_01_NE_SEA,202609090sea,BarnAJ00,AJ Barner,SEA,NE,,0,0,0.0,0,93.7,20260925T013701Z
2026,1,REG,2026_01_NE_SEA,202609090sea,ShahRa00,Rashid Shaheed,SEA,NE,,0,0,0.0,0,42.4,20260925T013701Z
2026,1,REG,2026_01_NE_SEA,202609090sea,HollMa00,Mack Hollins,NE,SEA,,0,0,0.0,1,69.6,20260925T013701Z
2026,1,REG,2026_01_NE_SEA,202609090sea,LariLa00,Lan Larison,NE,SEA,,0,0,0.0,0,85.4,20260925T013701Z
2026,1,REG,2026_01_NE_SEA,202609090sea,RariEl00,Eli Raridon,NE,SEA,,0,0,0.0,0,118.7,20260925T013701Z
2026,1,REG,2026_01_SF_LA,202609100ram,NacuPu00,Puka Nacua,LA,SF,,2,0,0.0,1,43.1,20260925T013701Z
2026,1,REG,2026_01_SF_LA,202609100ram,HigbTy00,Tyler Higbee,LA,SF,,0,0,0.0,0,91.7,20260925T013701Z
2026,1,REG,2026_01_SF_LA,202609100ram,ParkCo02,Colby Parkinson,LA,SF,,0,0,0.0,0,56.2,20260925T013701Z
2026,1,REG,2026_01_SF_LA,202609100ram,WhitJo04,Jordan Whittington,LA,SF,,0,0,0.0,0,100.0,20260925T013701Z
2026,1,REG,2026_01_SF_LA,202609100ram,AlleDa02,Davis Allen,LA,SF,,0,0,0.0,0,118.7,20260925T013701Z
2026,1,REG,2026_01_SF_LA,202609100ram,EvanMi00,Mike Evans,SF,LA,,0,0,0.0,0,135.4,20260925T013701Z
2026,1,REG,2026_01_SF_LA,202609100ram,SamuDe00,Deebo Samuel,SF,LA,,0,1,0.143,0,134.8,20260925T013701Z
2026,1,REG,2026_01_SF_LA,202609100ram,McCaCh01,Christian McCaffrey,SF,LA,,0,0,0.0,0,66.7,20260925T013701Z
2026,1,REG,2026_01_SF_LA,202609100ram,FarrLu00,Luke Farrell,SF,LA,,0,0,0.0,0,106.2,20260925T013701Z
2026,1,REG,2026_01_SF_LA,202609100ram,RobiDe01,Demarcus Robinson,SF,LA,,0,0,0.0,0,149.3,20260925T013701Z
2026,1,REG,2026_01_CHI_CAR,202609130car,CokeJa01,Jalen Coker,CAR,CHI,,1,0,0.0,1,118.7,20260925T013701Z
2026,1,REG,2026_01_CHI_CAR,202609130car,HubbCh01,Chuba Hubbard,CAR,CHI,,1,0,0.0,0,158.3,20260925T013701Z
2026,1,REG,2026_01_CHI_CAR,202609130car,LegeXa00,Xavier Legette,CAR,CHI,,0,1,0.5,0,39.6,20260925T013701Z
2026,1,REG,2026_01_CHI_CAR,202609130car,RaymKa00,Kalif Raymond,CHI,CAR,,0,0,0.0,0,105.6,20260925T013701Z
2026,1,REG,2026_01_CHI_CAR,202609130car,OdunRo00,Rome Odunze,CHI,CAR,,3,0,0.0,0,109.7,20260925T013701Z
2026,1,REG,2026_01_CHI_CAR,202609130car,KmetCo00,Cole Kmet,CHI,CAR,,0,0,0.0,0,145.8,20260925T013701Z
2026,1,REG,2026_01_CHI_CAR,202609130car,LoveCo00,Colston Loveland,CHI,CAR,,0,0,0.0,0,39.6,20260925T013701Z
2026,1,REG,2026_01_TB_CIN,202609130cin,GesiMi00,Mike Gesicki,CIN,TB,,0,0,0.0,0,147.6,20260925T013701Z
2026,1,REG,2026_01_TB_CIN,202609130cin,HiggTe00,Tee Higgins,CIN,TB,,1,0,0.0,0,84.7,20260925T013701Z
2026,1,REG,2026_01_TB_CIN,202609130cin,PeriSa00,Samaje Perine,CIN,TB,,0,0,0.0,0,108.3,20260925T013701Z
2026,1,REG,2026_01_TB_CIN,202609130cin,IosiAn00,Andrei Iosivas,CIN,TB,,0,0,0.0,1,34.7,20260925T013701Z
2026,1,REG,2026_01_TB_CIN,202609130cin,HudsTa00,Tanner Hudson,CIN,TB,,0,0,0.0,0,83.3,20260925T013701Z
2026,1,REG,2026_01_TB_CIN,202609130cin,IrviBu00,Bucky Irving,TB,CIN,,0,0,0.0,0,95.2,20260925T013701Z
2026,1,REG,2026_01_TB_CIN,202609130cin,HursTe00,Ted Hurst,TB,CIN,,0,0,0.0,0,116.7,20260925T013701Z
2026,1,REG,2026_01_TB_CIN,202609130cin,GainKe00,Kenneth Gainwell,TB,CIN,,0,0,0.0,0,79.2,20260925T013701Z
2026,1,REG,2026_01_TB_CIN,202609130cin,JohnTe03,Tez Johnson,TB,CIN,,0,0,0.0,0,39.6,20260925T013701Z
2026,1,REG,2026_01_NO_DET,202609130det,GibbJa01,Jahmyr Gibbs,DET,NO,,1,0,0.0,0,91.7,20260925T013701Z
2026,1,REG,2026_01_NO_DET,202609130det,WrigBr01,Brock Wright,DET,NO,,0,0,0.0,0,87.5,20260925T013701Z
2026,1,REG,2026_01_NO_DET,202609130det,FantNo00,Noah Fant,NO,DET,,0,0,0.0,2,60.9,20260925T013701Z
2026,1,REG,2026_01_NO_DET,202609130det,LancBr00,Bryce Lance,NO,DET,,0,0,0.0,0,108.3,20260925T013701Z
2026,1,REG,2026_01_NO_DET,202609130det,DonaCJ00,CJ Donaldson,NO,DET,,0,0,0.0,0,56.2,20260925T013701Z
2026,1,REG,2026_01_BUF_HOU,202609130htx,SchuDa00,Dalton Schultz,HOU,BUF,,0,1,0.125,0,62.0,20260925T013701Z
2026,1,REG,2026_01_BUF_HOU,202609130htx,HutcXa00,Xavier Hutchinson,HOU,BUF,,0,0,0.0,0,66.0,20260925T013701Z
2026,1,REG,2026_01_BUF_HOU,202609130htx,NoelJa00,Jaylin Noel,HOU,BUF,,0,0,0.0,0,118.7,20260925T013701Z
2026,1,REG,2026_01_BUF_HOU,202609130htx,BoutKa00,Kayshon Boutte,HOU,BUF,,0,0,0.0,0,87.5,20260925T013701Z
2026,1,REG,2026_01_BUF_HOU,202609130htx,KleiMa00,Marlin Klein,HOU,BUF,,0,0,0.0,0,118.7,20260925T013701Z
2026,1,REG,2026_01_BUF_HOU,202609130htx,WaynJa01,Jared Wayne,HOU,BUF,,0,0,0.0,0,116.7,20260925T013701Z
2026,1,REG,2026_01_BUF_HOU,202609130htx,ShakKh00,Khalil Shakir,BUF,HOU,,0,0,0.0,0,92.4,20260925T013701Z
2026,1,REG,2026_01_BUF_HOU,202609130htx,CookJa01,James Cook,BUF,HOU,,0,0,0.0,0,77.1,20260925T013701Z
2026,1,REG,2026_01_BUF_HOU,202609130htx,ColeKe02,Keon Coleman,BUF,HOU,,0,0,0.0,0,79.2,20260925T013701Z
2026,1,REG,2026_01_BUF_HOU,202609130htx,PalmJo00,Josh Palmer,BUF,HOU,,0,0,0.0,0,135.4,20260925T013701Z
2026,1,REG,2026_01_BAL_IND,202609130clt,AlleKe00,Keenan Allen,IND,BAL,,0,0,0.0,0,88.9,20260925T013701Z
2026,1,REG,2026_01_BAL_IND,202609130clt,PierAl00,Alec Pierce,IND,BAL,,0,0,0.0,0,100.0,20260925T013701Z
2026,1,REG,2026_01_BAL_IND,202609130clt,TaylJo02,Jonathan Taylor,IND,BAL,,1,1,0.25,0,88.5,20260925T013701Z
2026,1,REG,2026_01_BAL_IND,202609130clt,OgleAn00,Andrew Ogletree,IND,BAL,,0,1,1.0,0,39.6,20260925T013701Z
2026,1,REG,2026_01_BAL_IND,202609130clt,FlowZa00,Zay Flowers,BAL,IND,,0,0,0.0,0,158.3,20260925T013701Z
2026,1,REG,2026_01_BAL_IND,202609130clt,WestLa01,LaJohntay Wester,BAL,IND,,0,0,0.0,0,97.9,20260925T013701Z
2026,1,REG,2026_01_BAL_IND,202609130clt,HibnMa00,Matthew Hibner,BAL,IND,,0,0,0.0,0,118.7,20260925T013701Z
2026,1,REG,2026_01_BAL_IND,202609130clt,MoorCh00,Chris Moore,BAL,IND,,0,0,0.0,0,95.8,20260925T013701Z
2026,1,REG,2026_01_BAL_IND,202609130clt,SmytDu00,Durham Smythe,BAL,IND,,0,0,0.0,0,83.3,20260925T013701Z
2026,1,REG,2026_01_BAL_IND,202609130clt,BateRa00,Rashod Bateman,BAL,IND,,0,0,0.0,0,39.6,20260925T013701Z
2026,1,REG,2026_01_CLE_JAX,202609130jax,MeyeJa01,Jakobi Meyers,JAX,CLE,,0,0,0.0,0,158.3,20260925T013701Z
2026,1,REG,2026_01_CLE_JAX,202609130jax,StraBr00,Brenton Strange,JAX,CLE,,0,0,0.0,0,129.2,20260925T013701Z
2026,1,REG,2026_01_CLE_JAX,202609130jax,TuteBh00,Bhayshul Tuten,JAX,CLE,,0,0,0.0,0,118.7,20260925T013701Z
2026,1,REG,2026_01_CLE_JAX,202609130jax,FannHa00,Harold Fannin,CLE,JAX,,0,0,0.0,0,86.8,20260925T013701Z
2026,1,REG,2026_01_CLE_JAX,202609130jax,JeudJe00,Jerry Jeudy,CLE,JAX,,0,0,0.0,1,31.2,20260925T013701Z
2026,1,REG,2026_01_CLE_JAX,202609130jax,WhitBl01,Blake Whiteheart,CLE,JAX,,0,0,0.0,0,118.7,20260925T013701Z
2026,1,REG,2026_01_ATL_PIT,202609130pit,MetcDK00,D.K. Metcalf,PIT,ATL,,0,1,0.1,0,52.1,20260925T013701Z
2026,1,REG,2026_01_ATL_PIT,202609130pit,WilsRo02,Roman Wilson,PIT,ATL,,0,0,0.0,0,61.8,20260925T013701Z
2026,1,REG,2026_01_ATL_PIT,202609130pit,DowdRi01,Rico Dowdle,PIT,ATL,,0,1,0.2,0,47.9,20260925T013701Z
2026,1,REG,2026_01_ATL_PIT,202609130pit,RobiBi01,Bijan Robinson,ATL,PIT,,3,0,0.0,1,97.9,20260925T013701Z
2026,1,REG,2026_01_ATL_PIT,202609130pit,ZaccOl01,Olamide Zaccheaus,ATL,PIT,,0,0,0.0,0,87.5,20260925T013701Z
2026,1,REG,2026_01_NYJ_TEN,202609130oti,HelmGu00,Gunnar Helm,TEN,NYJ,,0,0,0.0,0,90.0,20260925T013701Z
2026,1,REG,2026_01_NYJ_TEN,202609130oti,SpeaTy00,Tyjae Spears,TEN,NYJ,,0,0,0.0,0,56.2,20260925T013701Z
2026,1,REG,2026_01_NYJ_TEN,202609130oti,DikeCh00,Chimere Dike,TEN,NYJ,,0,0,0.0,0,95.8,20260925T013701Z
2026,1,REG,2026_01_NYJ_TEN,202609130oti,BellDa00,Daniel Bellinger,TEN,NYJ,,0,0,0.0,0,95.8,20260925T013701Z
2026,1,REG,2026_01_NYJ_TEN,202609130oti,AyomEl00,Elic Ayomanor,TEN,NYJ,,0,0,0.0,0,84.7,20260925T013701Z
2026,1,REG,2026_01_NYJ_TEN,202609130oti,WilsGa00,Garrett Wilson,NYJ,TEN,,1,1,0.143,0,113.7,20260925T013701Z
2026,1,REG,2026_01_NYJ_TEN,202609130oti,MitcAd00,Adonai Mitchell,NYJ,TEN,,0,0,0.0,0,118.7,20260925T013701Z
2026,1,REG,2026_01_NYJ_TEN,202609130oti,TaylMa02,Mason Taylor,NYJ,TEN,,0,0,0.0,0,70.1,20260925T013701Z
2026,1,REG,2026_01_NYJ_TEN,202609130oti,RuckJe00,Jeremy Ruckert,NYJ,TEN,,0,0,0.0,0,83.3,20260925T013701Z
2026,1,REG,2026_01_NYJ_TEN,202609130oti,AlleBr05,Braelon Allen,NYJ,TEN,,0,0,0.0,0,39.6,20260925T013701Z
2026,1,REG,2026_01_ARI_LAC,202609130sdg,NjokDa00,David Njoku,LAC,ARI,,0,0,0.0,0,115.0,20260925T013701Z
2026,1,REG,2026_01_ARI_LAC,202609130sdg,GadsOr01,Oronde Gadsden II,LAC,ARI,,0,0,0.0,0,118.7,20260925T013701Z
2026,1,REG,2026_01_ARI_LAC,202609130sdg,DaviDe02,Derius Davis,LAC,ARI,,0,0,0.0,1,0.0,20260925T013701Z
2026,1,REG,2026_01_ARI_LAC,202609130sdg,WilsMi02,Michael Wilson,ARI,LAC,,0,0,0.0,0,94.9,20260925T013701Z
2026,1,REG,2026_01_ARI_LAC,202609130sdg,LoveJe00,Jeremiyah Love,ARI,LAC,,0,1,0.25,0,56.2,20260925T013701Z
2026,1,REG,2026_01_MIA_LV,202609130rai,JeanAs00,Ashton Jeanty,LV,MIA,,0,0,0.0,0,137.5,20260925T013701Z
2026,1,REG,2026_01_MIA_LV,202609130rai,NailJa00,Jalen Nailor,LV,MIA,,0,0,0.0,1,35.0,20260925T013701Z
2026,1,REG,2026_01_MIA_LV,202609130rai,WashMa00,Malik Washington,MIA,LV,,0,1,0.125,0,60.9,20260925T013701Z
2026,1,REG,2026_01_MIA_LV,202609130rai,DulcGr00,Greg Dulcich,MIA,LV,,0,0,0.0,0,104.2,20260925T013701Z
2026,1,REG,2026_01_MIA_LV,202609130rai,BellCh00,Chris Bell,MIA,LV,,1,0,0.0,0,95.8,20260925T013701Z
2026,1,REG,2026_01_MIA_LV,202609130rai,ColeKe03,Kevin Coleman,MIA,LV,,0,0,0.0,0,39.6,20260925T013701Z
2026,1,REG,2026_01_GB_MIN,202609130min,JeffJu00,Justin Jefferson,MIN,GB,,0,0,0.0,0,148.8,20260925T013701Z
2026,1,REG,2026_01_GB_MIN,202609130min,HockTJ00,T.J. Hockenson,MIN,GB,,0,0,0.0,0,136.2,20260925T013701Z
2026,1,REG,2026_01_GB_MIN,202609130min,OlivJo00,Josh Oliver,MIN,GB,,0,0,0.0,0,66.7,20260925T013701Z
2026,1,REG,2026_01_GB_MIN,202609130min,AddiJo00,Jordan Addison,MIN,GB,,0,0,0.0,0,39.6,20260925T013701Z
2026,1,REG,2026_01_GB_MIN,202609130min,GoldMa02,Matthew Golden,GB,MIN,,0,1,0.083,0,76.7,20260925T013701Z
2026,1,REG,2026_01_GB_MIN,202609130min,SmitJo01,Jonnu Smith,GB,MIN,,0,0,0.0,0,109.7,20260925T013701Z
2026,1,REG,2026_01_GB_MIN,202609130min,MeltBo00,Bo Melton,GB,MIN,,0,0,0.0,0,108.3,20260925T013701Z
2026,1,REG,2026_01_GB_MIN,202609130min,LloyMa00,MarShawn Lloyd,GB,MIN,,0,0,0.0,0,39.6,20260925T013701Z
2026,1,REG,2026_01_GB_MIN,202609130min,MoorSk01,Skyy Moore,GB,MIN,,0,0,0.0,0,39.6,20260925T013701Z
2026,1,REG,2026_01_WAS_PHI,202609130phi,GoedDa00,Dallas Goedert,PHI,WAS,,0,0,0.0,0,158.3,20260925T013701Z
2026,1,REG,2026_01_WAS_PHI,202609130phi,LemoMa00,Makai Lemon,PHI,WAS,,0,0,0.0,0,77.1,20260925T013701Z
2026,1,REG,2026_01_WAS_PHI,202609130phi,SmitDe07,DeVonta Smith,PHI,WAS,,1,0,0.0,0,80.6,20260925T013701Z
2026,1,REG,2026_01_WAS_PHI,202609130phi,WickDo00,Dontayvion Wicks,PHI,WAS,,0,0,0.0,0,135.4,20260925T013701Z
2026,1,REG,2026_01_WAS_PHI,202609130phi,BarkSa00,Saquon Barkley,PHI,WAS,,0,1,0.5,0,56.2,20260925T013701Z
2026,1,REG,2026_01_WAS_PHI,202609130phi,LaneJa00,Jaylin Lane,WAS,PHI,,0,0,0.0,0,83.3,20260925T013701Z
2026,1,REG,2026_01_WAS_PHI,202609130phi,BrowDy00,Dyami Brown,WAS,PHI,,0,0,0.0,0,39.6,20260925T013701Z
2026,1,REG,2026_01_DAL_NYG,202609130nyg,NabeMa00,Malik Nabers,NYG,DAL,,0,0,0.0,0,89.6,20260925T013701Z
2026,1,REG,2026_01_DAL_NYG,202609130nyg,SingDe00,Devin Singletary,NYG,DAL,,0,0,0.0,0,129.2,20260925T013701Z
2026,1,REG,2026_01_DAL_NYG,202609130nyg,RicaPa00,Patrick Ricard,NYG,DAL,,0,0,0.0,0,39.6,20260925T013701Z
2026,1,REG,2026_01_DAL_NYG,202609130nyg,FergJa00,Jake Ferguson,DAL,NYG,,0,0,0.0,0,79.2,20260925T013701Z
2026,1,REG,2026_01_DAL_NYG,202609130nyg,SpanBr00,Brevyn Spann-Ford,DAL,NYG,,0,0,0.0,0,95.8,20260925T013701Z
2026,1,REG,2026_01_DAL_NYG,202609130nyg,SchoLu00,Luke Schoonmaker,DAL,NYG,,0,0,0.0,0,116.7,20260925T013701Z
2026,1,REG,2026_01_DAL_NYG,202609130nyg,TurpKa00,KaVontae Turpin,DAL,NYG,,0,0,0.0,0,100.0,20260925T013701Z
2026,1,REG,2026_01_DEN_KC,202609140kan,KelcTr00,Travis Kelce,KC,DEN,,1,0,0.0,0,104.2,20260925T013701Z
2026,1,REG,2026_01_DEN_KC,202609140kan,RiceRa01,Rashee Rice,KC,DEN,,1,0,0.0,0,145.8,20260925T013701Z
2026,1,REG,2026_01_DEN_KC,202609140kan,BrinJa00,Jake Briningstool,KC,DEN,,0,0,0.0,0,104.2,20260925T013701Z
2026,1,REG,2026_01_DEN_KC,202609140kan,GrayNo00,Noah Gray,KC,DEN,,0,0,0.0,0,87.5,20260925T013701Z
2026,1,REG,2026_01_DEN_KC,202609140kan,EngrEv00,Evan Engram,DEN,KC,,1,0,0.0,0,142.1,20260925T013701Z
2026,1,REG,2026_01_DEN_KC,202609140kan,HarvRJ00,RJ Harvey,DEN,KC,,1,0,0.0,0,90.6,20260925T013701Z
2026,1,REG,2026_01_DEN_KC,202609140kan,TrauAd00,Adam Trautman,DEN,KC,,0,0,0.0,0,71.5,20260925T013701Z
2026,1,REG,2026_01_DEN_KC,202609140kan,WaddJa00,Jaylen Waddle,DEN,KC,,0,1,0.333,0,42.4,20260925T013701Z
2026,2,REG,2026_02_DET_BUF,202609170buf,KincDa00,Dalton Kincaid,BUF,DET,,0,0,0.0,0,155.7,20260925T013701Z
2026,2,REG,2026_02_DET_BUF,202609170buf,ColeKe02,Keon Coleman,BUF,DET,,0,0,0.0,0,110.4,20260925T013701Z
2026,2,REG,2026_02_DET_BUF,202609170buf,KnoxDa00,Dawson Knox,BUF,DET,,0,0,0.0,0,118.7,20260925T013701Z
2026,2,REG,2026_02_DET_BUF,202609170buf,CookJa01,James Cook,BUF,DET,,0,0,0.0,0,42.4,20260925T013701Z
2026,2,REG,2026_02_DET_BUF,202609170buf,PalmJo00,Josh Palmer,BUF,DET,,0,1,0.333,0,121.5,20260925T013701Z
2026,2,REG,2026_02_DET_BUF,202609170buf,GibbJa01,Jahmyr Gibbs,DET,BUF,,0,0,0.0,0,135.9,20260925T013701Z
2026,2,REG,2026_02_CAR_ATL,202609200atl,LondDr00,Drake London,ATL,CAR,,1,0,0.0,0,109.2,20260925T013701Z
2026,2,REG,2026_02_CAR_ATL,202609200atl,BranZa00,Zachariah Branch,ATL,CAR,,0,0,0.0,0,95.8,20260925T013701Z
2026,2,REG,2026_02_CAR_ATL,202609200atl,RobiBr01,Brian Robinson Jr.,ATL,CAR,,1,0,0.0,0,100.0,20260925T013701Z
2026,2,REG,2026_02_CAR_ATL,202609200atl,ZaccOl01,Olamide Zaccheaus,ATL,CAR,,0,0,0.0,0,42.4,20260925T013701Z
2026,2,REG,2026_02_CAR_ATL,202609200atl,WoerCh00,Charlie Woerner,ATL,CAR,,0,0,0.0,0,39.6,20260925T013701Z
2026,2,REG,2026_02_CAR_ATL,202609200atl,McMiTe00,Tetairoa McMillan,CAR,ATL,,0,0,0.0,0,85.8,20260925T013701Z
2026,2,REG,2026_02_CAR_ATL,202609200atl,HubbCh01,Chuba Hubbard,CAR,ATL,,0,0,0.0,0,129.2,20260925T013701Z
2026,2,REG,2026_02_CAR_ATL,202609200atl,BrooJo02,Jonathon Brooks,CAR,ATL,,0,0,0.0,0,79.2,20260925T013701Z
2026,2,REG,2026_02_CAR_ATL,202609200atl,TremTo00,Tommy Tremble,CAR,ATL,,0,1,0.5,0,56.2,20260925T013701Z
2026,2,REG,2026_02_CAR_ATL,202609200atl,EvanMi01,Mitchell Evans,CAR,ATL,,0,0,0.0,0,118.7,20260925T013701Z
2026,2,REG,2026_02_NO_BAL,202609200rav,BateRa00,Rashod Bateman,BAL,NO,,0,0,0.0,1,104.9,20260925T013701Z
2026,2,REG,2026_02_NO_BAL,202609200rav,HenrDe00,Derrick Henry,BAL,NO,,1,0,0.0,0,93.1,20260925T013701Z
2026,2,REG,2026_02_NO_BAL,202609200rav,HillJu00,Justice Hill,BAL,NO,,0,0,0.0,0,91.7,20260925T013701Z
2026,2,REG,2026_02_NO_BAL,202609200rav,MoorCh00,Chris Moore,BAL,NO,,0,0,0.0,0,42.4,20260925T013701Z
2026,2,REG,2026_02_NO_BAL,202609200rav,WestLa01,LaJohntay Wester,BAL,NO,,0,0,0.0,0,72.9,20260925T013701Z
2026,2,REG,2026_02_NO_BAL,202609200rav,SmytDu00,Durham Smythe,BAL,NO,,0,0,0.0,0,39.6,20260925T013701Z
2026,2,REG,2026_02_NO_BAL,202609200rav,VeleDe00,Devaughn Vele,NO,BAL,,0,0,0.0,0,99.7,20260925T013701Z
2026,2,REG,2026_02_NO_BAL,202609200rav,AustKe00,Kevin Austin,NO,BAL,,0,0,0.0,0,95.8,20260925T013701Z
2026,2,REG,2026_02_MIN_CHI,202609200chi,RaymKa00,Kalif Raymond,CHI,MIN,,1,0,0.0,0,100.0,20260925T013701Z
2026,2,REG,2026_02_MIN_CHI,202609200chi,OdunRo00,Rome Odunze,CHI,MIN,,0,1,0.25,0,109.4,20260925T013701Z
2026,2,REG,2026_02_MIN_CHI,202609200chi,MonaKy00,Kyle Monangai,CHI,MIN,,0,0,0.0,0,89.6,20260925T013701Z
2026,2,REG,2026_02_MIN_CHI,202609200chi,LoveCo00,Colston Loveland,CHI,MIN,,0,1,0.333,0,42.4,20260925T013701Z
2026,2,REG,2026_02_MIN_CHI,202609200chi,ClaiDe00,Demond Claiborne,MIN,CHI,,0,0,0.0,0,79.2,20260925T013701Z
2026,2,REG,2026_02_MIN_CHI,202609200chi,OlivJo00,Josh Oliver,MIN,CHI,,0,0,0.0,0,118.7,20260925T013701Z
2026,2,REG,2026_02_MIN_CHI,202609200chi,PricMy00,Myles Price,MIN,CHI,,0,1,1.0,0,39.6,20260925T013701Z
2026,2,REG,2026_02_CIN_HOU,202609200htx,MoreFo00,Foster Moreau,HOU,CIN,,0,0,0.0,0,118.7,20260925T013701Z
2026,2,REG,2026_02_CIN_HOU,202609200htx,WaynJa01,Jared Wayne,HOU,CIN,,1,0,0.0,0,46.7,20260925T013701Z
2026,2,REG,2026_02_CIN_HOU,202609200htx,NoelJa00,Jaylin Noel,HOU,CIN,,0,0,0.0,0,52.9,20260925T013701Z
2026,2,REG,2026_02_CIN_HOU,202609200htx,BrowCh10,Chase Brown,CIN,HOU,,0,0,0.0,0,64.6,20260925T013701Z
2026,2,REG,2026_02_CIN_HOU,202609200htx,YounCo01,Colbie Young,CIN,HOU,,0,0,0.0,0,95.8,20260925T013701Z
2026,2,REG,2026_02_PIT_NE,202609200nwe,RariEl00,Eli Raridon,NE,PIT,,0,0,0.0,0,118.7,20260925T013701Z
2026,2,REG,2026_02_PIT_NE,202609200nwe,GillRe00,Reggie Gilliam,NE,PIT,,0,1,0.5,0,56.2,20260925T013701Z
2026,2,REG,2026_02_PIT_NE,202609200nwe,DougDe00,DeMario Douglas,NE,PIT,,0,0,0.0,0,62.5,20260925T013701Z
2026,2,REG,2026_02_PIT_NE,202609200nwe,WillKy03,Kyle Williams,NE,PIT,,0,0,0.0,0,64.6,20260925T013701Z
2026,2,REG,2026_02_PIT_NE,202609200nwe,ChisEf00,Efton Chism,NE,PIT,,0,0,0.0,0,79.2,20260925T013701Z
2026,2,REG,2026_02_PIT_NE,202609200nwe,WilsRo02,Roman Wilson,PIT,NE,,0,0,0.0,0,86.1,20260925T013701Z
2026,2,REG,2026_02_PIT_NE,202609200nwe,MetcDK00,D.K. Metcalf,PIT,NE,,0,1,0.111,0,51.6,20260925T013701Z
2026,2,REG,2026_02_PIT_NE,202609200nwe,DowdRi01,Rico Dowdle,PIT,NE,,0,0,0.0,0,112.5,20260925T013701Z
2026,2,REG,2026_02_PIT_NE,202609200nwe,SkowBe00,Ben Skowronek,PIT,NE,,0,0,0.0,0,79.2,20260925T013701Z
2026,2,REG,2026_02_GB_NYJ,202609200nyj,AlleBr05,Braelon Allen,NYJ,GB,,0,0,0.0,0,100.0,20260925T013701Z
2026,2,REG,2026_02_GB_NYJ,202609200nyj,GoldMa02,Matthew Golden,GB,NYJ,,0,1,0.167,0,97.9,20260925T013701Z
2026,2,REG,2026_02_GB_NYJ,202609200nyj,KrafTu00,Tucker Kraft,GB,NYJ,,0,1,0.333,0,78.5,20260925T013701Z
2026,2,REG,2026_02_GB_NYJ,202609200nyj,LloyMa00,MarShawn Lloyd,GB,NYJ,,0,0,0.0,0,118.7,20260925T013701Z
2026,2,REG,2026_02_GB_NYJ,202609200nyj,BrooCh00,Chris Brooks,GB,NYJ,,0,1,0.5,0,75.0,20260925T013701Z
2026,2,REG,2026_02_GB_NYJ,202609200nyj,ReedJa03,Jayden Reed,GB,NYJ,,0,0,0.0,0,83.3,20260925T013701Z
2026,2,REG,2026_02_CLE_TB,202609200tam,EgbuEm01,Emeka Egbuka,TB,CLE,,0,0,0.0,0,105.0,20260925T013701Z
2026,2,REG,2026_02_CLE_TB,202609200tam,GainKe00,Kenneth Gainwell,TB,CLE,,0,1,0.25,0,77.1,20260925T013701Z
2026,2,REG,2026_02_CLE_TB,202609200tam,HursTe00,Ted Hurst,TB,CLE,,0,1,0.143,1,3.6,20260925T013701Z
2026,2,REG,2026_02_CLE_TB,202609200tam,ConcKC00,KC Concepcion,CLE,TB,,0,0,0.0,0,86.1,20260925T013701Z
2026,2,REG,2026_02_CLE_TB,202609200tam,FannHa00,Harold Fannin,CLE,TB,,1,1,0.167,0,104.2,20260925T013701Z
2026,2,REG,2026_02_CLE_TB,202609200tam,BondIs00,Isaiah Bond,CLE,TB,,0,0,0.0,0,108.3,20260925T013701Z
2026,2,REG,2026_02_CLE_TB,202609200tam,SandRa00,Raheim Sanders,CLE,TB,,0,0,0.0,0,95.8,20260925T013701Z
2026,2,REG,2026_02_CLE_TB,202609200tam,JeudJe00,Jerry Jeudy,CLE,TB,,0,0,0.0,0,39.6,20260925T013701Z
2026,2,REG,2026_02_PHI_TEN,202609200oti,TateCa00,Carnell Tate,TEN,PHI,,0,0,0.0,0,74.6,20260925T013701Z
2026,2,REG,2026_02_PHI_TEN,202609200oti,AyomEl00,Elic Ayomanor,TEN,PHI,,0,1,0.333,0,109.7,20260925T013701Z
2026,2,REG,2026_02_PHI_TEN,202609200oti,BellDa00,Daniel Bellinger,TEN,PHI,,0,0,0.0,0,39.6,20260925T013701Z
2026,2,REG,2026_02_PHI_TEN,202609200oti,WickDo00,Dontayvion Wicks,PHI,TEN,,0,1,0.167,0,118.1,20260925T013701Z
2026,2,REG,2026_02_PHI_TEN,202609200oti,MundJo00,Johnny Mundt,PHI,TEN,,0,0,0.0,0,70.1,20260925T013701Z
2026,2,REG,2026_02_PHI_TEN,202609200oti,CoopDa01,Darius Cooper,PHI,TEN,,0,0,0.0,0,133.3,20260925T013701Z
2026,2,REG,2026_02_PHI_TEN,202609200oti,LemoMa00,Makai Lemon,PHI,TEN,,0,0,0.0,0,118.7,20260925T013701Z
2026,2,REG,2026_02_PHI_TEN,202609200oti,BarkSa00,Saquon Barkley,PHI,TEN,,0,0,0.0,0,66.7,20260925T013701Z
2026,2,REG,2026_02_JAX_DEN,202609200den,ColeJo00,Jonah Coleman,DEN,JAX,,0,0,0.0,0,93.1,20260925T013701Z
2026,2,REG,2026_02_JAX_DEN,202609200den,SuttCo00,Courtland Sutton,DEN,JAX,,0,0,0.0,1,51.0,20260925T013701Z
2026,2,REG,2026_02_JAX_DEN,202609200den,FranTr00,Troy Franklin,DEN,JAX,,0,0,0.0,0,95.8,20260925T013701Z
2026,2,REG,2026_02_JAX_DEN,202609200den,ThomBr06,Brian Thomas,JAX,DEN,,0,1,0.125,0,54.2,20260925T013701Z
2026,2,REG,2026_02_JAX_DEN,202609200den,StraBr00,Brenton Strange,JAX,DEN,,0,0,0.0,0,102.1,20260925T013701Z
2026,2,REG,2026_02_JAX_DEN,202609200den,MeyeJa01,Jakobi Meyers,JAX,DEN,,0,0,0.0,0,118.7,20260925T013701Z
2026,2,REG,2026_02_LV_LAC,202609200sdg,HampOm00,Omarion Hampton,LAC,LV,,0,0,0.0,0,110.4,20260925T013701Z
2026,2,REG,2026_02_LV_LAC,202609200sdg,GadsOr01,Oronde Gadsden II,LAC,LV,,0,0,0.0,0,143.7,20260925T013701Z
2026,2,REG,2026_02_LV_LAC,202609200sdg,ThomBr07,Brenen Thompson,LAC,LV,,0,1,0.333,0,47.9,20260925T013701Z
2026,2,REG,2026_02_LV_LAC,202609200sdg,JohnQu02,Quentin Johnston,LAC,LV,,0,1,0.2,0,39.6,20260925T013701Z
2026,2,REG,2026_02_LV_LAC,202609200sdg,HarrTr03,Tre Harris,LAC,LV,,0,0,0.0,0,81.9,20260925T013701Z
2026,2,REG,2026_02_LV_LAC,202609200sdg,TuckTr00,Tre Tucker,LV,LAC,,0,0,0.0,1,113.7,20260925T013701Z
2026,2,REG,2026_02_LV_LAC,202609200sdg,MayeMi00,Michael Mayer,LV,LAC,,0,0,0.0,0,88.5,20260925T013701Z
2026,2,REG,2026_02_LV_LAC,202609200sdg,BechJa00,Jack Bech,LV,LAC,,0,0,0.0,0,118.7,20260925T013701Z
2026,2,REG,2026_02_LV_LAC,202609200sdg,WhitCo05,Cody White,LV,LAC,,0,0,0.0,0,156.2,20260925T013701Z
2026,2,REG,2026_02_LV_LAC,202609200sdg,YounDa02,Dareke Young,LV,LAC,,0,0,0.0,0,118.7,20260925T013701Z
2026,2,REG,2026_02_LV_LAC,202609200sdg,ThomIa00,Ian Thomas,LV,LAC,,1,0,0.0,0,112.5,20260925T013701Z
2026,2,REG,2026_02_LV_LAC,202609200sdg,NailJa00,Jalen Nailor,LV,LAC,,0,0,0.0,0,42.4,20260925T013701Z
2026,2,REG,2026_02_LV_LAC,202609200sdg,BensMa00,Malik Benson,LV,LAC,,0,0,0.0,0,39.6,20260925T013701Z
2026,2,REG,2026_02_SEA_ARI,202609200crd,AllgTy00,Tyler Allgeier,ARI,SEA,,0,0,0.0,0,85.4,20260925T013701Z
2026,2,REG,2026_02_SEA_ARI,202609200crd,BourKe00,Kendrick Bourne,ARI,SEA,,0,1,0.333,0,72.9,20260925T013701Z
2026,2,REG,2026_02_SEA_ARI,202609200crd,ShahRa00,Rashid Shaheed,SEA,ARI,,0,1,0.167,0,68.1,20260925T013701Z
2026,2,REG,2026_02_SEA_ARI,202609200crd,KuppCo00,Cooper Kupp,SEA,ARI,,0,0,0.0,0,108.3,20260925T013701Z
2026,2,REG,2026_02_SEA_ARI,202609200crd,ArroEl00,Elijah Arroyo,SEA,ARI,,0,0,0.0,0,118.7,20260925T013701Z
2026,2,REG,2026_02_SEA_ARI,202609200crd,HolaGe00,George Holani,SEA,ARI,,0,0,0.0,0,79.2,20260925T013701Z
2026,2,REG,2026_02_SEA_ARI,202609200crd,PricJa02,Jadarian Price,SEA,ARI,,0,0,0.0,0,60.4,20260925T013701Z
2026,2,REG,2026_02_SEA_ARI,202609200crd,SaubEr00,Eric Saubert,SEA,ARI,,0,0,0.0,0,79.2,20260925T013701Z
2026,2,REG,2026_02_SEA_ARI,202609200crd,WilsEm00,Emanuel Wilson,SEA,ARI,,0,0,0.0,0,39.6,20260925T013701Z
2026,2,REG,2026_02_WAS_DAL,202609200dal,LambCe00,CeeDee Lamb,DAL,WAS,,0,0,0.0,0,158.3,20260925T013701Z
2026,2,REG,2026_02_WAS_DAL,202609200dal,FlouRy00,Ryan Flournoy,DAL,WAS,,0,0,0.0,0,82.6,20260925T013701Z
2026,2,REG,2026_02_WAS_DAL,202609200dal,FergJa00,Jake Ferguson,DAL,WAS,,0,0,0.0,0,151.0,20260925T013701Z
2026,2,REG,2026_02_WAS_DAL,202609200dal,WillJa10,Javonte Williams,DAL,WAS,,0,0,0.0,0,85.4,20260925T013701Z
2026,2,REG,2026_02_WAS_DAL,202609200dal,DiggSt00,Stefon Diggs,WAS,DAL,,0,0,0.0,0,138.9,20260925T013701Z
2026,2,REG,2026_02_WAS_DAL,202609200dal,WillAn04,Antonio Williams,WAS,DAL,,0,0,0.0,0,100.0,20260925T013701Z
2026,2,REG,2026_02_WAS_DAL,202609200dal,McLaTe00,Terry McLaurin,WAS,DAL,,0,1,0.111,0,50.2,20260925T013701Z
2026,2,REG,2026_02_WAS_DAL,202609200dal,CrosJa00,Jacory Croskey-Merritt,WAS,DAL,,0,0,0.0,0,87.5,20260925T013701Z
2026,2,REG,2026_02_WAS_DAL,202609200dal,SinnBe00,Ben Sinnott,WAS,DAL,,0,0,0.0,0,91.7,20260925T013701Z
2026,2,REG,2026_02_WAS_DAL,202609200dal,YankCo00,Colson Yankoff,WAS,DAL,,0,0,0.0,0,118.7,20260925T013701Z
2026,2,REG,2026_02_MIA_SF,202609200sfo,JuszKy00,Kyle Juszczyk,SF,MIA,,0,0,0.0,0,158.3,20260925T013701Z
2026,2,REG,2026_02_MIA_SF,202609200sfo,WashMa00,Malik Washington,MIA,SF,,1,0,0.0,0,102.5,20260925T013701Z
2026,2,REG,2026_02_MIA_SF,202609200sfo,AchaDe00,De'Von Achane,MIA,SF,,0,1,0.167,0,56.9,20260925T013701Z
2026,2,REG,2026_02_MIA_SF,202609200sfo,DulcGr00,Greg Dulcich,MIA,SF,,0,0,0.0,0,81.2,20260925T013701Z
2026,2,REG,2026_02_MIA_SF,202609200sfo,HermDJ00,DJ Herman,MIA,SF,,0,0,0.0,0,54.9,20260925T013701Z
2026,2,REG,2026_02_MIA_SF,202609200sfo,BellCh00,Chris Bell,MIA,SF,,0,0,0.0,0,39.6,20260925T013701Z
2026,2,REG,2026_02_IND_KC,202609200kan,WalkKe00,Kenneth Walker III,KC,IND,,1,0,0.0,0,77.5,20260925T013701Z
2026,2,REG,2026_02_IND_KC,202609200kan,WortXa00,Xavier Worthy,KC,IND,,0,1,0.143,0,116.1,20260925T013701Z
2026,2,REG,2026_02_IND_KC,202609200kan,JohnEm01,Emmett Johnson,KC,IND,,0,0,0.0,0,108.3,20260925T013701Z
2026,2,REG,2026_02_IND_KC,202609200kan,DownJo00,Josh Downs,IND,KC,,0,0,0.0,0,100.0,20260925T013701Z
2026,2,REG,2026_02_IND_KC,202609200kan,TreaLa00,Laquon Treadwell,IND,KC,,0,0,0.0,0,118.7,20260925T013701Z
2026,2,REG,2026_02_IND_KC,202609200kan,PierAl00,Alec Pierce,IND,KC,,0,0,0.0,0,112.5,20260925T013701Z
2026,2,REG,2026_02_IND_KC,202609200kan,OgleAn00,Andrew Ogletree,IND,KC,,0,0,0.0,0,39.6,20260925T013701Z
2026,2,REG,2026_02_NYG_LA,202609210ram,MumpKo00,Konata Mumpfield,LA,NYG,,0,1,0.5,0,68.7,20260925T013701Z
2026,2,REG,2026_02_NYG_LA,202609210ram,LikeIs00,Isaiah Likely,NYG,LA,,0,0,0.0,0,57.5,20260925T013701Z
2026,2,REG,2026_02_NYG_LA,202609210ram,SkatCa00,Cam Skattebo,NYG,LA,,1,0,0.0,0,86.5,20260925T013701Z
2026,2,REG,2026_02_NYG_LA,202609210ram,MoonDa00,Darnell Mooney,NYG,LA,,0,0,0.0,0,109.7,20260925T013701Z
2026,2,REG,2026_02_NYG_LA,202609210ram,SingDe00,Devin Singletary,NYG,LA,,0,0,0.0,0,39.6,20260925T013701Z
