season,team,player_id,player_name,position,games,spine_metric,usage_index_score,stress_score,redzone_score,share_score,depth_score,return_score,share_calm,share_stress,confidence_delta,spine_opps_stress,team_spine_opps_stress,usage_role,spine_opps,team_spine_opps,share_overall,usage_rank_on_team,usage_rank_in_pos_group,depth_pos,depth_rank,depth_surplus,depth_as_of_week,opp_i20,opp_i10,opp_i5,opp_g2g,team_opp_i20,pct_i20_intra,pct_i20_shrunk,td_i20,td_i5,touches,yards_per_touch,scrimmage_yards,scrimmage_yards_share_intra,scrimmage_tds
2026,DET,00-0036963,A.St. Brown,WR,2,targets,81.7,100.0,57.4,100.0,50.0,75.3,0.2391,0.5161,0.277,16,31,PRIMARY -- TRUSTED UNDER PRESSURE,27,77,0.3506,2,1,WR,1,0,18,6,3,2,2,27,0.2222,0.1935,3,2,19,11.0,209,0.2736,4
2026,SEA,00-0038543,J.Smith-Njigba,WR,2,targets,78.0,87.8,46.8,100.0,50.0,98.6,0.3448,0.5714,0.2266,12,21,PRIMARY -- TRUSTED UNDER PRESSURE,22,50,0.44,3,1,WR,1,0,18,6,3,0,1,27,0.2222,0.1935,2,0,17,16.29,277,0.3991,4
2026,ARI,00-0037744,T.McBride,TE,2,targets,77.6,81.8,87.1,100.0,50.0,38.8,0.2895,0.48,0.1905,12,25,PRIMARY -- TRUSTED UNDER PRESSURE,23,63,0.3651,1,1,TE,1,0,18,6,4,2,3,18,0.3333,0.2727,2,2,17,8.0,136,0.2437,2
2026,DEN,00-0041496,J.Coleman,RB,1,rush_attempts,75.4,100.0,44.6,100.0,66.7,30.0,0.0833,0.5625,0.4792,9,16,RISING -- OUT-EARNING DEPTH CHART,10,28,0.3571,3,2,RB,3,1,18,3,2,1,2,17,0.1765,0.1429,1,1,13,4.46,58,0.148,1
2026,IND,00-0036223,J.Taylor,RB,2,rush_attempts,74.6,55.2,100.0,100.0,50.0,65.4,0.8667,0.8947,0.0281,17,19,ROTATIONAL CONTRIBUTOR,43,49,0.8776,1,1,RB,1,0,18,10,6,5,5,18,0.5556,0.4545,3,3,50,5.06,253,0.4238,4
2026,SEA,00-0038797,E.Wilson,RB,2,rush_attempts,73.6,67.3,88.7,100.0,50.0,43.3,0.3333,0.44,0.1067,11,25,PRIMARY -- TRUSTED UNDER PRESSURE,23,61,0.377,2,2,RB,2,0,18,8,5,4,5,27,0.2963,0.2581,0,0,23,4.13,95,0.1369,0
2026,BUF,00-0034857,J.Allen,QB,2,rush_attempts_qb,72.4,99.5,68.3,78.4,50.0,15.5,0.1379,0.4545,0.3166,10,22,PRIMARY -- TRUSTED UNDER PRESSURE,14,51,0.2745,3,1,QB,1,0,18,5,3,3,3,20,0.25,0.2083,3,3,20,4.6,92,0.1056,4
2026,CAR,00-0036555,C.Hubbard,RB,2,rush_attempts,71.9,71.4,83.6,100.0,50.0,26.7,0.5,0.6429,0.1429,9,14,PRIMARY -- TRUSTED UNDER PRESSURE,22,40,0.55,1,1,RB,1,0,18,8,7,3,5,30,0.2667,0.2353,3,3,27,5.59,151,0.1795,3
2026,MIN,00-0036322,J.Jefferson,WR,2,targets,71.6,65.8,62.7,100.0,50.0,78.6,0.3158,0.4167,0.1009,10,24,PRIMARY -- TRUSTED UNDER PRESSURE,16,43,0.3721,2,1,WR,1,0,18,4,2,1,0,15,0.2667,0.2105,1,0,11,13.36,147,0.2827,2
2026,SF,00-0033280,C.McCaffrey,RB,2,rush_attempts,71.6,62.8,96.5,100.0,33.3,41.9,0.359,0.4615,0.1026,6,13,PRIMARY -- TRUSTED UNDER PRESSURE,20,52,0.3846,2,2,RB,1,-1,18,8,5,4,5,22,0.3636,0.3077,2,2,29,5.31,154,0.2024,2
2026,CHI,00-0036275,D.Swift,RB,2,rush_attempts,71.0,51.2,100.0,100.0,50.0,46.3,0.5641,0.5714,0.0073,12,21,ROTATIONAL CONTRIBUTOR,34,60,0.5667,1,1,RB,1,0,18,9,6,4,5,25,0.36,0.3103,2,2,40,5.83,233,0.263,3
2026,DET,00-0039139,J.Gibbs,RB,2,rush_attempts,70.6,43.6,100.0,100.0,50.0,64.7,0.9118,0.875,-0.0368,14,16,ROTATIONAL CONTRIBUTOR,45,50,0.9,1,1,RB,1,0,18,13,6,5,3,27,0.4815,0.4194,3,2,56,5.34,299,0.3914,3
2026,LA,00-0037840,K.Williams,RB,2,rush_attempts,70.1,50.6,100.0,100.0,50.0,40.9,0.4167,0.4211,0.0044,8,19,ROTATIONAL CONTRIBUTOR,23,55,0.4182,1,1,RB,1,0,18,7,5,2,4,16,0.4375,0.35,2,1,28,5.79,162,0.2077,2
2026,HOU,00-0035685,D.Montgomery,RB,2,rush_attempts,70.1,55.7,100.0,100.0,50.0,26.0,0.5517,0.5882,0.0365,10,17,ROTATIONAL CONTRIBUTOR,26,46,0.5652,1,1,RB,1,0,18,7,5,3,5,15,0.4667,0.3684,3,1,31,3.32,103,0.127,3
2026,KC,00-0038134,K.Walker,RB,2,rush_attempts,69.6,42.6,100.0,100.0,50.0,58.9,0.7879,0.75,-0.0379,21,28,ROTATIONAL CONTRIBUTOR,47,61,0.7705,1,1,RB,1,0,18,11,6,5,6,25,0.44,0.3793,1,1,56,6.59,369,0.3934,2
2026,GB,00-0038124,C.Watson,WR,2,targets,67.3,71.5,56.6,78.7,50.0,73.2,0.2195,0.3571,0.1376,10,28,PRIMARY -- TRUSTED UNDER PRESSURE,19,69,0.2754,1,1,WR,1,0,18,3,2,2,2,18,0.1667,0.1364,2,2,10,18.8,188,0.2844,3
2026,PHI,00-0036912,D.Smith,WR,2,targets,65.5,84.7,18.2,96.9,50.0,61.1,0.2308,0.4333,0.2026,13,30,PRIMARY -- TRUSTED UNDER PRESSURE,19,56,0.3393,1,1,WR,1,0,18,1,1,0,1,16,0.0625,0.05,0,0,13,13.08,170,0.2457,1
2026,NYG,00-0040715,C.Skattebo,RB,2,rush_attempts,65.5,51.8,78.4,100.0,50.0,39.0,0.5313,0.5417,0.0104,13,24,ROTATIONAL CONTRIBUTOR,30,56,0.5357,1,1,RB,1,0,18,5,3,2,2,17,0.2941,0.2381,1,1,34,4.0,136,0.2353,1
2026,BAL,00-0032764,D.Henry,RB,2,rush_attempts,65.4,37.7,100.0,100.0,50.0,37.9,0.7941,0.7222,-0.0719,13,18,VOLUME ONLY -- BENCHED WHEN IT TIGHTENS,40,52,0.7692,1,1,RB,1,0,18,11,7,3,7,17,0.6471,0.5238,3,3,44,5.68,250,0.2877,4
2026,DAL,00-0036997,J.Williams,RB,2,rush_attempts,64.8,39.0,100.0,100.0,50.0,29.5,0.7368,0.6667,-0.0702,10,15,VOLUME ONLY -- BENCHED WHEN IT TIGHTENS,24,34,0.7059,1,1,RB,1,0,18,9,4,4,4,19,0.4737,0.3913,2,1,32,3.81,122,0.2071,2
2026,CIN,00-0038597,C.Brown,RB,2,rush_attempts,64.8,39.7,96.6,100.0,50.0,34.1,0.7586,0.7,-0.0586,14,20,VOLUME ONLY -- BENCHED WHEN IT TIGHTENS,36,49,0.7347,1,1,RB,1,0,18,7,3,3,2,18,0.3889,0.3182,1,1,44,3.64,160,0.2454,1
2026,GB,00-0038685,C.Brooks,RB,2,rush_attempts,64.6,90.4,42.8,80.6,50.0,19.6,0.2,0.5556,0.3556,5,9,PRIMARY -- TRUSTED UNDER PRESSURE,11,39,0.2821,4,2,RB,2,0,18,4,2,0,2,18,0.2222,0.1818,0,0,12,4.58,55,0.0832,0
2026,LV,00-0040122,A.Jeanty,RB,2,rush_attempts,64.0,28.5,100.0,100.0,50.0,52.5,0.7317,0.6087,-0.123,14,23,VOLUME ONLY -- BENCHED WHEN IT TIGHTENS,44,64,0.6875,1,1,RB,1,0,18,13,4,4,5,22,0.5909,0.5,2,0,54,3.89,210,0.35,2
2026,NO,00-0036040,J.Johnson,TE,2,targets,62.9,94.5,41.6,37.0,50.0,68.3,0.0,0.275,0.275,11,40,"CLOSER -- SMALL ROLE, BIG MOMENTS",11,85,0.1294,4,1,TE,1,0,18,4,3,0,3,22,0.1818,0.1538,1,0,7,17.14,120,0.1467,1
2026,DAL,00-0036358,C.Lamb,WR,2,targets,62.0,55.5,46.2,79.6,50.0,91.8,0.2632,0.3043,0.0412,7,23,ROTATIONAL CONTRIBUTOR,17,61,0.2787,2,1,WR,1,0,18,3,2,2,2,19,0.1579,0.1304,2,2,14,14.07,197,0.3345,3
2026,WAS,00-0031588,S.Diggs,WR,2,targets,62.0,76.7,38.6,67.0,66.7,50.0,0.1515,0.3226,0.1711,10,31,RISING -- OUT-EARNING DEPTH CHART,15,64,0.2344,2,1,WR,2,1,18,4,2,1,1,24,0.1667,0.1429,3,1,9,11.33,102,0.1489,3
2026,TEN,00-0040170,E.Ayomanor,WR,2,targets,61.5,85.7,38.2,38.1,66.7,69.5,0.0,0.2857,0.2857,6,21,RISING -- OUT-EARNING DEPTH CHART,6,45,0.1333,6,3,WR,4,1,18,3,1,1,1,16,0.1875,0.15,1,0,3,26.67,80,0.1559,1
2026,PHI,00-0038393,D.Wicks,WR,2,targets,61.4,89.2,26.0,51.0,50.0,76.6,0.0385,0.3,0.2615,9,30,PRIMARY -- TRUSTED UNDER PRESSURE,10,56,0.1786,4,2,WR,2,0,18,2,1,0,0,16,0.125,0.1,1,0,7,21.0,147,0.2124,1
2026,MIN,00-0037525,J.Mason,RB,1,rush_attempts,61.3,37.5,62.7,100.0,83.3,39.8,0.5263,0.4167,-0.1096,5,12,RISING -- OUT-EARNING DEPTH CHART,15,31,0.4839,3,2,RB,4,2,18,4,2,1,1,15,0.2667,0.2105,1,1,15,3.93,59,0.2287,1
2026,NYG,00-0037838,I.Likely,TE,2,targets,61.1,66.5,46.1,84.3,50.0,46.0,0.25,0.36,0.11,9,25,PRIMARY -- TRUSTED UNDER PRESSURE,18,61,0.2951,2,1,TE,1,0,18,4,1,1,1,17,0.2353,0.1905,2,1,13,8.54,111,0.192,2
2026,WAS,00-0037256,R.White,RB,2,rush_attempts,60.3,81.9,38.6,74.1,50.0,26.2,0.1765,0.4,0.2235,8,20,PRIMARY -- TRUSTED UNDER PRESSURE,14,54,0.2593,3,2,RB,2,0,18,4,2,1,1,24,0.1667,0.1429,0,0,22,5.0,110,0.1606,0
2026,ARI,00-0041027,J.Love,RB,2,rush_attempts,59.1,48.5,72.1,100.0,33.3,22.6,0.4118,0.4,-0.0118,6,15,ROTATIONAL CONTRIBUTOR,20,49,0.4082,3,2,RB,1,-1,18,6,3,1,3,18,0.3333,0.2727,1,1,25,3.8,95,0.1703,1
2026,LA,00-0039075,P.Nacua,WR,1,targets,58.8,67.0,21.5,95.2,33.3,68.9,0.2667,0.4167,0.15,5,12,PRIMARY -- TRUSTED UNDER PRESSURE,9,27,0.3333,5,2,WR,1,-1,18,1,1,1,1,16,0.0625,0.05,0,0,5,14.8,74,0.2552,0
2026,TEN,00-0035261,T.Pollard,RB,2,rush_attempts,58.8,41.8,69.4,100.0,50.0,27.8,0.5909,0.5333,-0.0576,8,15,ROTATIONAL CONTRIBUTOR,21,37,0.5676,1,1,RB,1,0,18,5,3,1,4,16,0.3125,0.25,0,0,23,4.3,99,0.193,0
2026,GB,00-0040667,M.Golden,WR,2,targets,58.5,65.3,28.5,74.5,66.7,59.5,0.2195,0.3214,0.1019,9,28,RISING -- OUT-EARNING DEPTH CHART,18,69,0.2609,3,2,WR,3,1,18,3,1,0,1,18,0.1667,0.1364,0,0,10,15.3,153,0.2315,0
2026,CLE,00-0041037,D.Boston,WR,2,targets,58.1,69.5,38.0,60.4,33.3,83.5,0.1622,0.3333,0.1712,5,15,PRIMARY -- TRUSTED UNDER PRESSURE,11,52,0.2115,3,2,WR,1,-1,18,2,1,0,0,10,0.2,0.1429,0,0,7,22.0,154,0.2683,2
2026,DEN,00-0036613,J.Waddle,WR,2,targets,57.8,80.9,7.4,66.3,50.0,78.5,0.1471,0.3636,0.2166,8,22,PRIMARY -- TRUSTED UNDER PRESSURE,13,56,0.2321,2,1,WR,1,0,18,1,0,0,0,17,0.0588,0.0476,0,0,9,15.56,140,0.2397,0
2026,MIA,00-0039040,D.Achane,RB,2,rush_attempts,57.8,16.4,100.0,100.0,50.0,34.8,0.84,0.625,-0.215,10,16,VOLUME ONLY -- BENCHED WHEN IT TIGHTENS,31,41,0.7561,1,1,RB,1,0,18,7,3,1,4,14,0.5,0.3889,0,0,38,4.18,159,0.2681,0
2026,MIN,00-0033293,A.Jones,RB,2,rush_attempts,57.2,41.6,52.2,100.0,50.0,46.8,0.6216,0.5714,-0.0502,12,21,ROTATIONAL CONTRIBUTOR,35,58,0.6034,1,1,RB,1,0,18,4,1,1,1,15,0.2667,0.2105,1,1,35,4.14,145,0.2788,1
2026,NYJ,00-0037740,G.Wilson,WR,2,targets,56.7,81.9,26.0,67.8,33.3,46.5,0.1471,0.36,0.2129,9,25,PRIMARY -- TRUSTED UNDER PRESSURE,14,59,0.2373,4,2,WR,1,-1,18,1,1,1,1,14,0.0714,0.0556,1,1,11,12.36,136,0.1997,1
2026,TB,00-0039361,B.Irving,RB,2,rush_attempts,56.4,45.9,44.3,100.0,50.0,42.0,0.6667,0.6364,-0.0303,7,11,ROTATIONAL CONTRIBUTOR,25,38,0.6579,1,1,RB,1,0,18,5,1,0,1,20,0.25,0.2083,1,0,36,5.08,183,0.2933,1
2026,JAX,00-0038611,C.Rodriguez,RB,2,rush_attempts,56.4,74.9,48.0,61.2,50.0,17.7,0.1538,0.3529,0.1991,6,17,PRIMARY -- TRUSTED UNDER PRESSURE,12,56,0.2143,3,2,RB,2,0,18,2,2,1,2,9,0.2222,0.1538,0,0,12,3.0,36,0.055,0
2026,SEA,00-0039299,G.Holani,RB,2,rush_attempts,56.0,69.0,51.7,56.2,50.0,32.7,0.1389,0.28,0.1411,7,25,PRIMARY -- TRUSTED UNDER PRESSURE,12,61,0.1967,4,3,RB,3,0,18,6,2,2,2,27,0.2222,0.1935,0,0,13,3.38,44,0.0634,0
2026,NYJ,00-0039794,B.Allen,RB,2,rush_attempts,55.8,70.2,43.4,71.4,50.0,17.3,0.2,0.35,0.15,7,20,PRIMARY -- TRUSTED UNDER PRESSURE,15,60,0.25,2,2,RB,2,0,18,3,1,1,1,14,0.2143,0.1667,1,1,16,3.44,55,0.0808,1
2026,NYJ,00-0038120,B.Hall,RB,2,rush_attempts,55.3,18.8,78.1,100.0,50.0,47.7,0.7,0.5,-0.2,10,20,VOLUME ONLY -- BENCHED WHEN IT TIGHTENS,38,60,0.6333,1,1,RB,1,0,18,5,2,2,1,14,0.3571,0.2778,1,1,45,4.67,210,0.3084,1
2026,BUF,00-0037248,J.Cook,RB,2,rush_attempts,54.6,14.5,89.3,100.0,50.0,33.3,0.7586,0.5455,-0.2132,12,22,VOLUME ONLY -- BENCHED WHEN IT TIGHTENS,34,51,0.6667,1,1,RB,1,0,18,8,4,2,3,20,0.4,0.3333,1,1,38,5.47,208,0.2388,1
2026,CHI,00-0032464,K.Raymond,WR,2,targets,54.1,62.8,16.0,71.4,83.3,41.2,0.2069,0.2963,0.0894,8,27,RISING -- OUT-EARNING DEPTH CHART,14,56,0.25,3,1,WR,3,2,18,2,1,0,0,25,0.08,0.069,0,0,13,9.54,124,0.14,0
2026,LAC,00-0040666,O.Hampton,RB,2,rush_attempts,54.1,32.1,59.6,100.0,50.0,33.8,0.7813,0.6667,-0.1146,10,15,VOLUME ONLY -- BENCHED WHEN IT TIGHTENS,35,47,0.7447,1,1,RB,1,0,18,4,2,1,1,14,0.2857,0.2222,2,1,37,4.27,158,0.2594,2
2026,ARI,00-0037263,T.Allgeier,RB,2,rush_attempts,54.0,41.2,43.4,100.0,66.7,20.6,0.4706,0.4,-0.0706,6,15,RISING -- OUT-EARNING DEPTH CHART,22,49,0.449,2,1,RB,2,1,18,4,1,1,1,18,0.2222,0.1818,0,0,26,3.42,89,0.1595,0
2026,CIN,00-0034829,M.Gesicki,TE,1,targets,53.1,51.2,45.5,58.8,50.0,66.2,0.2,0.2143,0.0143,3,14,ROTATIONAL CONTRIBUTOR,7,34,0.2059,5,1,TE,1,0,18,2,2,2,1,18,0.1111,0.0909,1,1,5,15.6,78,0.2167,1
2026,NO,00-0040743,T.Shough,QB,2,rush_attempts_qb,53.0,68.2,55.7,52.5,50.0,9.0,0.1154,0.2609,0.1455,6,23,PRIMARY -- TRUSTED UNDER PRESSURE,9,49,0.1837,7,1,QB,1,0,18,5,2,2,2,22,0.2273,0.1923,1,1,13,2.38,31,0.0379,1
2026,DET,00-0039065,S.LaPorta,TE,2,targets,52.8,57.0,47.3,55.7,50.0,48.9,0.1739,0.2258,0.0519,7,31,ROTATIONAL CONTRIBUTOR,15,77,0.1948,3,1,TE,1,0,18,4,3,2,2,27,0.1481,0.129,1,1,11,9.09,100,0.1309,1
2026,JAX,00-0038606,P.Washington,WR,2,targets,52.8,51.4,0.0,100.0,50.0,78.0,0.3636,0.375,0.0114,6,16,ROTATIONAL CONTRIBUTOR,18,49,0.3673,2,1,WR,1,0,18,,,,,,,,,,12,15.08,181,0.2763,1
2026,MIN,00-0035229,T.Hockenson,TE,2,targets,52.5,75.1,16.5,59.8,50.0,45.1,0.1053,0.2917,0.1864,7,24,PRIMARY -- TRUSTED UNDER PRESSURE,9,43,0.2093,4,1,TE,1,0,18,2,0,0,0,15,0.1333,0.1053,1,0,7,9.29,65,0.125,1
2026,ATL,00-0038542,Bi.Robinson,RB,2,rush_attempts,52.4,55.8,0.0,100.0,50.0,62.1,0.62,0.6667,0.0467,6,9,ROTATIONAL CONTRIBUTOR,37,59,0.6271,1,1,RB,1,0,18,,,,,,,,,,48,5.29,254,0.4496,1
2026,GB,00-0039811,M.Lloyd,RB,2,rush_attempts,52.1,33.3,57.2,100.0,50.0,17.9,0.5333,0.3333,-0.2,3,9,VOLUME ONLY -- BENCHED WHEN IT TIGHTENS,19,39,0.4872,2,1,RB,1,0,18,5,3,0,3,18,0.2778,0.2273,1,0,21,3.0,63,0.0953,1
2026,CAR,00-0039491,J.Coker,WR,2,targets,52.0,37.3,45.7,77.9,66.7,47.0,0.3158,0.2143,-0.1015,6,28,RISING -- OUT-EARNING DEPTH CHART,18,66,0.2727,3,1,WR,2,1,18,5,4,1,4,30,0.1667,0.1471,1,0,16,12.75,204,0.2426,2
2026,NYG,00-0040691,J.Dart,QB,1,rush_attempts_qb,51.5,69.6,7.4,73.5,66.7,29.2,0.1765,0.3333,0.1569,6,18,RISING -- OUT-EARNING DEPTH CHART,9,35,0.2571,5,1,QB,2,1,18,1,0,0,0,17,0.0588,0.0476,0,0,11,4.91,54,0.1367,0
2026,MIA,00-0041523,C.Douglas,WR,2,targets,51.3,82.2,8.7,57.1,50.0,33.1,0.1176,0.375,0.2574,6,16,PRIMARY -- TRUSTED UNDER PRESSURE,10,50,0.2,3,2,WR,2,0,18,1,0,0,0,14,0.0714,0.0556,0,0,7,16.14,113,0.1906,0
2026,BAL,00-0040870,J.Lane,WR,1,targets,51.2,77.8,28.5,35.7,83.3,10.8,0.0,0.3333,0.3333,3,9,INSUFFICIENT SAMPLE,3,24,0.125,9,5,WR,7,2,18,2,1,1,2,17,0.1176,0.0952,0,0,1,11.0,11,0.0209,0
2026,SF,00-0031408,M.Evans,WR,2,targets,51.2,76.2,22.7,51.9,33.3,49.6,0.0968,0.2917,0.1949,7,24,PRIMARY -- TRUSTED UNDER PRESSURE,10,55,0.1818,4,2,WR,1,-1,18,2,1,1,1,22,0.0909,0.0769,1,1,9,11.44,103,0.1353,1
2026,CIN,00-0036410,T.Higgins,WR,2,targets,51.1,57.4,0.0,70.3,66.7,79.5,0.225,0.28,0.055,7,25,RISING -- OUT-EARNING DEPTH CHART,16,65,0.2462,2,1,WR,2,1,18,,,,,,,,,,8,19.25,154,0.2362,0
2026,PIT,00-0037228,J.Warren,RB,2,rush_attempts,50.6,25.6,46.9,100.0,50.0,46.6,0.5714,0.3571,-0.2143,5,14,VOLUME ONLY -- BENCHED WHEN IT TIGHTENS,21,42,0.5,1,1,RB,1,0,18,2,1,0,0,6,0.3333,0.2,0,0,28,5.36,150,0.2693,0
2026,NO,00-0037239,C.Olave,WR,2,targets,50.3,51.3,6.0,77.3,50.0,84.0,0.2667,0.275,0.0083,11,40,ROTATIONAL CONTRIBUTOR,23,85,0.2706,1,1,WR,1,0,18,1,0,0,0,22,0.0455,0.0385,0,0,18,14.89,268,0.3276,1
2026,NO,00-0038551,K.Miller,RB,1,rush_attempts,50.2,44.7,23.7,100.0,66.7,14.7,0.4167,0.3636,-0.053,4,11,RISING -- OUT-EARNING DEPTH CHART,9,23,0.3913,5,3,RB,4,1,18,2,2,0,2,22,0.0909,0.0769,1,0,9,3.33,30,0.0599,1
2026,JAX,00-0040719,B.Tuten,RB,2,rush_attempts,50.1,12.0,67.0,100.0,50.0,44.4,0.6154,0.2353,-0.3801,4,17,VOLUME ONLY -- BENCHED WHEN IT TIGHTENS,28,56,0.5,1,1,RB,1,0,18,3,2,2,2,9,0.3333,0.2308,1,1,31,4.84,150,0.229,1
2026,CAR,00-0039344,J.Brooks,RB,2,rush_attempts,50.0,59.3,22.6,64.3,83.3,16.9,0.1923,0.2857,0.0934,4,14,RISING -- OUT-EARNING DEPTH CHART,9,40,0.225,4,2,RB,4,2,18,4,1,0,1,30,0.1333,0.1176,0,0,11,6.64,73,0.0868,0
2026,CHI,00-0040236,K.Monangai,RB,2,rush_attempts,49.9,33.4,37.2,95.2,50.0,44.0,0.3846,0.2381,-0.1465,5,21,VOLUME ONLY -- BENCHED WHEN IT TIGHTENS,20,60,0.3333,2,2,RB,2,0,18,4,3,0,0,25,0.16,0.1379,0,0,24,7.58,182,0.2054,1
2026,HOU,00-0040583,W.Marks,RB,2,rush_attempts,49.9,46.7,24.7,100.0,50.0,21.6,0.3793,0.3529,-0.0264,6,17,ROTATIONAL CONTRIBUTOR,17,46,0.3696,3,2,RB,2,0,18,3,0,0,0,15,0.2,0.1579,0,0,23,3.26,75,0.0925,0
2026,TEN,00-0040676,C.Ward,QB,1,rush_attempts_qb,49.7,58.9,83.3,21.2,50.0,8.9,0.0,0.1429,0.1429,2,14,INSUFFICIENT SAMPLE,2,27,0.0741,8,1,QB,1,0,18,4,4,3,3,16,0.25,0.2,2,2,8,3.5,28,0.0546,2
2026,LA,00-0031381,D.Adams,WR,2,targets,49.6,40.1,7.8,80.2,66.7,85.4,0.3143,0.2273,-0.087,5,22,RISING -- OUT-EARNING DEPTH CHART,16,57,0.2807,3,1,WR,2,1,18,1,0,0,0,16,0.0625,0.05,1,0,11,20.09,221,0.2833,2
2026,SF,00-0035719,D.Samuel,WR,2,targets,49.5,51.7,34.3,57.1,66.7,41.0,0.1935,0.2083,0.0148,5,24,RISING -- OUT-EARNING DEPTH CHART,11,55,0.2,3,1,WR,2,1,18,3,2,1,2,22,0.1364,0.1154,1,0,11,8.64,95,0.1248,1
2026,PHI,00-0039746,W.Shipley,RB,2,rush_attempts,49.3,72.1,31.3,51.4,50.0,13.9,0.1176,0.3125,0.1949,5,16,PRIMARY -- TRUSTED UNDER PRESSURE,9,50,0.18,5,3,RB,3,0,18,4,0,0,0,16,0.25,0.2,0,0,12,3.42,41,0.0592,0
2026,PIT,00-0036139,R.Dowdle,RB,2,rush_attempts,49.1,50.0,15.6,100.0,50.0,22.3,0.3571,0.3571,0.0,5,14,ROTATIONAL CONTRIBUTOR,15,42,0.3571,3,2,RB,2,0,18,1,0,0,0,6,0.1667,0.1,0,0,19,3.42,65,0.1167,0
2026,DEN,00-0036158,J.Dobbins,RB,2,rush_attempts,48.9,14.7,67.4,100.0,50.0,25.4,0.6,0.1765,-0.4235,3,17,VOLUME ONLY -- BENCHED WHEN IT TIGHTENS,18,42,0.4286,1,1,RB,1,0,18,3,3,3,3,17,0.1765,0.1429,0,0,18,4.0,72,0.1233,0
2026,DAL,00-0037247,G.Pickens,WR,2,targets,48.9,66.2,14.0,65.6,50.0,35.0,0.1842,0.3043,0.1201,7,23,PRIMARY -- TRUSTED UNDER PRESSURE,14,61,0.2295,3,2,WR,2,0,18,1,1,0,0,19,0.0526,0.0435,0,0,9,7.56,68,0.1154,0
2026,DEN,00-0040730,R.Harvey,RB,1,rush_attempts,48.7,80.2,0.0,61.2,33.3,42.9,0.1538,1.0,0.8462,1,1,INSUFFICIENT SAMPLE,3,14,0.2143,9,3,RB,2,-1,18,,,,,,,,,,7,5.86,41,0.2135,0
2026,IND,00-0038997,J.Downs,WR,2,targets,48.6,60.4,14.2,62.9,50.0,52.6,0.1892,0.2727,0.0835,6,22,PRIMARY -- TRUSTED UNDER PRESSURE,13,59,0.2203,2,1,WR,1,0,18,2,0,0,0,18,0.1111,0.0909,0,0,9,12.11,109,0.1826,0
2026,LA,00-0037557,R.Rivers,RB,1,rush_attempts,48.4,77.1,15.6,51.0,50.0,21.0,0.0625,0.3333,0.2708,4,12,PRIMARY -- TRUSTED UNDER PRESSURE,5,28,0.1786,6,3,RB,3,0,18,2,0,0,0,16,0.125,0.1,0,0,6,4.0,24,0.0828,0
2026,TEN,00-0041438,C.Tate,WR,2,targets,48.2,72.4,0.0,69.8,50.0,29.9,0.1667,0.3333,0.1667,7,21,PRIMARY -- TRUSTED UNDER PRESSURE,11,45,0.2444,2,1,WR,1,0,18,,,,,,,,,,7,9.29,65,0.1267,0
2026,CLE,00-0040784,Q.Judkins,RB,2,rush_attempts,48.1,17.5,61.6,100.0,50.0,21.8,0.7083,0.4667,-0.2417,7,15,VOLUME ONLY -- BENCHED WHEN IT TIGHTENS,24,39,0.6154,1,1,RB,1,0,18,3,1,1,0,10,0.3,0.2143,0,0,31,3.16,98,0.1707,0
2026,LAC,00-0039915,L.McConkey,WR,2,targets,48.1,55.8,31.8,53.9,33.3,61.4,0.1667,0.2174,0.0507,5,23,ROTATIONAL CONTRIBUTOR,10,53,0.1887,3,2,WR,1,-1,18,2,2,0,1,14,0.1429,0.1111,1,0,8,14.63,117,0.1921,1
2026,TB,00-0041048,T.Hurst,WR,2,targets,48.1,62.6,13.0,47.6,83.3,37.2,0.1212,0.2222,0.101,6,27,RISING -- OUT-EARNING DEPTH CHART,10,60,0.1667,4,2,WR,4,2,18,2,0,0,0,20,0.1,0.0833,0,0,5,12.6,63,0.101,0
2026,NE,00-0040734,T.Henderson,RB,1,rush_attempts,48.0,51.6,0.0,100.0,50.0,37.5,0.6111,0.625,0.0139,5,8,ROTATIONAL CONTRIBUTOR,16,26,0.6154,2,2,RB,2,0,18,,,,,,,,,,16,4.75,76,0.2209,1
2026,NO,00-0039424,D.Vele,WR,2,targets,47.8,53.2,30.7,53.8,50.0,51.6,0.1778,0.2,0.0222,8,40,ROTATIONAL CONTRIBUTOR,16,85,0.1882,3,2,WR,2,0,18,2,2,1,2,22,0.0909,0.0769,1,1,12,11.08,133,0.1626,1
2026,CAR,00-0040124,T.McMillan,WR,2,targets,47.8,37.3,42.5,77.9,33.3,51.2,0.3158,0.2143,-0.1015,6,28,VOLUME ONLY -- BENCHED WHEN IT TIGHTENS,18,66,0.2727,2,2,WR,1,-1,18,4,3,2,2,30,0.1333,0.1176,0,0,10,17.6,176,0.2093,0
2026,NYG,00-0036893,N.Harris,RB,1,rush_attempts,47.7,62.5,39.7,54.4,50.0,6.8,0.1333,0.3333,0.2,2,6,INSUFFICIENT SAMPLE,4,21,0.1905,9,3,RB,3,0,18,2,2,1,0,17,0.1176,0.0952,0,0,4,1.5,6,0.0328,0
2026,PIT,00-0041489,G.Bernard,WR,1,targets,47.6,56.7,15.6,61.8,66.7,37.6,0.1923,0.2727,0.0804,3,11,RISING -- OUT-EARNING DEPTH CHART,8,37,0.2162,6,3,WR,4,1,18,1,0,0,1,6,0.1667,0.1,0,0,4,8.75,35,0.1259,0
2026,PHI,00-0036389,J.Hurts,QB,2,rush_attempts_qb,47.4,85.5,18.2,28.6,50.0,22.0,0.0,0.3125,0.3125,5,16,"CLOSER -- SMALL ROLE, BIG MOMENTS",5,50,0.1,8,1,QB,1,0,18,1,1,0,1,16,0.0625,0.05,0,0,12,5.17,62,0.0896,0
2026,IND,00-0040128,T.Warren,TE,2,targets,47.3,54.3,42.0,58.1,50.0,16.8,0.1892,0.2273,0.0381,5,22,ROTATIONAL CONTRIBUTOR,12,59,0.2034,3,1,TE,1,0,18,3,2,1,2,18,0.1667,0.1364,2,1,10,3.7,37,0.062,2
2026,LV,00-0038563,T.Tucker,WR,2,targets,47.3,55.2,15.4,54.2,50.0,69.4,0.1714,0.2174,0.046,5,23,ROTATIONAL CONTRIBUTOR,11,58,0.1897,3,1,WR,1,0,18,1,1,0,1,22,0.0455,0.0385,0,0,7,20.86,146,0.2433,1
2026,KC,00-0039894,X.Worthy,WR,2,targets,47.1,49.1,45.4,54.6,66.7,12.2,0.1944,0.1875,-0.0069,6,32,RISING -- OUT-EARNING DEPTH CHART,13,68,0.1912,3,1,WR,2,1,18,4,2,2,2,25,0.16,0.1379,1,1,8,5.38,43,0.0458,1
2026,NE,00-0036875,R.Stevenson,RB,2,rush_attempts,47.0,48.5,0.0,100.0,50.0,37.8,0.4737,0.4615,-0.0121,6,13,ROTATIONAL CONTRIBUTOR,24,51,0.4706,1,1,RB,1,0,18,,,,,,,,,,30,4.7,141,0.2235,0
2026,LAC,00-0036355,J.Herbert,QB,1,rush_attempts_qb,46.9,63.9,66.8,18.4,50.0,6.4,0.0,0.2222,0.2222,2,9,INSUFFICIENT SAMPLE,2,31,0.0645,10,1,QB,1,0,18,4,3,1,2,14,0.2857,0.2222,0,0,8,3.88,31,0.0509,0
2026,CHI,00-0039918,C.Williams,QB,2,rush_attempts_qb,46.8,66.5,43.4,23.8,50.0,32.1,0.0256,0.1905,0.1648,4,21,"CLOSER -- SMALL ROLE, BIG MOMENTS",5,60,0.0833,7,1,QB,1,0,18,4,3,1,2,25,0.16,0.1379,1,0,15,7.13,107,0.1208,2
2026,SF,00-0041052,K.Black,RB,2,rush_attempts,46.8,37.2,12.0,100.0,66.7,29.6,0.4359,0.3077,-0.1282,4,13,RISING -- OUT-EARNING DEPTH CHART,21,52,0.4038,1,1,RB,2,1,18,2,0,0,0,22,0.0909,0.0769,0,0,22,4.32,95,0.1248,0
2026,CHI,00-0040735,L.Burden,WR,2,targets,46.5,61.7,10.8,61.2,50.0,40.9,0.1724,0.2593,0.0868,7,27,PRIMARY -- TRUSTED UNDER PRESSURE,12,56,0.2143,4,2,WR,2,0,18,2,0,0,0,25,0.08,0.069,0,0,9,10.78,97,0.1095,0
2026,HOU,00-0036554,N.Collins,WR,1,targets,46.5,51.7,16.5,77.2,33.3,49.1,0.2632,0.2778,0.0146,5,18,ROTATIONAL CONTRIBUTOR,10,37,0.2703,5,2,WR,1,-1,18,2,0,0,1,15,0.1333,0.1053,1,0,8,10.25,82,0.206,1
2026,PHI,00-0038555,T.Bigsby,RB,2,rush_attempts,46.3,38.7,44.3,80.0,50.0,11.8,0.3235,0.1875,-0.136,3,16,VOLUME ONLY -- BENCHED WHEN IT TIGHTENS,14,50,0.28,3,2,RB,2,0,18,3,1,1,0,16,0.1875,0.15,1,1,16,2.56,41,0.0592,1
2026,PIT,00-0036894,P.Freiermuth,TE,2,targets,46.3,52.1,46.9,38.6,50.0,37.9,0.1277,0.1481,0.0205,4,27,RED ZONE SPECIALIST,10,74,0.1351,5,1,TE,1,0,18,2,1,0,0,6,0.3333,0.2,1,0,10,8.0,80,0.1436,1
2026,GB,00-0040142,K.Johnson,RB,1,rush_attempts,46.3,50.0,0.0,100.0,50.0,27.2,0.6154,0.0,-0.6154,0,5,ROTATIONAL CONTRIBUTOR,8,18,0.4444,7,3,RB,3,0,18,,,,,,,,,,8,4.0,32,0.1538,0
2026,NO,00-0033906,A.Kamara,RB,1,rush_attempts,45.9,47.6,12.0,98.9,50.0,10.4,0.3571,0.3333,-0.0238,4,12,ROTATIONAL CONTRIBUTOR,9,26,0.3462,6,2,RB,2,0,18,2,0,0,0,22,0.0909,0.0769,0,0,14,1.57,22,0.0694,0
2026,NYJ,00-0039890,A.Mitchell,WR,2,targets,45.9,46.9,8.7,72.6,66.7,46.2,0.2647,0.24,-0.0247,6,25,RISING -- OUT-EARNING DEPTH CHART,15,59,0.2542,3,1,WR,2,1,18,1,0,0,0,14,0.0714,0.0556,0,0,9,13.67,123,0.1806,0
2026,JAX,00-0041100,J.Cameron,WR,1,targets,45.9,70.8,27.5,27.2,50.0,36.5,0.0,0.3333,0.3333,2,6,INSUFFICIENT SAMPLE,2,21,0.0952,10,4,WR,4,0,18,1,1,1,1,9,0.1111,0.0769,1,1,2,10.0,20,0.0539,1
2026,NO,00-0036973,T.Etienne,RB,2,rush_attempts,45.7,24.9,36.8,100.0,50.0,26.5,0.4615,0.2609,-0.2007,6,23,VOLUME ONLY -- BENCHED WHEN IT TIGHTENS,18,49,0.3673,2,1,RB,1,0,18,4,1,1,0,22,0.1818,0.1538,0,0,26,4.19,109,0.1333,0
2026,DAL,00-0038041,J.Ferguson,TE,2,targets,45.7,62.1,40.5,28.1,50.0,33.8,0.0526,0.1739,0.1213,4,23,"CLOSER -- SMALL ROLE, BIG MOMENTS",6,61,0.0984,5,1,TE,1,0,18,3,2,1,2,19,0.1579,0.1304,2,0,6,8.17,49,0.0832,2
2026,LAC,00-0033885,D.Njoku,TE,2,targets,45.6,54.1,8.7,43.1,100.0,39.1,0.1333,0.1739,0.0406,4,23,RISING -- OUT-EARNING DEPTH CHART,8,53,0.1509,6,1,TE,4,3,18,1,0,0,0,14,0.0714,0.0556,0,0,6,11.17,67,0.11,0
2026,BUF,00-0037261,K.Shakir,WR,2,targets,45.2,44.5,31.4,60.1,66.7,26.1,0.2333,0.1852,-0.0481,5,27,RISING -- OUT-EARNING DEPTH CHART,12,57,0.2105,4,1,WR,2,1,18,3,1,1,1,20,0.15,0.125,0,0,7,12.57,88,0.101,0
2026,CLE,00-0033537,D.Watson,QB,2,rush_attempts_qb,45.1,64.2,22.3,51.3,50.0,17.3,0.125,0.2667,0.1417,4,15,PRIMARY -- TRUSTED UNDER PRESSURE,7,39,0.1795,5,1,QB,1,0,18,2,0,0,0,10,0.2,0.1429,0,0,13,4.62,60,0.1045,0
2026,PIT,00-0035640,D.Metcalf,WR,2,targets,45.0,58.9,0.0,73.4,50.0,36.0,0.234,0.2963,0.0623,8,27,ROTATIONAL CONTRIBUTOR,19,74,0.2568,2,1,WR,1,0,18,,,,,,,,,,8,8.38,67,0.1203,0
2026,BAL,00-0034753,M.Andrews,TE,2,targets,44.9,61.0,7.4,70.1,50.0,20.8,0.2121,0.3,0.0879,6,20,PRIMARY -- TRUSTED UNDER PRESSURE,13,53,0.2453,2,1,TE,1,0,18,1,0,0,1,17,0.0588,0.0476,0,0,10,9.8,98,0.1128,0
2026,CLE,00-0041547,K.Concepcion,WR,2,targets,44.5,48.7,22.3,60.4,66.7,24.6,0.2162,0.2,-0.0162,3,15,RISING -- OUT-EARNING DEPTH CHART,11,52,0.2115,2,1,WR,2,1,18,2,0,0,0,10,0.2,0.1429,0,0,14,5.71,80,0.1394,0
2026,IND,00-0037664,A.Pierce,WR,2,targets,44.2,52.4,7.1,33.9,100.0,50.5,0.1081,0.1364,0.0283,3,22,RISING -- OUT-EARNING DEPTH CHART,7,59,0.1186,5,3,WR,7,4,18,1,0,0,0,18,0.0556,0.0455,0,0,5,14.4,72,0.1206,0
2026,SF,00-0037834,B.Purdy,QB,1,rush_attempts_qb,44.2,72.3,16.7,30.6,50.0,31.7,0.0435,0.4,0.3565,2,5,INSUFFICIENT SAMPLE,3,28,0.1071,8,1,QB,1,0,18,1,1,1,1,22,0.0455,0.0385,1,1,8,7.38,59,0.0775,1
2026,SF,00-0033288,G.Kittle,TE,2,targets,43.8,44.3,29.1,46.7,50.0,58.1,0.1935,0.125,-0.0685,3,24,ROTATIONAL CONTRIBUTOR,9,55,0.1636,5,1,TE,1,0,18,3,2,0,1,22,0.1364,0.1154,1,0,6,15.33,92,0.1209,1
2026,TB,00-0040237,T.Johnson,WR,2,targets,43.7,54.2,24.7,23.8,66.7,59.0,0.0606,0.1111,0.0505,3,27,RISING -- OUT-EARNING DEPTH CHART,5,60,0.0833,7,4,WR,5,1,18,2,1,0,1,20,0.1,0.0833,0,0,2,22.5,45,0.0721,0
2026,TEN,00-0039032,T.Spears,RB,2,rush_attempts,43.7,49.4,7.8,77.2,50.0,31.6,0.2727,0.2667,-0.0061,4,15,ROTATIONAL CONTRIBUTOR,10,37,0.2703,3,2,RB,2,0,18,1,0,0,1,16,0.0625,0.05,0,0,14,6.71,94,0.1832,0
2026,ARI,00-0038559,Mi.Wilson,WR,2,targets,43.6,62.9,0.0,63.5,50.0,29.2,0.1842,0.28,0.0958,7,25,PRIMARY -- TRUSTED UNDER PRESSURE,14,63,0.2222,4,1,WR,1,0,18,,,,,,,,,,7,10.57,74,0.1326,0
2026,DEN,00-0039732,B.Nix,QB,2,rush_attempts_qb,43.2,61.5,29.8,47.6,50.0,1.7,0.12,0.2353,0.1153,4,17,PRIMARY -- TRUSTED UNDER PRESSURE,7,42,0.1667,6,1,QB,1,0,18,4,0,0,1,17,0.2353,0.1905,0,0,8,1.0,8,0.0137,0
2026,SEA,00-0041512,J.Price,RB,2,rush_attempts,43.2,13.2,31.4,100.0,50.0,48.2,0.5278,0.16,-0.3678,4,25,VOLUME ONLY -- BENCHED WHEN IT TIGHTENS,23,61,0.377,1,1,RB,1,0,18,3,2,1,2,27,0.1111,0.0968,0,0,26,4.54,118,0.17,0
2026,TB,00-0040129,E.Egbuka,WR,2,targets,43.0,43.6,37.2,52.4,50.0,29.2,0.2121,0.1481,-0.064,4,27,ROTATIONAL CONTRIBUTOR,11,60,0.1833,2,1,WR,1,0,18,2,1,1,1,20,0.1,0.0833,1,1,9,8.44,76,0.1218,1
2026,WAS,00-0035659,T.McLaurin,WR,2,targets,42.9,40.8,27.4,58.0,33.3,61.7,0.2424,0.1613,-0.0811,5,31,ROTATIONAL CONTRIBUTOR,13,64,0.2031,4,2,WR,1,-1,18,2,2,1,1,24,0.0833,0.0714,0,0,4,16.0,64,0.0934,0
2026,HOU,00-0034383,D.Schultz,TE,2,targets,42.8,47.5,0.0,72.3,50.0,51.6,0.26,0.2432,-0.0168,9,37,ROTATIONAL CONTRIBUTOR,22,87,0.2529,2,1,TE,1,0,18,,,,,,,,,,16,10.94,175,0.2158,0
2026,KC,00-0033873,P.Mahomes,QB,1,rush_attempts_qb,42.6,67.9,33.6,25.2,50.0,9.2,0.0,0.2143,0.2143,3,14,INSUFFICIENT SAMPLE,3,34,0.0882,7,1,QB,1,0,18,5,1,0,2,25,0.2,0.1724,1,0,9,4.44,40,0.0426,1
2026,NYG,00-0039337,M.Nabers,WR,2,targets,42.6,47.5,14.9,60.9,50.0,41.2,0.2222,0.2,-0.0222,5,25,ROTATIONAL CONTRIBUTOR,13,61,0.2131,3,1,WR,1,0,18,2,0,0,0,17,0.1176,0.0952,0,0,7,10.0,70,0.1211,0
2026,WAS,00-0036628,J.Bates,TE,1,targets,42.4,48.9,27.4,38.1,83.3,17.6,0.1429,0.125,-0.0179,2,16,INSUFFICIENT SAMPLE,4,30,0.1333,8,1,TE,3,2,18,2,2,1,0,24,0.0833,0.0714,0,0,2,6.5,13,0.0439,0
2026,LA,00-0040737,T.Ferguson,TE,2,targets,42.3,44.7,21.5,50.1,66.7,36.6,0.2,0.1364,-0.0636,3,22,RISING -- OUT-EARNING DEPTH CHART,10,57,0.1754,4,1,TE,2,1,18,1,1,1,1,16,0.0625,0.05,1,1,6,9.0,54,0.1102,1
2026,ATL,00-0037746,Br.Robinson,RB,2,rush_attempts,42.3,41.4,0.0,96.9,50.0,23.7,0.36,0.2222,-0.1378,2,9,ROTATIONAL CONTRIBUTOR,20,59,0.339,2,2,RB,2,0,18,,,,,,,,,,22,4.45,98,0.1735,0
2026,CIN,00-0038619,A.Iosivas,WR,2,targets,42.0,57.9,22.7,17.6,100.0,15.1,0.025,0.12,0.095,3,25,INSUFFICIENT SAMPLE,4,65,0.0615,7,3,WR,6,3,18,1,1,1,1,18,0.0556,0.0455,0,0,3,6.33,19,0.0291,0
2026,NE,00-0033555,M.Hollins,WR,2,targets,42.0,57.1,22.3,38.5,50.0,33.5,0.1034,0.1739,0.0705,4,23,ROTATIONAL CONTRIBUTOR,7,52,0.1346,7,3,WR,3,0,18,1,0,0,0,3,0.3333,0.1429,0,0,6,11.5,69,0.1094,0
2026,KC,00-0039067,R.Rice,WR,2,targets,41.9,66.5,10.8,33.6,33.3,51.4,0.0556,0.1875,0.1319,6,32,"CLOSER -- SMALL ROLE, BIG MOMENTS",8,68,0.1176,5,2,WR,1,-1,18,2,0,0,0,25,0.08,0.069,1,0,6,17.0,102,0.1087,1
2026,BUF,00-0039901,K.Coleman,WR,2,targets,41.9,59.7,24.9,40.1,50.0,17.8,0.1,0.1852,0.0852,5,27,ROTATIONAL CONTRIBUTOR,8,57,0.1404,6,3,WR,3,0,18,2,1,1,0,20,0.1,0.0833,0,0,7,9.14,64,0.0735,0
2026,ATL,00-0037238,D.London,WR,2,targets,41.9,58.4,0.0,51.4,50.0,48.1,0.1515,0.2353,0.0838,4,17,ROTATIONAL CONTRIBUTOR,9,50,0.18,3,1,WR,1,0,18,,,,,,,,,,8,10.5,84,0.1487,0
2026,PHI,00-0034844,S.Barkley,RB,2,rush_attempts,41.8,26.4,15.6,100.0,50.0,27.9,0.4706,0.1875,-0.2831,3,16,VOLUME ONLY -- BENCHED WHEN IT TIGHTENS,19,50,0.38,2,1,RB,1,0,18,2,0,0,2,16,0.125,0.1,0,0,21,4.76,100,0.1445,0
2026,CLE,00-0040663,H.Fannin,TE,2,targets,41.8,63.2,0.0,49.5,50.0,36.6,0.1351,0.2667,0.1315,4,15,PRIMARY -- TRUSTED UNDER PRESSURE,9,52,0.1731,4,1,TE,1,0,18,,,,,,,,,,7,10.71,75,0.1307,0
2026,IND,00-0030279,K.Allen,WR,2,targets,41.8,57.4,14.3,53.3,50.0,20.8,0.1622,0.2273,0.0651,5,22,ROTATIONAL CONTRIBUTOR,11,59,0.1864,4,2,WR,2,0,18,1,1,0,1,18,0.0556,0.0455,0,0,7,5.29,37,0.062,0
2026,HOU,00-0038728,J.Wayne,WR,2,targets,41.7,58.5,8.2,26.3,83.3,39.3,0.06,0.1351,0.0751,5,37,RISING -- OUT-EARNING DEPTH CHART,8,87,0.092,6,3,WR,5,2,18,1,0,0,0,15,0.0667,0.0526,0,0,3,15.0,45,0.0555,0
2026,PIT,00-0039739,R.Wilson,WR,2,targets,41.7,61.8,0.0,46.3,66.7,28.7,0.1277,0.2222,0.0946,6,27,RISING -- OUT-EARNING DEPTH CHART,12,74,0.1622,4,2,WR,3,1,18,,,,,,,,,,8,6.75,54,0.0969,0
2026,WAS,00-0041096,K.Allen,RB,2,rush_attempts,41.7,55.3,27.5,47.6,50.0,11.2,0.1471,0.2,0.0529,4,20,ROTATIONAL CONTRIBUTOR,9,54,0.1667,5,3,RB,3,0,18,3,1,1,1,24,0.125,0.1071,0,0,9,4.44,40,0.0584,0
2026,DEN,00-0034348,C.Sutton,WR,2,targets,41.6,53.5,22.1,45.9,50.0,28.4,0.1471,0.1818,0.0348,4,22,ROTATIONAL CONTRIBUTOR,9,56,0.1607,4,2,WR,2,0,18,2,1,0,2,17,0.1176,0.0952,0,0,5,7.2,36,0.0616,0
2026,ARI,00-0033119,J.Brissett,QB,1,rush_attempts_qb,41.4,67.8,14.3,43.3,50.0,4.7,0.087,0.3,0.213,3,10,PRIMARY -- TRUSTED UNDER PRESSURE,5,33,0.1515,6,1,QB,1,0,18,1,1,0,1,18,0.0556,0.0455,0,0,7,3.0,21,0.0376,0
2026,CIN,00-0036442,J.Burrow,QB,2,rush_attempts_qb,41.4,66.6,28.4,29.1,50.0,5.6,0.0345,0.2,0.1655,4,20,"CLOSER -- SMALL ROLE, BIG MOMENTS",5,49,0.102,6,1,QB,1,0,18,4,0,0,0,18,0.2222,0.1818,0,0,6,3.17,19,0.0291,0
2026,LAC,00-0038454,K.Mitchell,RB,2,rush_attempts,41.3,51.0,24.6,54.7,50.0,13.1,0.1875,0.2,0.0125,3,15,ROTATIONAL CONTRIBUTOR,9,47,0.1915,5,2,RB,2,0,18,2,1,0,1,14,0.1429,0.1111,0,0,10,4.8,48,0.0788,0
2026,JAX,00-0038935,B.Strange,TE,2,targets,41.2,52.1,32.6,29.1,50.0,37.4,0.0909,0.125,0.0341,2,16,ROTATIONAL CONTRIBUTOR,5,49,0.102,6,1,TE,1,0,18,2,1,0,1,9,0.2222,0.1538,1,0,4,10.0,40,0.0611,1
2026,WAS,00-0039910,J.Daniels,QB,2,rush_attempts_qb,41.1,62.5,27.8,15.9,50.0,37.6,0.0,0.15,0.15,3,20,INSUFFICIENT SAMPLE,3,54,0.0556,10,1,QB,1,0,18,4,1,0,0,24,0.1667,0.1429,0,0,12,8.33,100,0.146,0
2026,NE,00-0041395,E.Raridon,TE,2,targets,41.0,50.3,53.6,11.0,50.0,32.8,0.0345,0.0435,0.009,1,23,INSUFFICIENT SAMPLE,2,52,0.0385,10,2,TE,2,0,18,1,1,1,1,3,0.3333,0.1429,1,1,2,16.0,32,0.0507,1
2026,BAL,00-0032398,C.Moore,WR,2,targets,40.7,67.0,0.0,26.9,66.7,38.1,0.0303,0.2,0.1697,4,20,RISING -- OUT-EARNING DEPTH CHART,5,53,0.0943,6,3,WR,4,1,18,,,,,,,,,,2,29.5,59,0.0679,0
2026,TB,00-0036919,K.Gainwell,RB,2,rush_attempts,40.7,60.4,13.0,52.6,50.0,6.6,0.1481,0.2727,0.1246,3,11,PRIMARY -- TRUSTED UNDER PRESSURE,7,38,0.1842,5,2,RB,2,0,18,2,0,0,0,20,0.1,0.0833,0,0,11,3.0,33,0.0529,0
2026,BAL,00-0036550,R.Bateman,WR,2,targets,40.7,44.8,7.4,53.9,66.7,42.0,0.2121,0.15,-0.0621,3,20,RISING -- OUT-EARNING DEPTH CHART,10,53,0.1887,3,1,WR,2,1,18,1,0,0,0,17,0.0588,0.0476,0,0,7,12.57,88,0.2566,1
2026,LAC,00-0040727,T.Harris,WR,2,targets,40.7,50.7,0.0,48.5,50.0,65.0,0.1667,0.1739,0.0072,4,23,ROTATIONAL CONTRIBUTOR,9,53,0.1698,4,3,WR,3,0,18,,,,,,,,,,4,18.25,73,0.1199,0
2026,JAX,00-0039893,Bri.Thomas,WR,2,targets,40.7,45.4,0.0,64.1,50.0,54.0,0.2424,0.1875,-0.0549,3,16,ROTATIONAL CONTRIBUTOR,11,49,0.2245,4,2,WR,2,0,18,,,,,,,,,,6,13.33,80,0.1221,0
2026,NE,00-0035676,A.Brown,WR,1,targets,40.6,58.8,0.0,36.9,83.3,27.0,0.0714,0.1765,0.105,3,17,INSUFFICIENT SAMPLE,4,31,0.129,8,4,WR,6,2,18,,,,,,,,,,3,8.67,26,0.0906,0
2026,PHI,00-0034351,D.Goedert,TE,2,targets,40.5,51.8,15.6,35.7,50.0,52.8,0.1154,0.1333,0.0179,4,30,ROTATIONAL CONTRIBUTOR,7,56,0.125,6,1,TE,1,0,18,2,0,0,1,16,0.125,0.1,1,0,5,16.2,81,0.1171,2
2026,BAL,00-0039064,Z.Flowers,WR,1,targets,40.5,42.1,0.0,71.4,33.3,65.9,0.3333,0.1111,-0.2222,1,9,ROTATIONAL CONTRIBUTOR,6,24,0.25,5,2,WR,1,-1,18,,,,,,,,,,5,30.0,150,0.2852,1
2026,SF,00-0032775,D.Robinson,WR,2,targets,40.5,47.1,22.7,31.2,50.0,60.6,0.129,0.0833,-0.0457,2,24,ROTATIONAL CONTRIBUTOR,6,55,0.1091,6,3,WR,3,0,18,2,1,1,1,22,0.0909,0.0769,0,0,5,16.8,84,0.1104,1
2026,HOU,00-0038618,X.Hutchinson,WR,2,targets,40.3,47.8,8.2,49.3,66.7,36.4,0.18,0.1622,-0.0178,6,37,RISING -- OUT-EARNING DEPTH CHART,15,87,0.1724,4,1,WR,2,1,18,1,0,0,0,15,0.0667,0.0526,0,0,6,11.5,69,0.0851,0
2026,KC,00-0030506,T.Kelce,TE,2,targets,40.2,38.7,5.4,67.2,50.0,53.5,0.2778,0.1875,-0.0903,6,32,VOLUME ONLY -- BENCHED WHEN IT TIGHTENS,16,68,0.2353,2,1,TE,1,0,18,1,0,0,0,25,0.04,0.0345,1,0,12,14.33,172,0.1834,1
2026,SEA,00-0037545,R.Shaheed,WR,2,targets,40.1,51.8,5.0,51.4,50.0,42.2,0.1724,0.1905,0.0181,4,21,ROTATIONAL CONTRIBUTOR,9,50,0.18,5,2,WR,2,0,18,1,0,0,0,27,0.037,0.0323,0,0,5,8.6,43,0.062,0
2026,MIA,00-0039880,M.Washington,WR,2,targets,40.1,41.1,8.7,74.3,50.0,27.9,0.2941,0.1875,-0.1066,3,16,ROTATIONAL CONTRIBUTOR,13,50,0.26,2,1,WR,1,0,18,1,0,0,0,14,0.0714,0.0556,0,0,8,12.5,100,0.1686,0
2026,LV,00-0040878,M.Washington,RB,2,rush_attempts,40.0,52.8,21.4,44.7,50.0,20.4,0.1463,0.1739,0.0276,4,23,ROTATIONAL CONTRIBUTOR,10,64,0.1563,4,2,RB,2,0,18,2,1,0,1,22,0.0909,0.0769,0,0,10,4.8,48,0.08,0
2026,NE,00-0038621,D.Douglas,WR,2,targets,39.9,59.0,0.0,49.5,66.7,15.8,0.1379,0.2174,0.0795,5,23,RISING -- OUT-EARNING DEPTH CHART,9,52,0.1731,3,1,WR,2,1,18,,,,,,,,,,6,4.83,29,0.046,0
2026,TEN,00-0040584,G.Helm,TE,2,targets,39.8,56.6,15.6,44.5,50.0,18.9,0.125,0.1905,0.0655,4,21,ROTATIONAL CONTRIBUTOR,7,45,0.1556,5,1,TE,1,0,18,2,0,0,0,16,0.125,0.1,0,0,6,6.83,41,0.0799,0
2026,PIT,00-0023459,A.Rodgers,QB,1,rush_attempts_qb,39.7,75.0,0.0,40.8,50.0,0.5,0.0,0.3,0.3,3,10,INSUFFICIENT SAMPLE,3,21,0.1429,8,1,QB,1,0,18,,,,,,,,,,4,0.5,2,0.0036,0
2026,MIN,00-0038994,J.Addison,WR,2,targets,39.6,50.9,8.2,46.5,50.0,43.6,0.1579,0.1667,0.0088,4,24,ROTATIONAL CONTRIBUTOR,7,43,0.1628,5,2,WR,2,0,18,1,0,0,0,15,0.0667,0.0526,0,0,2,10.5,21,0.0802,0
2026,DEN,00-0039868,T.Franklin,WR,2,targets,39.4,53.8,14.6,15.3,66.7,56.9,0.0294,0.0909,0.0615,2,22,INSUFFICIENT SAMPLE,3,56,0.0536,10,4,WR,5,1,18,1,1,0,1,17,0.0588,0.0476,0,0,2,16.0,32,0.0548,0
2026,ARI,00-0033307,K.Bourne,WR,2,targets,39.2,47.6,7.1,49.9,66.7,28.6,0.1842,0.16,-0.0242,4,25,RISING -- OUT-EARNING DEPTH CHART,11,63,0.1746,5,2,WR,3,1,18,1,0,0,0,18,0.0556,0.0455,0,0,10,8.6,86,0.1541,0
2026,KC,00-0038104,T.Thornton,WR,2,targets,38.9,59.7,0.0,21.0,50.0,70.1,0.0278,0.125,0.0972,4,32,ROTATIONAL CONTRIBUTOR,5,68,0.0735,6,3,WR,3,0,18,,,,,,,,,,4,21.5,86,0.161,0
2026,TB,00-0034855,B.Mayfield,QB,2,rush_attempts_qb,38.9,51.9,44.3,15.0,50.0,21.0,0.037,0.0909,0.0539,1,11,INSUFFICIENT SAMPLE,2,38,0.0526,8,1,QB,1,0,18,5,1,0,1,20,0.25,0.2083,1,0,9,6.56,59,0.0946,1
2026,BUF,00-0038933,D.Kincaid,TE,2,targets,38.7,31.5,6.5,70.2,50.0,54.5,0.3333,0.1481,-0.1852,4,27,VOLUME ONLY -- BENCHED WHEN IT TIGHTENS,14,57,0.2456,2,1,TE,1,0,18,1,0,0,0,20,0.05,0.0417,1,0,12,18.75,225,0.2583,1
2026,NE,00-0037816,R.Doubs,WR,2,targets,38.7,49.4,0.0,38.5,33.3,84.9,0.1379,0.1304,-0.0075,3,23,ROTATIONAL CONTRIBUTOR,7,52,0.1346,6,2,WR,1,-1,18,,,,,,,,,,3,32.0,96,0.2791,0
2026,NYG,00-0035250,D.Singletary,RB,2,rush_attempts,38.7,42.6,30.9,45.9,50.0,18.7,0.25,0.0417,-0.2083,1,24,ROTATIONAL CONTRIBUTOR,9,56,0.1607,6,2,RB,2,0,18,3,1,0,0,17,0.1765,0.1429,1,0,13,3.62,47,0.0813,1
2026,DEN,00-0038783,N.Adkins,TE,1,targets,38.7,49.3,14.6,29.5,66.7,40.4,0.1111,0.0909,-0.0202,1,11,INSUFFICIENT SAMPLE,3,29,0.1034,8,2,TE,3,1,18,1,1,0,1,17,0.0588,0.0476,1,0,4,9.5,38,0.0969,1
2026,MIA,00-0038824,R.Miller,WR,1,targets,38.6,53.6,0.0,12.4,66.7,82.2,0.0,0.1,0.1,1,10,INSUFFICIENT SAMPLE,1,23,0.0435,11,5,WR,6,1,18,,,,,,,,,,1,77.0,77,0.2575,1
2026,NYJ,00-0041511,O.Cooper,WR,1,targets,38.4,55.1,0.0,12.4,83.3,60.2,0.0,0.1429,0.1429,1,7,INSUFFICIENT SAMPLE,1,23,0.0435,10,4,WR,6,2,18,,,,,,,,,,1,30.0,30,0.0817,0
2026,ATL,00-0032392,A.Hooper,TE,1,targets,38.4,55.1,0.0,36.9,66.7,35.5,0.1,0.1818,0.0818,2,11,INSUFFICIENT SAMPLE,4,31,0.129,7,2,TE,3,1,18,,,,,,,,,,2,10.0,20,0.0662,0
2026,PHI,00-0040024,D.Cooper,WR,1,targets,38.1,47.1,28.6,25.2,50.0,39.4,0.1333,0.0526,-0.0807,1,19,INSUFFICIENT SAMPLE,3,34,0.0882,9,4,WR,4,0,18,1,1,1,1,16,0.0625,0.05,1,1,2,13.0,26,0.0737,1
2026,LA,00-0039738,B.Corum,RB,2,rush_attempts,38.0,21.1,0.0,100.0,50.0,39.8,0.5,0.2105,-0.2895,4,19,VOLUME ONLY -- BENCHED WHEN IT TIGHTENS,22,55,0.4,2,2,RB,2,0,18,,,,,,,,,,23,6.35,146,0.1872,0
2026,NE,00-0033090,H.Henry,TE,2,targets,38.0,42.5,22.3,43.9,50.0,32.2,0.2069,0.087,-0.1199,2,23,ROTATIONAL CONTRIBUTOR,8,52,0.1538,5,1,TE,1,0,18,1,0,0,1,3,0.3333,0.1429,0,0,6,11.0,66,0.1046,0
2026,BAL,00-0034796,L.Jackson,QB,1,rush_attempts_qb,38.0,55.9,21.1,33.6,50.0,13.8,0.087,0.1818,0.0949,2,11,INSUFFICIENT SAMPLE,4,34,0.1176,7,1,QB,1,0,18,1,1,1,1,17,0.0588,0.0476,1,1,11,6.73,74,0.0852,1
2026,CIN,00-0036900,J.Chase,WR,2,targets,37.9,43.5,14.2,57.1,33.3,38.1,0.225,0.16,-0.065,4,25,ROTATIONAL CONTRIBUTOR,13,65,0.2,3,2,WR,1,-1,18,2,0,0,0,18,0.1111,0.0909,1,0,9,9.67,87,0.1334,2
2026,NYG,00-0041042,M.Fields,WR,2,targets,37.9,49.3,0.0,46.8,50.0,48.2,0.1667,0.16,-0.0067,4,25,ROTATIONAL CONTRIBUTOR,10,61,0.1639,4,2,WR,2,0,18,,,,,,,,,,4,13.75,55,0.0952,0
2026,DET,00-0037240,J.Williams,WR,2,targets,37.9,40.0,5.0,48.2,50.0,62.8,0.2174,0.0968,-0.1206,3,31,ROTATIONAL CONTRIBUTOR,13,77,0.1688,4,2,WR,2,0,18,1,0,0,0,27,0.037,0.0323,0,0,6,13.0,78,0.1021,0
2026,LV,00-0035891,C.White,WR,2,targets,37.8,53.7,12.0,14.8,83.3,32.9,0.0286,0.087,0.0584,2,23,INSUFFICIENT SAMPLE,3,58,0.0517,9,4,WR,6,2,2,2,0,0,0,22,0.0909,0.0769,2,0,2,12.0,24,0.0774,2
2026,WAS,00-0041040,A.Williams,WR,2,targets,37.7,48.0,21.9,31.3,33.3,52.4,0.1212,0.0968,-0.0244,3,31,ROTATIONAL CONTRIBUTOR,7,64,0.1094,7,4,WR,3,-1,18,2,1,1,1,24,0.0833,0.0714,1,1,7,12.57,88,0.1285,1
2026,LA,00-0026498,M.Stafford,QB,2,rush_attempts_qb,37.5,58.5,29.3,26.0,50.0,-0.3,0.0556,0.1579,0.1023,3,19,ROTATIONAL CONTRIBUTOR,5,55,0.0909,7,1,QB,1,0,18,2,1,1,1,16,0.125,0.1,0,0,6,-0.33,-2,-0.0026,0
2026,LV,00-0039066,M.Mayer,TE,2,targets,37.3,41.8,6.0,54.2,66.7,24.2,0.2286,0.1304,-0.0981,3,23,RISING -- OUT-EARNING DEPTH CHART,11,58,0.1897,2,1,TE,2,1,18,1,0,0,0,22,0.0455,0.0385,0,0,9,6.11,55,0.0917,0
2026,CAR,00-0039342,X.Legette,WR,2,targets,37.2,47.9,4.6,26.0,50.0,72.5,0.1053,0.0714,-0.0338,2,28,ROTATIONAL CONTRIBUTOR,6,66,0.0909,7,3,WR,3,0,18,1,0,0,0,30,0.0333,0.0294,0,0,2,32.0,64,0.1803,0
2026,LAC,00-0038544,Q.Johnston,WR,2,targets,37.2,44.1,0.0,59.3,66.7,19.8,0.2333,0.1739,-0.0594,4,23,RISING -- OUT-EARNING DEPTH CHART,11,53,0.2075,2,1,WR,2,1,18,,,,,,,,,,4,7.75,31,0.0509,0
2026,JAX,00-0032104,A.Abdullah,RB,2,rush_attempts,37.2,56.2,0.0,35.7,66.7,24.8,0.1026,0.1765,0.0739,3,17,RISING -- OUT-EARNING DEPTH CHART,7,56,0.125,5,3,RB,4,1,18,,,,,,,,,,9,5.0,45,0.0687,0
2026,TB,00-0038129,C.Otton,TE,2,targets,37.2,43.6,13.0,52.4,50.0,25.6,0.2121,0.1481,-0.064,4,27,ROTATIONAL CONTRIBUTOR,11,60,0.1833,3,1,TE,1,0,18,2,0,0,0,20,0.1,0.0833,0,0,8,8.0,64,0.1026,0
2026,LA,00-0036849,T.Atwell,WR,1,targets,37.1,50.0,0.0,19.1,83.3,52.2,0.1,0.0,-0.1,0,10,INSUFFICIENT SAMPLE,2,30,0.0667,12,4,WR,6,2,18,,,,,,,,,,1,19.0,19,0.0388,0
2026,MIN,00-0035249,J.Oliver,TE,2,targets,37.0,50.0,0.0,33.2,50.0,61.1,0.2632,0.0,-0.2632,0,24,ROTATIONAL CONTRIBUTOR,5,43,0.1163,7,2,TE,2,0,18,,,,,,,,,,3,15.33,46,0.0885,0
2026,DEN,00-0040134,P.Bryant,WR,2,targets,36.7,46.5,0.0,35.7,66.7,47.7,0.1471,0.0909,-0.0561,2,22,RISING -- OUT-EARNING DEPTH CHART,7,56,0.125,5,3,WR,4,1,18,,,,,,,,,,5,11.6,58,0.0993,0
2026,NO,00-0041067,B.Lance,WR,2,targets,36.6,50.7,18.8,20.2,50.0,43.3,0.0667,0.075,0.0083,3,40,ROTATIONAL CONTRIBUTOR,6,85,0.0706,9,3,WR,3,0,18,1,1,1,0,22,0.0455,0.0385,0,0,4,12.5,50,0.0611,0
2026,BUF,00-0036988,J.Palmer,WR,2,targets,36.6,53.7,0.0,25.1,50.0,61.1,0.0667,0.1111,0.0444,3,27,ROTATIONAL CONTRIBUTOR,5,57,0.0877,7,4,WR,4,0,18,,,,,,,,,,2,38.5,77,0.0884,2
2026,SF,00-0034854,K.Hodge,WR,1,targets,36.4,50.0,0.0,13.6,83.3,55.9,0.0769,0.0,-0.0769,0,8,INSUFFICIENT SAMPLE,1,21,0.0476,11,4,WR,6,2,18,,,,,,,,,,1,18.0,18,0.0471,0
2026,NO,00-0035644,N.Fant,TE,1,targets,36.3,45.1,11.9,43.1,50.0,30.7,0.1786,0.12,-0.0586,3,25,ROTATIONAL CONTRIBUTOR,8,53,0.1509,8,2,TE,2,0,18,1,1,0,1,22,0.0455,0.0385,1,0,4,8.25,33,0.0659,1
2026,NYJ,00-0041032,K.Sadiq,TE,2,targets,36.2,47.7,26.0,29.1,50.0,20.2,0.1176,0.08,-0.0376,2,25,ROTATIONAL CONTRIBUTOR,6,59,0.1017,6,1,TE,1,0,18,1,1,1,1,14,0.0714,0.0556,1,1,6,6.83,41,0.0602,1
2026,GB,00-0038996,T.Kraft,TE,2,targets,36.1,50.0,0.0,37.3,50.0,47.1,0.2195,0.0,-0.2195,0,28,ROTATIONAL CONTRIBUTOR,9,69,0.1304,5,1,TE,1,0,18,,,,,,,,,,5,16.0,80,0.121,0
2026,LAC,00-0040189,O.Gadsden,TE,2,targets,36.1,51.3,15.9,21.6,50.0,40.3,0.0667,0.087,0.0203,2,23,INSUFFICIENT SAMPLE,4,53,0.0755,7,2,TE,2,0,18,1,1,0,1,14,0.0714,0.0556,1,0,4,12.5,50,0.0821,1
2026,WAS,00-0036626,D.Brown,WR,2,targets,35.8,45.4,16.3,35.7,66.7,13.9,0.1515,0.0968,-0.0547,3,31,RISING -- OUT-EARNING DEPTH CHART,8,64,0.125,6,3,WR,4,1,18,1,1,1,1,24,0.0417,0.0357,0,0,4,5.25,21,0.054,0
2026,IND,00-0032951,L.Treadwell,WR,2,targets,35.7,50.0,0.0,19.4,50.0,73.2,0.1081,0.0,-0.1081,0,22,INSUFFICIENT SAMPLE,4,59,0.0678,6,4,WR,4,0,18,,,,,,,,,,3,20.33,61,0.1854,0
2026,MIN,00-0032950,C.Wentz,QB,2,rush_attempts_qb,35.7,63.6,0.0,29.5,66.7,1.2,0.0541,0.1905,0.1364,4,21,RISING -- OUT-EARNING DEPTH CHART,6,58,0.1034,6,1,QB,2,1,18,,,,,,,,,,8,0.63,5,0.0096,0
2026,NYG,00-0036309,D.Mooney,WR,2,targets,35.6,49.8,0.0,23.4,50.0,66.2,0.0833,0.08,-0.0033,2,25,ROTATIONAL CONTRIBUTOR,5,61,0.082,8,3,WR,3,0,18,,,,,,,,,,4,18.75,75,0.1298,0
2026,LAC,00-0041550,B.Thompson,WR,1,targets,35.6,54.8,0.0,33.0,50.0,36.8,0.0769,0.1538,0.0769,2,13,INSUFFICIENT SAMPLE,3,26,0.1154,9,4,WR,4,0,18,,,,,,,,,,1,13.0,13,0.0408,0
2026,DEN,00-0033881,E.Engram,TE,2,targets,35.5,46.4,7.4,30.6,50.0,49.5,0.1471,0.0455,-0.1016,1,22,ROTATIONAL CONTRIBUTOR,6,56,0.1071,7,1,TE,1,0,18,1,0,0,0,17,0.0588,0.0476,1,0,5,12.0,60,0.1027,1
2026,DET,00-0040669,I.TeSlaa,WR,2,targets,35.1,48.6,5.0,22.3,50.0,58.3,0.087,0.0645,-0.0224,2,31,ROTATIONAL CONTRIBUTOR,6,77,0.0779,5,3,WR,3,0,18,1,0,0,0,27,0.037,0.0323,0,0,2,13.0,26,0.0662,0
2026,SEA,00-0033908,C.Kupp,WR,2,targets,35.0,49.5,0.0,28.6,50.0,53.9,0.1034,0.0952,-0.0082,2,21,ROTATIONAL CONTRIBUTOR,5,50,0.1,6,3,WR,3,0,18,,,,,,,,,,4,13.75,55,0.0793,0
2026,LV,00-0037291,J.Nailor,WR,2,targets,34.9,49.0,6.0,39.4,50.0,25.4,0.1429,0.1304,-0.0124,3,23,ROTATIONAL CONTRIBUTOR,8,58,0.1379,5,2,WR,2,0,18,1,0,0,0,22,0.0455,0.0385,0,0,4,9.0,36,0.06,0
2026,SEA,00-0035704,D.Lock,QB,1,rush_attempts_qb,34.9,55.1,5.0,13.6,66.7,36.0,0.0,0.1429,0.1429,1,7,INSUFFICIENT SAMPLE,1,21,0.0476,8,1,QB,2,1,18,1,0,0,0,27,0.037,0.0323,0,0,2,6.5,13,0.0438,0
2026,CAR,00-0040187,M.Evans,TE,2,targets,34.9,58.9,19.1,13.0,50.0,16.9,0.0,0.1071,0.1071,3,28,INSUFFICIENT SAMPLE,3,66,0.0455,9,3,TE,3,0,18,2,1,1,1,30,0.0667,0.0588,0,0,2,11.0,22,0.0262,0
2026,CLE,00-0040466,R.Sanders,RB,2,rush_attempts,34.8,66.7,0.0,22.0,50.0,14.1,0.0,0.2,0.2,3,15,INSUFFICIENT SAMPLE,3,39,0.0769,7,2,RB,2,0,18,,,,,,,,,,7,5.29,37,0.0645,0
2026,GB,00-0033858,J.Smith,TE,1,targets,34.8,49.5,0.0,21.4,50.0,63.8,0.08,0.0667,-0.0133,1,15,INSUFFICIENT SAMPLE,3,40,0.075,9,2,TE,2,0,18,,,,,,,,,,2,25.0,50,0.1104,0
2026,NYJ,00-0039451,I.Williams,WR,2,targets,34.5,50.2,8.7,33.9,50.0,22.8,0.1176,0.12,0.0024,3,25,ROTATIONAL CONTRIBUTOR,7,59,0.1186,5,3,WR,3,0,18,1,0,0,0,14,0.0714,0.0556,0,0,8,6.88,55,0.0808,0
2026,LV,00-0040729,J.Bech,WR,2,targets,34.4,48.3,12.0,29.5,50.0,28.9,0.1143,0.087,-0.0273,2,23,ROTATIONAL CONTRIBUTOR,6,58,0.1034,7,3,WR,3,0,18,2,0,0,0,22,0.0909,0.0769,1,0,5,9.6,48,0.08,1
2026,ATL,00-0037741,J.Dotson,WR,2,targets,34.4,47.9,0.0,40.0,50.0,33.9,0.1515,0.1176,-0.0339,2,17,ROTATIONAL CONTRIBUTOR,7,50,0.14,4,2,WR,2,0,18,,,,,,,,,,3,10.0,30,0.0531,0
2026,CIN,00-0033526,S.Perine,RB,2,rush_attempts,34.3,45.5,7.1,40.8,50.0,25.9,0.1724,0.1,-0.0724,2,20,ROTATIONAL CONTRIBUTOR,7,49,0.1429,4,2,RB,2,0,18,1,0,0,0,18,0.0556,0.0455,0,0,11,6.55,72,0.1104,0
2026,ARI,00-0037157,Z.Knight,RB,1,rush_attempts,34.1,50.0,0.0,35.7,50.0,33.2,0.1818,0.0,-0.1818,0,5,INSUFFICIENT SAMPLE,2,16,0.125,8,3,RB,3,0,18,,,,,,,,,,2,12.0,24,0.1455,0
2026,JAX,00-0034960,J.Meyers,WR,2,targets,34.1,50.1,0.0,17.5,50.0,63.4,0.0606,0.0625,0.0019,1,16,INSUFFICIENT SAMPLE,3,49,0.0612,9,3,WR,3,0,18,,,,,,,,,,4,17.5,70,0.1069,1
2026,ATL,00-0036970,K.Pitts,TE,2,targets,34.0,48.9,0.0,22.9,50.0,56.2,0.0909,0.0588,-0.0321,1,17,INSUFFICIENT SAMPLE,4,50,0.08,6,1,TE,1,0,18,,,,,,,,,,1,15.0,15,0.0497,0
2026,SF,00-0040177,J.James,RB,1,rush_attempts,33.9,47.8,0.0,47.6,50.0,17.4,0.1875,0.125,-0.0625,1,8,INSUFFICIENT SAMPLE,4,24,0.1667,7,3,RB,3,0,18,,,,,,,,,,4,3.75,15,0.0393,0
2026,SEA,00-0040739,E.Arroyo,TE,1,targets,33.9,50.0,0.0,11.0,66.7,55.4,0.0714,0.0,-0.0714,0,12,INSUFFICIENT SAMPLE,1,26,0.0385,9,2,TE,3,1,18,,,,,,,,,,1,17.0,17,0.0428,0
2026,SEA,00-0039793,A.Barner,TE,2,targets,33.8,50.0,15.8,17.1,50.0,32.7,0.1034,0.0,-0.1034,0,21,INSUFFICIENT SAMPLE,3,50,0.06,7,1,TE,1,0,18,1,1,1,1,27,0.037,0.0323,1,1,4,5.5,22,0.0317,1
2026,CLE,00-0038710,B.Whiteheart,TE,2,targets,33.7,50.5,11.2,16.5,50.0,39.6,0.0541,0.0667,0.0126,1,15,INSUFFICIENT SAMPLE,3,52,0.0577,8,2,TE,2,0,18,1,0,0,0,10,0.1,0.0714,1,0,2,15.5,31,0.054,1
2026,KC,00-0041013,E.Johnson,RB,2,rush_attempts,33.7,41.3,5.4,46.8,50.0,25.5,0.2121,0.1071,-0.105,3,28,ROTATIONAL CONTRIBUTOR,10,61,0.1639,4,2,RB,2,0,18,1,0,0,0,25,0.04,0.0345,0,0,14,7.36,103,0.1098,0
2026,PIT,00-0035594,T.Homer,RB,1,rush_attempts,33.7,50.0,0.0,27.2,66.7,27.1,0.1176,0.0,-0.1176,0,4,INSUFFICIENT SAMPLE,2,21,0.0952,10,3,RB,4,1,2,,,,,,,,,,2,8.0,16,0.0576,0
2026,MIA,00-0039874,J.Wright,RB,2,rush_attempts,33.7,55.3,29.1,20.9,33.3,2.8,0.04,0.125,0.085,2,16,INSUFFICIENT SAMPLE,3,41,0.0732,7,3,RB,2,-1,18,2,1,0,0,14,0.1429,0.1111,0,0,3,3.33,10,0.0169,0
2026,CHI,00-0036290,C.Kmet,TE,2,targets,33.6,50.3,0.0,20.4,50.0,53.6,0.069,0.0741,0.0051,2,27,INSUFFICIENT SAMPLE,4,56,0.0714,8,2,TE,2,0,18,,,,,,,,,,2,17.5,35,0.0625,1
2026,BUF,00-0035689,D.Knox,TE,2,targets,33.6,59.3,18.4,15.0,50.0,3.1,0.0,0.1111,0.1111,3,27,INSUFFICIENT SAMPLE,3,57,0.0526,8,2,TE,2,0,18,1,1,1,1,20,0.05,0.0417,1,1,3,4.0,12,0.0138,1
2026,NYG,00-0031503,J.Winston,QB,1,rush_attempts_qb,33.6,70.8,0.0,27.2,33.3,0.7,0.0,0.3333,0.3333,2,6,INSUFFICIENT SAMPLE,2,21,0.0952,11,2,QB,1,-1,18,,,,,,,,,,2,0.5,1,0.0055,0
2026,WAS,00-0040242,J.Croskey-Merritt,RB,2,rush_attempts,33.6,1.5,21.9,100.0,50.0,19.0,0.6765,0.25,-0.4265,5,20,VOLUME ONLY -- BENCHED WHEN IT TIGHTENS,28,54,0.5185,1,1,RB,1,0,18,2,1,1,1,24,0.0833,0.0714,1,1,30,3.47,104,0.1518,1
2026,TEN,00-0034837,C.Ridley,WR,1,targets,33.2,50.0,0.0,33.6,33.3,45.4,0.2857,0.0,-0.2857,0,10,INSUFFICIENT SAMPLE,2,17,0.1176,9,4,WR,3,-1,18,,,,,,,,,,2,17.5,35,0.1148,0
2026,BAL,00-0034975,J.Hill,RB,2,rush_attempts,33.1,51.6,0.0,43.9,50.0,6.8,0.1471,0.1667,0.0196,3,18,ROTATIONAL CONTRIBUTOR,8,52,0.1538,4,2,RB,2,0,18,,,,,,,,,,11,4.18,46,0.0529,0
2026,CAR,00-0031610,D.Waller,TE,2,targets,33.1,49.5,13.5,21.7,50.0,24.8,0.0789,0.0714,-0.0075,2,28,ROTATIONAL CONTRIBUTOR,5,66,0.0758,8,2,TE,2,0,18,2,1,0,1,30,0.0667,0.0588,2,0,5,12.2,61,0.0725,2
2026,CLE,00-0036407,J.Jeudy,WR,2,targets,33.0,50.0,0.0,27.5,50.0,37.4,0.1351,0.0,-0.1351,0,15,ROTATIONAL CONTRIBUTOR,5,52,0.0962,6,3,WR,3,0,18,,,,,,,,,,2,13.0,26,0.089,0
2026,MIA,00-0040198,O.Gordon,RB,1,rush_attempts,32.9,48.5,8.7,30.6,66.7,2.9,0.125,0.0833,-0.0417,1,12,INSUFFICIENT SAMPLE,3,28,0.1071,6,2,RB,3,1,18,1,0,0,0,14,0.0714,0.0556,0,0,3,2.33,7,0.0234,0
2026,DEN,00-0037085,T.Badie,RB,1,rush_attempts,32.8,50.0,14.6,10.2,50.0,38.1,0.0833,0.0,-0.0833,0,16,INSUFFICIENT SAMPLE,1,28,0.0357,12,4,RB,4,0,18,1,1,0,1,17,0.0588,0.0476,0,0,3,9.67,29,0.074,0
2026,DAL,00-0039410,R.Flournoy,WR,2,targets,32.7,42.3,0.0,46.8,50.0,25.0,0.2105,0.087,-0.1236,2,23,ROTATIONAL CONTRIBUTOR,10,61,0.1639,4,3,WR,3,0,18,,,,,,,,,,7,6.43,45,0.0764,0
2026,BAL,00-0040075,L.Wester,WR,2,targets,32.6,50.0,0.0,21.6,83.3,10.8,0.1212,0.0,-0.1212,0,20,INSUFFICIENT SAMPLE,4,53,0.0755,8,4,WR,6,2,18,,,,,,,,,,3,9.67,29,0.0334,0
2026,HOU,00-0040138,J.Noel,WR,2,targets,32.4,47.1,0.0,23.0,33.3,65.0,0.1,0.0541,-0.0459,2,37,ROTATIONAL CONTRIBUTOR,7,87,0.0805,7,5,WR,4,-1,18,,,,,,,,,,4,24.25,97,0.1196,0
2026,PIT,00-0036252,M.Pittman,WR,1,targets,32.4,48.8,0.0,23.2,16.7,76.0,0.0952,0.0625,-0.0327,1,16,INSUFFICIENT SAMPLE,3,37,0.0811,9,4,WR,2,-2,18,,,,,,,,,,3,19.33,58,0.2079,0
2026,CHI,00-0040277,J.Walker,WR,1,targets,32.3,54.0,16.9,11.0,66.7,0.2,0.0,0.1111,0.1111,1,9,INSUFFICIENT SAMPLE,1,26,0.0385,10,4,WR,5,1,18,1,1,1,1,25,0.04,0.0345,1,1,1,1.0,1,0.0018,1
2026,TB,00-0033921,C.Godwin,WR,2,targets,32.3,49.2,0.0,33.3,33.3,41.3,0.1212,0.1111,-0.0101,3,27,ROTATIONAL CONTRIBUTOR,7,60,0.1167,6,3,WR,2,-1,18,,,,,,,,,,9,11.22,101,0.1619,0
2026,HOU,00-0038608,K.Boutte,WR,2,targets,32.3,50.1,8.2,23.0,33.3,40.4,0.08,0.0811,0.0011,3,37,ROTATIONAL CONTRIBUTOR,7,87,0.0805,8,4,WR,3,-1,18,1,0,0,0,15,0.0667,0.0526,0,0,4,14.5,58,0.0715,0
2026,GB,00-0039146,J.Reed,WR,2,targets,32.3,48.8,14.3,33.1,33.3,16.5,0.122,0.1071,-0.0148,3,28,ROTATIONAL CONTRIBUTOR,8,69,0.1159,6,3,WR,2,-1,18,1,1,0,1,18,0.0556,0.0455,0,0,4,6.0,24,0.0363,0
2026,DAL,00-0033077,D.Prescott,QB,1,rush_attempts_qb,32.2,54.5,6.8,15.9,50.0,25.1,0.0,0.125,0.125,1,8,INSUFFICIENT SAMPLE,1,18,0.0556,11,1,QB,1,0,18,1,0,0,0,19,0.0526,0.0435,0,0,6,6.67,40,0.0679,0
2026,TEN,00-0038117,W.Robinson,WR,2,targets,32.2,42.9,0.0,44.5,50.0,22.5,0.2083,0.0952,-0.1131,2,21,ROTATIONAL CONTRIBUTOR,7,45,0.1556,4,2,WR,2,0,18,,,,,,,,,,6,7.83,47,0.0916,0
2026,LA,00-0040590,K.Mumpfield,WR,2,targets,31.9,49.6,0.0,15.0,66.7,33.3,0.0571,0.0455,-0.0117,1,22,INSUFFICIENT SAMPLE,3,57,0.0526,9,3,WR,4,1,18,,,,,,,,,,1,12.0,12,0.0245,0
2026,ARI,00-0039849,M.Harrison,WR,2,targets,31.9,50.0,0.0,18.1,33.3,60.5,0.1053,0.0,-0.1053,0,25,INSUFFICIENT SAMPLE,4,63,0.0635,7,3,WR,2,-1,18,,,,,,,,,,1,33.0,33,0.084,0
2026,ATL,00-0036463,C.Blair,WR,1,targets,31.8,49.7,0.0,27.7,66.7,11.6,0.1,0.0909,-0.0091,1,11,INSUFFICIENT SAMPLE,3,31,0.0968,8,4,WR,5,1,18,,,,,,,,,,1,6.0,6,0.0199,0
2026,CHI,00-0039919,R.Odunze,WR,2,targets,31.7,43.9,0.0,35.7,16.7,63.4,0.1724,0.0741,-0.0983,2,27,ROTATIONAL CONTRIBUTOR,7,56,0.125,5,3,WR,1,-2,18,,,,,,,,,,5,19.0,95,0.1072,0
2026,KC,00-0040646,J.Royals,WR,1,targets,31.7,50.2,17.3,13.3,66.7,1.4,0.0435,0.05,0.0065,1,20,INSUFFICIENT SAMPLE,2,43,0.0465,9,4,WR,5,1,18,1,1,1,1,25,0.04,0.0345,1,1,2,3.0,6,0.0112,1
2026,TEN,00-0040886,N.Singleton,RB,1,rush_attempts,31.7,44.3,7.8,42.3,50.0,4.1,0.2308,0.0714,-0.1593,1,14,INSUFFICIENT SAMPLE,4,27,0.1481,7,3,RB,3,0,18,1,0,0,0,16,0.0625,0.05,0,0,4,2.5,10,0.0328,0
2026,CHI,00-0041558,S.Roush,TE,1,targets,31.6,46.0,5.4,28.6,50.0,25.7,0.1667,0.0556,-0.1111,1,18,INSUFFICIENT SAMPLE,3,30,0.1,9,3,TE,3,0,18,1,0,0,0,25,0.04,0.0345,0,0,1,9.0,9,0.0276,0
2026,LA,00-0036244,C.Parkinson,TE,2,targets,31.5,52.1,14.5,20.1,33.3,21.3,0.0571,0.0909,0.0338,2,22,INSUFFICIENT SAMPLE,4,57,0.0702,8,2,TE,1,-1,18,1,1,0,1,16,0.0625,0.05,0,0,3,7.0,21,0.0269,0
2026,NE,00-0040556,C.Kiner,RB,2,rush_attempts,31.5,46.2,0.0,44.8,50.0,7.1,0.1842,0.0769,-0.1073,1,13,ROTATIONAL CONTRIBUTOR,8,51,0.1569,4,3,RB,3,0,18,,,,,,,,,,8,1.38,11,0.0174,0
2026,DAL,00-0038705,E.Demercado,RB,2,rush_attempts,31.5,44.9,6.8,42.0,50.0,3.2,0.2105,0.0667,-0.1439,1,15,ROTATIONAL CONTRIBUTOR,5,34,0.1471,6,2,RB,2,0,18,1,0,0,0,19,0.0526,0.0435,0,0,5,3.0,15,0.0255,0
2026,CAR,00-0037005,T.Tremble,TE,2,targets,31.5,50.2,4.6,30.3,50.0,11.4,0.1053,0.1071,0.0019,3,28,ROTATIONAL CONTRIBUTOR,7,66,0.1061,6,1,TE,1,0,18,1,0,0,0,30,0.0333,0.0294,0,0,4,7.25,29,0.0345,0
2026,BUF,00-0034827,D.Moore,WR,2,targets,31.4,45.4,0.0,40.1,33.3,33.2,0.1667,0.1111,-0.0556,3,27,ROTATIONAL CONTRIBUTOR,8,57,0.1404,5,2,WR,1,-1,18,,,,,,,,,,6,16.5,99,0.1137,1
2026,NYJ,00-0030565,G.Smith,QB,2,rush_attempts_qb,31.4,51.6,8.7,23.8,50.0,9.5,0.075,0.1,0.025,2,20,ROTATIONAL CONTRIBUTOR,5,60,0.0833,7,1,QB,1,0,18,1,0,0,0,14,0.0714,0.0556,0,0,11,2.18,24,0.0352,0
2026,MIA,00-0037252,G.Dulcich,TE,2,targets,31.4,48.0,8.7,28.6,50.0,11.7,0.1176,0.0625,-0.0551,1,16,ROTATIONAL CONTRIBUTOR,5,50,0.1,4,1,TE,1,0,18,1,0,0,0,14,0.0714,0.0556,0,0,4,8.75,35,0.059,0
2026,DET,00-0039364,S.Vaki,RB,2,rush_attempts,31.4,50.1,5.0,17.1,50.0,32.1,0.0588,0.0625,0.0037,1,16,INSUFFICIENT SAMPLE,3,50,0.06,6,2,RB,2,0,18,1,0,0,1,27,0.037,0.0323,0,0,5,7.6,38,0.0497,0
2026,SF,00-0029892,K.Juszczyk,FB,1,rush_attempts,31.2,50.0,11.5,0.0,50.0,47.0,0.0,0.0,0.0,0,8,INSUFFICIENT SAMPLE,0,24,0.0,12,1,FB,1,0,18,1,1,0,0,22,0.0455,0.0385,1,0,2,13.5,27,0.0707,1
2026,CIN,00-0039814,E.All,TE,1,targets,30.8,50.0,0.0,27.7,66.7,2.1,0.15,0.0,-0.15,0,11,INSUFFICIENT SAMPLE,3,31,0.0968,9,2,TE,3,1,18,,,,,,,,,,2,2.5,5,0.0171,0
2026,CHI,00-0040126,C.Loveland,TE,2,targets,30.7,48.2,10.8,25.5,50.0,6.7,0.1034,0.0741,-0.0294,2,27,ROTATIONAL CONTRIBUTOR,5,56,0.0893,6,1,TE,1,0,18,2,0,0,0,25,0.08,0.069,0,0,1,3.0,3,0.0092,0
2026,DAL,00-0038547,L.Schoonmaker,TE,1,targets,30.5,50.0,0.0,9.5,50.0,46.8,0.0526,0.0,-0.0526,0,11,INSUFFICIENT SAMPLE,1,30,0.0333,9,3,TE,3,0,18,,,,,,,,,,1,12.0,12,0.0492,0
2026,NYJ,00-0040736,M.Taylor,TE,1,targets,30.4,50.0,0.0,37.3,50.0,-0.7,0.1875,0.0,-0.1875,0,7,INSUFFICIENT SAMPLE,3,23,0.1304,8,2,TE,2,0,18,,,,,,,,,,2,-1.0,-2,-0.0054,0
2026,LA,00-0039074,D.Allen,TE,2,targets,30.4,55.7,0.0,10.0,50.0,28.5,0.0,0.0909,0.0909,2,22,INSUFFICIENT SAMPLE,2,57,0.0351,10,3,TE,3,0,18,,,,,,,,,,2,10.0,20,0.0256,0
2026,SF,00-0036887,L.Farrell,TE,1,targets,30.4,50.0,0.0,16.8,50.0,33.9,0.1111,0.0,-0.1111,0,16,INSUFFICIENT SAMPLE,2,34,0.0588,9,2,TE,2,0,18,,,,,,,,,,2,9.5,19,0.0501,0
2026,CAR,00-0036265,A.Dillon,RB,2,rush_attempts,30.4,42.9,0.0,57.1,33.3,3.7,0.2692,0.0714,-0.1978,1,14,ROTATIONAL CONTRIBUTOR,8,40,0.2,5,3,RB,2,-1,18,,,,,,,,,,8,3.13,25,0.0297,0
2026,LV,00-0037093,D.Young,WR,1,targets,30.3,50.0,0.0,9.9,33.3,60.9,0.0526,0.0,-0.0526,0,10,INSUFFICIENT SAMPLE,1,29,0.0345,11,6,WR,5,-1,18,,,,,,,,,,1,27.0,27,0.0871,0
2026,GB,00-0036264,J.Love,QB,1,rush_attempts_qb,30.3,58.9,7.1,13.6,50.0,0.0,0.0,0.25,0.25,1,4,INSUFFICIENT SAMPLE,1,21,0.0476,11,1,QB,1,0,18,1,0,0,0,18,0.0556,0.0455,0,0,1,0.0,0,0.0,0
2026,JAX,00-0036590,Q.Morris,TE,2,targets,30.3,50.0,0.0,11.7,66.7,24.7,0.0606,0.0,-0.0606,0,16,INSUFFICIENT SAMPLE,2,49,0.0408,11,2,TE,3,1,18,,,,,,,,,,1,7.0,7,0.0246,0
2026,WAS,00-0039686,C.Yankoff,TE,1,targets,30.3,50.0,0.0,8.4,50.0,46.5,0.0526,0.0,-0.0526,0,15,INSUFFICIENT SAMPLE,1,34,0.0294,12,4,TE,4,0,18,,,,,,,,,,1,14.0,14,0.036,0
2026,NO,00-0037231,K.Austin,WR,1,targets,30.2,52.4,0.0,8.9,66.7,21.3,0.0,0.0667,0.0667,1,15,INSUFFICIENT SAMPLE,1,32,0.0313,12,4,WR,5,1,2,,,,,,,,,,1,7.0,7,0.0221,0
2026,NE,00-0040131,K.Williams,WR,1,targets,30.2,53.6,0.0,27.2,33.3,21.3,0.0667,0.1667,0.1,1,6,INSUFFICIENT SAMPLE,2,21,0.0952,11,5,WR,4,-1,18,,,,,,,,,,1,10.0,10,0.0291,0
2026,CIN,00-0040785,D.Meyers,WR,2,targets,30.2,50.5,0.0,8.8,50.0,44.1,0.025,0.04,0.015,1,25,INSUFFICIENT SAMPLE,2,65,0.0308,10,4,WR,4,0,18,,,,,,,,,,2,14.0,28,0.0778,0
2026,LV,00-0029604,K.Cousins,QB,2,rush_attempts_qb,30.1,52.7,0.0,31.3,50.0,-0.3,0.0976,0.1304,0.0329,3,23,ROTATIONAL CONTRIBUTOR,7,64,0.1094,6,1,QB,1,0,18,,,,,,,,,,9,-0.56,-5,-0.0083,0
2026,LV,00-0034365,I.Thomas,TE,1,targets,30.1,50.0,0.0,9.9,66.7,25.9,0.0526,0.0,-0.0526,0,10,INSUFFICIENT SAMPLE,1,29,0.0345,12,2,TE,3,1,18,,,,,,,,,,1,11.0,11,0.0355,0
2026,NYG,00-0039847,T.Johnson,TE,2,targets,30.0,47.5,0.0,23.4,50.0,26.1,0.1111,0.04,-0.0711,1,25,ROTATIONAL CONTRIBUTOR,5,61,0.082,7,2,TE,2,0,18,,,,,,,,,,1,9.0,9,0.0228,0
2026,LA,00-0033110,T.Higbee,TE,1,targets,29.9,50.6,0.0,21.2,50.0,20.7,0.0667,0.0833,0.0167,1,12,INSUFFICIENT SAMPLE,2,27,0.0741,11,4,TE,4,0,18,,,,,,,,,,2,6.0,12,0.0414,0
2026,DAL,00-0038738,H.Luepke,RB,2,rush_attempts,29.9,58.3,0.0,16.8,50.0,6.2,0.0,0.1333,0.1333,2,15,INSUFFICIENT SAMPLE,2,34,0.0588,7,1,FB,1,0,18,,,,,,,,,,2,4.0,8,0.0136,0
2026,DAL,00-0039530,B.Spann-Ford,TE,1,targets,29.8,50.0,0.0,19.1,50.0,25.2,0.1053,0.0,-0.1053,0,11,INSUFFICIENT SAMPLE,2,30,0.0667,8,2,TE,2,0,18,,,,,,,,,,2,7.0,14,0.0574,0
2026,HOU,00-0034981,F.Moreau,TE,2,targets,29.8,50.0,0.0,13.1,50.0,34.7,0.08,0.0,-0.08,0,37,INSUFFICIENT SAMPLE,4,87,0.046,9,2,TE,2,0,18,,,,,,,,,,4,12.25,49,0.0604,0
2026,JAX,00-0036971,T.Lawrence,QB,2,rush_attempts_qb,29.8,54.2,0.0,20.4,50.0,10.5,0.0513,0.1176,0.0664,2,17,INSUFFICIENT SAMPLE,4,56,0.0714,7,1,QB,1,0,18,,,,,,,,,,4,2.25,9,0.0137,0
2026,DEN,00-0036422,A.Trautman,TE,1,targets,29.7,50.0,0.0,31.7,33.3,19.8,0.1875,0.0,-0.1875,0,11,INSUFFICIENT SAMPLE,3,27,0.1111,11,3,TE,2,-1,18,,,,,,,,,,2,5.0,10,0.0521,0
2026,WAS,00-0037809,C.Okonkwo,TE,1,targets,29.7,50.0,0.0,28.6,33.3,24.8,0.2143,0.0,-0.2143,0,16,INSUFFICIENT SAMPLE,3,30,0.1,9,2,TE,1,-1,18,,,,,,,,,,2,8.0,16,0.0541,0
2026,NE,00-0039851,D.Maye,QB,2,rush_attempts_qb,29.6,50.9,0.0,16.8,50.0,24.2,0.0526,0.0769,0.0243,1,13,INSUFFICIENT SAMPLE,3,51,0.0588,9,1,QB,1,0,18,,,,,,,,,,11,5.82,64,0.1014,0
2026,NYJ,00-0040582,A.Smith,WR,1,targets,29.5,50.0,0.0,12.4,83.3,0.0,0.0625,0.0,-0.0625,0,7,INSUFFICIENT SAMPLE,1,23,0.0435,11,5,WR,7,2,18,,,,,,,,,,,,,,
2026,GB,00-0038090,S.Moore,WR,2,targets,29.5,51.4,7.1,16.6,50.0,9.6,0.0488,0.0714,0.0226,2,28,INSUFFICIENT SAMPLE,4,69,0.058,8,4,WR,4,0,18,1,0,0,0,18,0.0556,0.0455,0,0,2,3.0,6,0.0288,0
2026,MIA,00-0041525,C.Bell,WR,2,targets,29.5,50.0,0.0,17.1,50.0,25.8,0.0882,0.0,-0.0882,0,16,INSUFFICIENT SAMPLE,3,50,0.06,5,3,WR,3,0,18,,,,,,,,,,1,25.0,25,0.085,0
2026,CAR,00-0038102,K.Pickett,QB,1,rush_attempts_qb,29.5,50.0,0.0,13.6,66.7,14.9,0.0909,0.0,-0.0909,0,10,INSUFFICIENT SAMPLE,1,21,0.0476,11,1,QB,2,1,18,,,,,,,,,,2,10.0,20,0.0238,0
2026,CIN,00-0035631,D.Sample,TE,1,targets,29.4,49.0,7.1,25.2,33.3,18.0,0.1,0.0714,-0.0286,1,14,INSUFFICIENT SAMPLE,3,34,0.0882,8,3,TE,2,-1,18,1,0,0,0,18,0.0556,0.0455,0,0,3,6.33,19,0.0528,0
2026,BAL,00-0039792,D.Walker,WR,1,targets,29.4,51.3,0.0,19.7,0.0,67.1,0.0556,0.0909,0.0354,1,11,INSUFFICIENT SAMPLE,2,29,0.069,10,6,WR,3,-3,18,,,,,,,,,,1,47.0,47,0.137,0
2026,MIA,00-0038128,M.Willis,QB,2,rush_attempts_qb,29.4,50.8,8.7,13.9,50.0,11.7,0.04,0.0625,0.0225,1,16,INSUFFICIENT SAMPLE,2,41,0.0488,8,1,QB,1,0,18,1,0,0,0,14,0.0714,0.0556,1,0,8,5.63,45,0.0759,1
2026,DAL,00-0039062,J.Mingo,WR,1,targets,29.3,50.0,0.0,9.5,50.0,36.7,0.0526,0.0,-0.0526,0,11,INSUFFICIENT SAMPLE,1,30,0.0333,12,5,WR,5,0,18,,,,,,,,,,1,10.0,10,0.041,0
2026,HOU,00-0039163,C.Stroud,QB,1,rush_attempts_qb,29.0,52.7,0.0,9.2,50.0,27.4,0.0,0.0769,0.0769,1,13,INSUFFICIENT SAMPLE,1,31,0.0323,12,1,QB,1,0,18,,,,,,,,,,5,8.8,44,0.0543,0
2026,IND,00-0035710,D.Jones,QB,1,rush_attempts_qb,28.9,53.0,7.1,9.5,50.0,11.5,0.0,0.0833,0.0833,1,12,INSUFFICIENT SAMPLE,1,30,0.0333,9,1,QB,1,0,18,1,0,0,0,18,0.0556,0.0455,0,0,4,3.5,14,0.0235,0
2026,NYG,00-0039384,T.Tracy,RB,1,rush_attempts,28.9,50.0,0.0,16.3,50.0,22.2,0.1176,0.0,-0.1176,0,18,INSUFFICIENT SAMPLE,2,35,0.0571,10,4,RB,4,0,18,,,,,,,,,,2,7.0,14,0.0354,0
2026,PIT,00-0038558,D.Washington,TE,2,targets,28.9,49.0,0.0,15.5,50.0,26.4,0.0638,0.037,-0.0268,1,27,INSUFFICIENT SAMPLE,4,74,0.0541,7,2,TE,2,0,18,,,,,,,,,,3,8.33,25,0.0449,0
2026,MIA,00-0041529,K.Coleman,WR,1,targets,28.7,54.3,0.0,21.2,50.0,0.0,0.0476,0.1667,0.119,1,6,INSUFFICIENT SAMPLE,2,27,0.0741,10,4,WR,4,0,18,,,,,,,,,,,,,,
2026,BAL,00-0034798,D.Smythe,TE,2,targets,28.6,50.7,14.1,10.8,50.0,1.0,0.0303,0.05,0.0197,1,20,INSUFFICIENT SAMPLE,2,53,0.0377,11,2,TE,2,0,18,1,1,0,1,17,0.0588,0.0476,0,0,1,4.0,4,0.0076,0
2026,NYJ,00-0037805,J.Ruckert,TE,2,targets,28.5,49.3,8.7,14.5,50.0,8.1,0.0588,0.04,-0.0188,1,25,INSUFFICIENT SAMPLE,3,59,0.0508,9,3,TE,3,0,18,1,0,0,0,14,0.0714,0.0556,0,0,3,3.0,9,0.0132,0
2026,PHI,00-0033246,J.Mundt,TE,1,targets,28.4,47.1,0.0,25.2,50.0,10.8,0.1333,0.0526,-0.0807,1,19,INSUFFICIENT SAMPLE,3,34,0.0882,10,2,TE,2,0,18,,,,,,,,,,2,4.0,8,0.0227,0
2026,SEA,00-0038488,B.Russell,RB,1,rush_attempts,28.4,50.0,0.0,0.0,50.0,45.4,0.0,0.0,0.0,0,7,INSUFFICIENT SAMPLE,0,21,0.0,11,1,FB,1,0,18,,,,,,,,,,2,10.0,20,0.0673,0
2026,NO,00-0041326,C.Donaldson,RB,2,rush_attempts,28.3,60.9,0.0,17.5,33.3,0.6,0.0,0.1304,0.1304,3,23,INSUFFICIENT SAMPLE,3,49,0.0612,10,4,RB,3,-1,18,,,,,,,,,,4,1.0,4,0.0049,0
2026,JAX,00-0033319,N.Mullens,QB,1,rush_attempts_qb,28.3,50.3,0.0,26.8,50.0,-1.0,0.0909,0.1,0.0091,1,10,INSUFFICIENT SAMPLE,3,32,0.0938,8,2,QB,2,0,2,,,,,,,,,,3,-1.0,-3,-0.0081,0
2026,BUF,00-0039471,F.Gore,RB,1,rush_attempts,28.0,50.0,0.0,14.3,66.7,0.9,0.0833,0.0,-0.0833,0,8,INSUFFICIENT SAMPLE,1,20,0.05,10,3,RB,4,1,1,,,,,,,,,,1,3.0,3,0.0071,0
2026,MIN,00-0040506,M.Price,WR,1,targets,28.0,50.0,0.0,15.0,66.7,0.0,0.125,0.0,-0.125,0,11,INSUFFICIENT SAMPLE,1,19,0.0526,10,4,WR,5,1,18,,,,,,,,,,,,,,
2026,NO,00-0041041,O.Delp,TE,1,targets,27.8,50.0,0.0,8.9,50.0,24.8,0.0588,0.0,-0.0588,0,15,INSUFFICIENT SAMPLE,1,32,0.0313,11,3,TE,3,0,18,,,,,,,,,,1,8.0,8,0.0252,0
2026,SF,00-0036972,M.Jones,QB,1,rush_attempts_qb,27.7,50.0,0.0,23.8,50.0,-0.7,0.125,0.0,-0.125,0,8,INSUFFICIENT SAMPLE,2,24,0.0833,10,2,QB,2,0,18,,,,,,,,,,2,-1.0,-2,-0.0052,0
2026,KC,00-0040081,J.Briningstool,TE,1,targets,27.6,50.0,0.0,11.4,50.0,19.0,0.0769,0.0,-0.0769,0,12,INSUFFICIENT SAMPLE,1,25,0.04,10,3,TE,3,0,18,,,,,,,,,,1,9.0,9,0.0223,0
2026,CLE,00-0040782,I.Bond,WR,1,targets,27.6,50.0,0.0,9.5,50.0,22.9,0.0526,0.0,-0.0526,0,11,INSUFFICIENT SAMPLE,1,30,0.0333,10,4,WR,4,0,18,,,,,,,,,,1,10.0,10,0.0355,0
2026,GB,00-0037091,B.Melton,WR,2,targets,27.5,50.4,0.0,8.3,50.0,22.8,0.0244,0.0357,0.0113,1,28,INSUFFICIENT SAMPLE,2,69,0.029,10,5,WR,5,0,18,,,,,,,,,,1,10.0,10,0.0221,0
2026,CIN,00-0034613,T.Hudson,TE,1,targets,27.4,50.0,0.0,8.4,66.7,5.9,0.05,0.0,-0.05,0,14,INSUFFICIENT SAMPLE,1,34,0.0294,11,4,TE,5,1,1,,,,,,,,,,1,4.0,4,0.0111,0
2026,ATL,00-0035208,O.Zaccheaus,WR,2,targets,27.4,48.9,0.0,22.9,50.0,1.8,0.0909,0.0588,-0.0321,1,17,INSUFFICIENT SAMPLE,4,50,0.08,5,3,WR,3,0,18,,,,,,,,,,2,4.0,8,0.0142,0
2026,LA,00-0038359,X.Smith,WR,1,targets,27.3,53.6,14.5,9.5,33.3,0.0,0.0,0.1,0.1,1,10,INSUFFICIENT SAMPLE,1,30,0.0333,14,6,WR,5,-1,18,1,1,0,0,16,0.0625,0.05,0,0,,,,,
2026,HOU,00-0041472,M.Klein,TE,1,targets,27.3,50.0,0.0,7.7,33.3,39.3,0.0526,0.0,-0.0526,0,18,INSUFFICIENT SAMPLE,1,37,0.027,11,4,TE,3,-1,18,,,,,,,,,,1,16.0,16,0.0402,0
2026,JAX,00-0041503,N.Boerkircher,TE,1,targets,27.3,50.0,0.0,13.6,33.3,30.1,0.0667,0.0,-0.0667,0,6,INSUFFICIENT SAMPLE,1,21,0.0476,12,3,TE,2,-1,18,,,,,,,,,,1,9.0,9,0.0243,0
2026,LAC,00-0038573,D.Davis,WR,2,targets,27.3,50.4,0.0,10.8,66.7,0.0,0.0333,0.0435,0.0101,1,23,INSUFFICIENT SAMPLE,2,53,0.0377,11,5,WR,6,1,18,,,,,,,,,,,,,,
2026,TEN,00-0038115,D.Bellinger,TE,2,targets,27.2,50.2,0.0,12.7,50.0,13.5,0.0417,0.0476,0.006,1,21,INSUFFICIENT SAMPLE,2,45,0.0444,10,2,TE,2,0,18,,,,,,,,,,1,7.0,7,0.0337,0
2026,LV,00-0037304,C.Heyward,FB,2,rush_attempts,27.1,55.4,0.0,8.9,50.0,4.0,0.0,0.087,0.087,2,23,INSUFFICIENT SAMPLE,2,64,0.0313,10,1,FB,1,0,18,,,,,,,,,,2,1.0,2,0.0033,0
2026,BAL,00-0040879,M.Hibner,TE,1,targets,27.0,50.0,0.0,11.9,50.0,13.6,0.0667,0.0,-0.0667,0,9,INSUFFICIENT SAMPLE,1,24,0.0417,12,3,TE,3,0,18,,,,,,,,,,1,13.0,13,0.0247,0
2026,DEN,00-0035406,L.Humphrey,WR,1,targets,27.0,50.0,0.0,9.9,66.7,0.0,0.0556,0.0,-0.0556,0,11,INSUFFICIENT SAMPLE,1,29,0.0345,13,5,WR,6,1,18,,,,,,,,,,,,,,
2026,DET,00-0033106,J.Goff,QB,2,rush_attempts_qb,27.0,51.2,5.0,11.4,50.0,1.5,0.0294,0.0625,0.0331,1,16,INSUFFICIENT SAMPLE,2,50,0.04,7,1,QB,1,0,18,1,0,0,0,27,0.037,0.0323,0,0,5,1.8,9,0.0118,0
2026,LAC,00-0038046,C.Kolar,TE,1,targets,27.0,47.3,0.0,33.0,16.7,19.1,0.1538,0.0769,-0.0769,1,13,INSUFFICIENT SAMPLE,3,26,0.1154,8,3,TE,1,-2,18,,,,,,,,,,3,7.0,21,0.0658,0
2026,ATL,00-0041044,Z.Branch,WR,1,targets,27.0,50.0,0.0,18.4,33.3,19.4,0.1,0.0,-0.1,0,11,INSUFFICIENT SAMPLE,2,31,0.0645,9,5,WR,4,-1,18,,,,,,,,,,2,7.0,14,0.0464,0
2026,JAX,00-0040238,L.Allen,RB,1,rush_attempts,27.0,50.0,27.5,0.0,33.3,0.0,0.0,0.0,0.0,0,7,INSUFFICIENT SAMPLE,0,24,0.0,13,4,RB,3,-1,18,1,1,1,1,9,0.1111,0.0769,0,0,,,,,
2026,IND,00-0037292,A.Ogletree,TE,2,targets,26.9,50.0,0.0,9.7,66.7,0.0,0.0541,0.0,-0.0541,0,22,INSUFFICIENT SAMPLE,2,59,0.0339,8,2,TE,3,1,18,,,,,,,,,,,,,,
2026,PHI,00-0040867,M.Lemon,WR,2,targets,26.7,45.7,0.0,25.5,50.0,0.7,0.1538,0.0333,-0.1205,1,30,ROTATIONAL CONTRIBUTOR,5,56,0.0893,7,3,WR,3,0,18,,,,,,,,,,5,0.8,4,0.0058,0
2026,CAR,00-0040218,Ji.Horn,WR,1,targets,26.7,50.0,0.0,8.4,66.7,0.0,0.0435,0.0,-0.0435,0,11,INSUFFICIENT SAMPLE,1,34,0.0294,10,4,WR,5,1,1,,,,,,,,,,,,,,
2026,TEN,00-0040705,C.Dike,WR,1,targets,26.7,50.0,0.0,10.2,50.0,13.5,0.0588,0.0,-0.0588,0,11,INSUFFICIENT SAMPLE,1,28,0.0357,11,5,WR,5,0,18,,,,,,,,,,1,7.0,7,0.0337,0
2026,DAL,00-0037801,K.Turpin,WR,2,targets,26.5,50.0,6.8,4.7,50.0,8.7,0.0263,0.0,-0.0263,0,23,INSUFFICIENT SAMPLE,1,61,0.0164,10,4,WR,4,0,18,1,0,0,0,19,0.0526,0.0435,0,0,2,4.5,9,0.0153,0
2026,HOU,00-0039359,C.Stover,TE,1,targets,26.5,50.0,0.0,7.7,66.7,-0.6,0.0526,0.0,-0.0526,0,18,INSUFFICIENT SAMPLE,1,37,0.027,10,3,TE,4,1,18,,,,,,,,,,1,-2.0,-2,-0.005,0
2026,DET,00-0036754,B.Wright,TE,1,targets,26.4,50.0,0.0,7.3,50.0,16.0,0.0435,0.0,-0.0435,0,16,INSUFFICIENT SAMPLE,1,39,0.0256,8,2,TE,2,0,18,,,,,,,,,,1,5.0,5,0.0135,0
2026,WAS,00-0040164,J.Lane,WR,1,targets,26.1,52.2,0.0,9.5,50.0,3.8,0.0,0.0625,0.0625,1,16,INSUFFICIENT SAMPLE,1,30,0.0333,11,6,WR,6,0,18,,,,,,,,,,1,4.0,4,0.0135,0
2026,BUF,00-0039875,R.Davis,RB,1,rush_attempts,26.0,50.0,0.0,14.3,50.0,0.9,0.0833,0.0,-0.0833,0,8,INSUFFICIENT SAMPLE,1,20,0.05,9,2,RB,2,0,18,,,,,,,,,,1,3.0,3,0.0071,0
2026,CLE,00-0038794,J.McLaughlin,RB,1,rush_attempts,26.0,50.0,0.0,14.3,50.0,1.3,0.0909,0.0,-0.0909,0,9,INSUFFICIENT SAMPLE,1,20,0.05,9,3,RB,3,0,18,,,,,,,,,,1,3.0,3,0.0106,0
2026,MIA,00-0041524,W.Kacmarek,TE,2,targets,26.0,51.2,0.0,11.4,50.0,2.8,0.0294,0.0625,0.0331,1,16,INSUFFICIENT SAMPLE,2,50,0.04,9,2,TE,2,0,18,,,,,,,,,,1,4.0,4,0.0134,0
2026,IND,00-0041132,D.Burks,WR,1,targets,25.7,50.0,0.0,0.0,50.0,22.5,0.0,0.0,0.0,0,12,INSUFFICIENT SAMPLE,0,30,0.0,11,6,WR,6,0,18,,,,,,,,,,2,7.0,14,0.0426,0
2026,NE,00-0040563,E.Chism,WR,1,targets,25.7,56.0,0.0,13.6,33.3,-0.7,0.0,0.1667,0.1667,1,6,INSUFFICIENT SAMPLE,1,21,0.0476,12,6,WR,5,-1,18,,,,,,,,,,1,-2.0,-2,-0.0058,0
2026,KC,00-0036637,N.Gray,TE,2,targets,25.5,50.0,0.0,8.4,50.0,7.0,0.0556,0.0,-0.0556,0,32,INSUFFICIENT SAMPLE,2,68,0.0294,8,2,TE,2,0,18,,,,,,,,,,1,5.0,5,0.0124,0
2026,MIN,00-0036425,D.Dallas,RB,2,rush_attempts,25.5,50.0,0.0,9.9,33.3,20.8,0.0541,0.0,-0.0541,0,21,INSUFFICIENT SAMPLE,2,58,0.0345,8,3,RB,2,-1,18,,,,,,,,,,4,5.25,21,0.0404,0
2026,WAS,00-0037742,T.Burks,WR,1,targets,25.5,52.4,0.0,8.4,50.0,0.0,0.0,0.0667,0.0667,1,15,INSUFFICIENT SAMPLE,1,34,0.0294,14,5,WR,5,0,18,,,,,,,,,,,,,,
2026,MIN,00-0036259,J.Jennings,WR,1,targets,25.4,50.0,0.0,11.9,50.0,0.0,0.0909,0.0,-0.0909,0,13,INSUFFICIENT SAMPLE,1,24,0.0417,9,3,WR,3,0,18,,,,,,,,,,,,,,
2026,IND,00-0041125,S.McGowan,RB,2,rush_attempts,25.3,50.0,0.0,11.7,50.0,0.0,0.0667,0.0,-0.0667,0,19,INSUFFICIENT SAMPLE,2,49,0.0408,7,2,RB,2,0,18,,,,,,,,,,3,0.0,0,0.0,0
2026,MIA,00-0041436,D.Herman,RB,1,rush_attempts,25.2,50.0,0.0,0.0,50.0,18.0,0.0,0.0,0.0,0,12,INSUFFICIENT SAMPLE,0,28,0.0,12,1,FB,1,0,18,,,,,,,,,,1,18.0,18,0.0602,0
2026,PHI,00-0035662,M.Brown,WR,1,targets,25.1,50.0,0.0,0.0,50.0,17.1,0.0,0.0,0.0,0,19,INSUFFICIENT SAMPLE,0,34,0.0,11,5,WR,5,0,18,,,,,,,,,,2,6.0,12,0.034,0
2026,PIT,00-0036862,B.Skowronek,WR,1,targets,25.1,50.0,0.0,7.7,50.0,4.9,0.0385,0.0,-0.0385,0,11,INSUFFICIENT SAMPLE,1,37,0.027,11,5,WR,5,0,18,,,,,,,,,,1,2.0,2,0.0072,0
2026,IND,00-0035021,A.Dulin,WR,1,targets,25.0,50.0,0.0,9.9,50.0,0.0,0.0526,0.0,-0.0526,0,10,INSUFFICIENT SAMPLE,1,29,0.0345,10,5,WR,5,0,18,,,,,,,,,,,,,,
2026,SEA,00-0033576,E.Saubert,TE,1,targets,24.9,53.0,5.0,11.0,33.3,-3.2,0.0,0.0833,0.0833,1,12,INSUFFICIENT SAMPLE,1,26,0.0385,10,3,TE,2,-1,18,1,0,0,0,27,0.037,0.0323,0,0,1,-10.0,-10,-0.0252,0
2026,NE,00-0040568,L.Larison,RB,1,rush_attempts,24.6,50.0,0.0,0.0,50.0,13.5,0.0,0.0,0.0,0,5,INSUFFICIENT SAMPLE,0,25,0.0,14,1,,,,,,,,,,,,,,2,4.5,9,0.0314,0
2026,KC,00-0040890,C.Allen,WR,1,targets,24.3,53.0,0.0,11.4,33.3,0.0,0.0,0.0833,0.0833,1,12,INSUFFICIENT SAMPLE,1,25,0.04,11,5,WR,4,-1,18,,,,,,,,,,,,,,
2026,NE,00-0036187,R.Gilliam,RB,1,rush_attempts,24.2,50.0,0.0,0.0,50.0,10.3,0.0,0.0,0.0,0,8,INSUFFICIENT SAMPLE,0,26,0.0,13,1,FB,1,0,18,,,,,,,,,,1,4.0,4,0.0116,0
2026,WAS,00-0039912,B.Sinnott,TE,1,targets,24.1,50.0,0.0,8.4,33.3,12.0,0.0526,0.0,-0.0526,0,15,INSUFFICIENT SAMPLE,1,34,0.0294,13,3,TE,2,-1,18,,,,,,,,,,1,6.0,6,0.0154,0
2026,LA,00-0039751,J.Whittington,WR,1,targets,24.0,50.0,0.0,10.6,16.7,23.8,0.0667,0.0,-0.0667,0,12,INSUFFICIENT SAMPLE,1,27,0.037,13,5,WR,3,-2,18,,,,,,,,,,1,8.0,8,0.0276,0
2026,LV,00-0040894,M.Benson,WR,2,targets,23.7,49.5,0.0,14.8,33.3,-0.9,0.0571,0.0435,-0.0137,1,23,INSUFFICIENT SAMPLE,3,58,0.0517,8,5,WR,4,-1,18,,,,,,,,,,2,-1.0,-2,-0.0069,0
2026,DEN,00-0036727,A.Prentice,FB,1,rush_attempts,23.5,50.0,0.0,0.0,50.0,4.0,0.0,0.0,0.0,0,16,INSUFFICIENT SAMPLE,0,28,0.0,14,1,FB,1,0,2,,,,,,,,,,1,2.0,2,0.0051,0
2026,NYG,00-0033376,P.Ricard,RB,1,rush_attempts,23.0,50.0,0.0,0.0,50.0,0.0,0.0,0.0,0.0,0,18,INSUFFICIENT SAMPLE,0,35,0.0,12,1,FB,1,0,18,,,,,,,,,,,,,,
2026,ATL,00-0036429,C.Woerner,TE,1,targets,22.8,50.0,0.0,9.2,33.3,0.0,0.05,0.0,-0.05,0,11,INSUFFICIENT SAMPLE,1,31,0.0323,10,3,TE,2,-1,18,,,,,,,,,,,,,,
2026,CIN,00-0041069,C.Young,WR,1,targets,22.8,50.0,0.0,9.2,16.7,16.4,0.05,0.0,-0.05,0,11,INSUFFICIENT SAMPLE,1,31,0.0323,12,5,WR,3,-2,18,,,,,,,,,,1,7.0,7,0.024,0
2026,NO,00-0041099,B.Brown,WR,1,targets,21.8,50.0,0.0,0.0,33.3,6.9,0.0,0.0,0.0,0,25,INSUFFICIENT SAMPLE,0,53,0.0,13,5,WR,4,-1,18,,,,,,,,,,1,3.0,3,0.006,0
2026,MIN,00-0041104,D.Claiborne,RB,1,rush_attempts,21.7,50.0,0.0,0.0,33.3,5.6,0.0,0.0,0.0,0,9,INSUFFICIENT SAMPLE,0,27,0.0,11,4,RB,3,-1,18,,,,,,,,,,1,2.0,2,0.0076,0
