season,team,player_id,player_name,position,spine_metric,usage_index_score,usage_role,share_overall,share_calm,share_stress,confidence_delta,opp_i20,opp_i10,opp_i5,opp_g2g,pct_i20_shrunk,tds,tds_red_zone,tds_goal_to_go,tds_rush,tds_rec,games_with_td,td_per_redzone_opp,correlation_flag
2026,DET,00-0036963,A.St. Brown,WR,targets,81.7,PRIMARY -- TRUSTED UNDER PRESSURE,0.3506,0.2391,0.5161,0.277,6,3,2,2,0.1935,4,3,1,0,4,2,0.5,AGREEMENT -- trusted and finishing
2026,SEA,00-0038543,J.Smith-Njigba,WR,targets,78.0,PRIMARY -- TRUSTED UNDER PRESSURE,0.44,0.3448,0.5714,0.2266,6,3,0,1,0.1935,4,2,1,0,4,2,0.333,AGREEMENT -- trusted and finishing
2026,ARI,00-0037744,T.McBride,TE,targets,77.6,PRIMARY -- TRUSTED UNDER PRESSURE,0.3651,0.2895,0.48,0.1905,6,4,2,3,0.2727,2,2,2,0,2,2,0.333,AGREEMENT -- trusted and finishing
2026,DEN,00-0041496,J.Coleman,RB,rush_attempts,75.4,RISING -- OUT-EARNING DEPTH CHART,0.3571,0.0833,0.5625,0.4792,3,2,1,2,0.1429,1,1,1,1,0,1,0.333,"AGREEMENT -- trusted, finishing lightly"
2026,IND,00-0036223,J.Taylor,RB,rush_attempts,74.6,ROTATIONAL CONTRIBUTOR,0.8776,0.8667,0.8947,0.0281,10,6,5,5,0.4545,4,3,2,4,0,2,0.3,AGREEMENT -- trusted and finishing
2026,SEA,00-0038797,E.Wilson,RB,rush_attempts,73.6,PRIMARY -- TRUSTED UNDER PRESSURE,0.377,0.3333,0.44,0.1067,8,5,4,5,0.2581,0,0,0,0,0,0,0.0,"OPPORTUNITY -- trusted, has not cashed yet"
2026,BUF,00-0034857,J.Allen,QB,rush_attempts_qb,72.4,PRIMARY -- TRUSTED UNDER PRESSURE,0.2745,0.1379,0.4545,0.3166,5,3,3,3,0.2083,4,3,3,4,0,2,0.6,AGREEMENT -- trusted and finishing
2026,CAR,00-0036555,C.Hubbard,RB,rush_attempts,71.9,PRIMARY -- TRUSTED UNDER PRESSURE,0.55,0.5,0.6429,0.1429,8,7,3,5,0.2353,3,3,2,1,2,2,0.375,AGREEMENT -- trusted and finishing
2026,MIN,00-0036322,J.Jefferson,WR,targets,71.6,PRIMARY -- TRUSTED UNDER PRESSURE,0.3721,0.3158,0.4167,0.1009,4,2,1,0,0.2105,2,1,0,0,2,1,0.25,AGREEMENT -- trusted and finishing
2026,SF,00-0033280,C.McCaffrey,RB,rush_attempts,71.6,PRIMARY -- TRUSTED UNDER PRESSURE,0.3846,0.359,0.4615,0.1026,8,5,4,5,0.3077,2,2,2,2,0,1,0.25,AGREEMENT -- trusted and finishing
2026,CHI,00-0036275,D.Swift,RB,rush_attempts,71.0,ROTATIONAL CONTRIBUTOR,0.5667,0.5641,0.5714,0.0073,9,6,4,5,0.3103,3,2,2,3,0,1,0.222,AGREEMENT -- trusted and finishing
2026,DET,00-0039139,J.Gibbs,RB,rush_attempts,70.6,ROTATIONAL CONTRIBUTOR,0.9,0.9118,0.875,-0.0368,13,6,5,3,0.4194,3,3,2,2,1,2,0.231,AGREEMENT -- trusted and finishing
2026,LA,00-0037840,K.Williams,RB,rush_attempts,70.1,ROTATIONAL CONTRIBUTOR,0.4182,0.4167,0.4211,0.0044,7,5,2,4,0.35,2,2,1,1,1,2,0.286,AGREEMENT -- trusted and finishing
2026,HOU,00-0035685,D.Montgomery,RB,rush_attempts,70.1,ROTATIONAL CONTRIBUTOR,0.5652,0.5517,0.5882,0.0365,7,5,3,5,0.3684,3,3,2,2,1,1,0.429,AGREEMENT -- trusted and finishing
2026,KC,00-0038134,K.Walker,RB,rush_attempts,69.6,ROTATIONAL CONTRIBUTOR,0.7705,0.7879,0.75,-0.0379,11,6,5,6,0.3793,2,1,1,1,1,1,0.091,AGREEMENT -- trusted and finishing
2026,GB,00-0038124,C.Watson,WR,targets,67.3,PRIMARY -- TRUSTED UNDER PRESSURE,0.2754,0.2195,0.3571,0.1376,3,2,2,2,0.1364,3,2,2,0,3,2,0.667,AGREEMENT -- trusted and finishing
2026,PHI,00-0036912,D.Smith,WR,targets,65.5,PRIMARY -- TRUSTED UNDER PRESSURE,0.3393,0.2308,0.4333,0.2026,1,1,0,1,0.05,1,0,0,0,1,1,0.0,"AGREEMENT -- trusted, finishing lightly"
2026,NYG,00-0040715,C.Skattebo,RB,rush_attempts,65.5,ROTATIONAL CONTRIBUTOR,0.5357,0.5313,0.5417,0.0104,5,3,2,2,0.2381,1,1,1,1,0,1,0.2,"AGREEMENT -- trusted, finishing lightly"
2026,BAL,00-0032764,D.Henry,RB,rush_attempts,65.4,VOLUME ONLY -- BENCHED WHEN IT TIGHTENS,0.7692,0.7941,0.7222,-0.0719,11,7,3,7,0.5238,4,3,3,4,0,2,0.273,AGREEMENT -- trusted and finishing
2026,CIN,00-0038597,C.Brown,RB,rush_attempts,64.8,VOLUME ONLY -- BENCHED WHEN IT TIGHTENS,0.7347,0.7586,0.7,-0.0586,7,3,3,2,0.3182,1,1,1,1,0,1,0.143,"AGREEMENT -- trusted, finishing lightly"
2026,DAL,00-0036997,J.Williams,RB,rush_attempts,64.8,VOLUME ONLY -- BENCHED WHEN IT TIGHTENS,0.7059,0.7368,0.6667,-0.0702,9,4,4,4,0.3913,2,2,1,1,1,1,0.222,AGREEMENT -- trusted and finishing
2026,GB,00-0038685,C.Brooks,RB,rush_attempts,64.6,PRIMARY -- TRUSTED UNDER PRESSURE,0.2821,0.2,0.5556,0.3556,4,2,0,2,0.1818,0,0,0,0,0,0,0.0,"OPPORTUNITY -- trusted, has not cashed yet"
2026,LV,00-0040122,A.Jeanty,RB,rush_attempts,64.0,VOLUME ONLY -- BENCHED WHEN IT TIGHTENS,0.6875,0.7317,0.6087,-0.123,13,4,4,5,0.5,2,2,0,0,2,1,0.154,AGREEMENT -- trusted and finishing
2026,NO,00-0036040,J.Johnson,TE,targets,62.9,"CLOSER -- SMALL ROLE, BIG MOMENTS",0.1294,0.0,0.275,0.275,4,3,0,3,0.1538,1,1,1,0,1,1,0.25,"AGREEMENT -- trusted, finishing lightly"
2026,DAL,00-0036358,C.Lamb,WR,targets,62.0,ROTATIONAL CONTRIBUTOR,0.2787,0.2632,0.3043,0.0412,3,2,2,2,0.1304,3,2,2,0,3,2,0.667,AGREEMENT -- trusted and finishing
2026,WAS,00-0031588,S.Diggs,WR,targets,62.0,RISING -- OUT-EARNING DEPTH CHART,0.2344,0.1515,0.3226,0.1711,4,2,1,1,0.1429,3,3,1,0,3,2,0.75,AGREEMENT -- trusted and finishing
2026,TEN,00-0040170,E.Ayomanor,WR,targets,61.5,RISING -- OUT-EARNING DEPTH CHART,0.1333,0.0,0.2857,0.2857,3,1,1,1,0.15,1,1,0,0,1,1,0.333,"AGREEMENT -- trusted, finishing lightly"
2026,PHI,00-0038393,D.Wicks,WR,targets,61.4,PRIMARY -- TRUSTED UNDER PRESSURE,0.1786,0.0385,0.3,0.2615,2,1,0,0,0.1,1,1,0,0,1,1,0.5,"AGREEMENT -- trusted, finishing lightly"
2026,MIN,00-0037525,J.Mason,RB,rush_attempts,61.3,RISING -- OUT-EARNING DEPTH CHART,0.4839,0.5263,0.4167,-0.1096,4,2,1,1,0.2105,1,1,1,1,0,1,0.25,"AGREEMENT -- trusted, finishing lightly"
2026,NYG,00-0037838,I.Likely,TE,targets,61.1,PRIMARY -- TRUSTED UNDER PRESSURE,0.2951,0.25,0.36,0.11,4,1,1,1,0.1905,2,2,1,0,2,1,0.5,AGREEMENT -- trusted and finishing
2026,WAS,00-0037256,R.White,RB,rush_attempts,60.3,PRIMARY -- TRUSTED UNDER PRESSURE,0.2593,0.1765,0.4,0.2235,4,2,1,1,0.1429,0,0,0,0,0,0,0.0,"OPPORTUNITY -- trusted, has not cashed yet"
2026,ARI,00-0041027,J.Love,RB,rush_attempts,59.1,ROTATIONAL CONTRIBUTOR,0.4082,0.4118,0.4,-0.0118,6,3,1,3,0.2727,1,1,1,1,0,1,0.167,"AGREEMENT -- trusted, finishing lightly"
2026,LA,00-0039075,P.Nacua,WR,targets,58.8,PRIMARY -- TRUSTED UNDER PRESSURE,0.3333,0.2667,0.4167,0.15,1,1,1,1,0.05,0,0,0,0,0,0,0.0,"OPPORTUNITY -- trusted, has not cashed yet"
2026,TEN,00-0035261,T.Pollard,RB,rush_attempts,58.8,ROTATIONAL CONTRIBUTOR,0.5676,0.5909,0.5333,-0.0576,5,3,1,4,0.25,0,0,0,0,0,0,0.0,"OPPORTUNITY -- trusted, has not cashed yet"
2026,GB,00-0040667,M.Golden,WR,targets,58.5,RISING -- OUT-EARNING DEPTH CHART,0.2609,0.2195,0.3214,0.1019,3,1,0,1,0.1364,0,0,0,0,0,0,0.0,"OPPORTUNITY -- trusted, has not cashed yet"
2026,CLE,00-0041037,D.Boston,WR,targets,58.1,PRIMARY -- TRUSTED UNDER PRESSURE,0.2115,0.1622,0.3333,0.1712,2,1,0,0,0.1429,2,0,0,0,2,2,0.0,AGREEMENT -- trusted and finishing
2026,MIA,00-0039040,D.Achane,RB,rush_attempts,57.8,VOLUME ONLY -- BENCHED WHEN IT TIGHTENS,0.7561,0.84,0.625,-0.215,7,3,1,4,0.3889,0,0,0,0,0,0,0.0,"OPPORTUNITY -- trusted, has not cashed yet"
2026,DEN,00-0036613,J.Waddle,WR,targets,57.8,PRIMARY -- TRUSTED UNDER PRESSURE,0.2321,0.1471,0.3636,0.2166,1,0,0,0,0.0476,0,0,0,0,0,0,0.0,"OPPORTUNITY -- trusted, has not cashed yet"
2026,MIN,00-0033293,A.Jones,RB,rush_attempts,57.2,ROTATIONAL CONTRIBUTOR,0.6034,0.6216,0.5714,-0.0502,4,1,1,1,0.2105,1,1,1,1,0,1,0.25,"AGREEMENT -- trusted, finishing lightly"
2026,NYJ,00-0037740,G.Wilson,WR,targets,56.7,PRIMARY -- TRUSTED UNDER PRESSURE,0.2373,0.1471,0.36,0.2129,1,1,1,1,0.0556,1,1,1,0,1,1,1.0,"AGREEMENT -- trusted, finishing lightly"
2026,TB,00-0039361,B.Irving,RB,rush_attempts,56.4,ROTATIONAL CONTRIBUTOR,0.6579,0.6667,0.6364,-0.0303,5,1,0,1,0.2083,1,1,1,1,0,1,0.2,"AGREEMENT -- trusted, finishing lightly"
2026,JAX,00-0038611,C.Rodriguez,RB,rush_attempts,56.4,PRIMARY -- TRUSTED UNDER PRESSURE,0.2143,0.1538,0.3529,0.1991,2,2,1,2,0.1538,0,0,0,0,0,0,0.0,"OPPORTUNITY -- trusted, has not cashed yet"
2026,SEA,00-0039299,G.Holani,RB,rush_attempts,56.0,PRIMARY -- TRUSTED UNDER PRESSURE,0.1967,0.1389,0.28,0.1411,6,2,2,2,0.1935,0,0,0,0,0,0,0.0,"OPPORTUNITY -- trusted, has not cashed yet"
2026,NYJ,00-0039794,B.Allen,RB,rush_attempts,55.8,PRIMARY -- TRUSTED UNDER PRESSURE,0.25,0.2,0.35,0.15,3,1,1,1,0.1667,1,1,1,1,0,1,0.333,"AGREEMENT -- trusted, finishing lightly"
2026,NYJ,00-0038120,B.Hall,RB,rush_attempts,55.3,VOLUME ONLY -- BENCHED WHEN IT TIGHTENS,0.6333,0.7,0.5,-0.2,5,2,2,1,0.2778,1,1,0,1,0,1,0.2,"AGREEMENT -- trusted, finishing lightly"
2026,BUF,00-0037248,J.Cook,RB,rush_attempts,54.6,VOLUME ONLY -- BENCHED WHEN IT TIGHTENS,0.6667,0.7586,0.5455,-0.2132,8,4,2,3,0.3333,1,1,1,1,0,1,0.125,MIXED
2026,LAC,00-0040666,O.Hampton,RB,rush_attempts,54.1,VOLUME ONLY -- BENCHED WHEN IT TIGHTENS,0.7447,0.7813,0.6667,-0.1146,4,2,1,1,0.2222,2,2,1,2,0,2,0.5,MIXED
2026,CHI,00-0032464,K.Raymond,WR,targets,54.1,RISING -- OUT-EARNING DEPTH CHART,0.25,0.2069,0.2963,0.0894,2,1,0,0,0.069,0,0,0,0,0,0,0.0,MIXED
2026,ARI,00-0037263,T.Allgeier,RB,rush_attempts,54.0,RISING -- OUT-EARNING DEPTH CHART,0.449,0.4706,0.4,-0.0706,4,1,1,1,0.1818,0,0,0,0,0,0,0.0,MIXED
2026,CIN,00-0034829,M.Gesicki,TE,targets,53.1,ROTATIONAL CONTRIBUTOR,0.2059,0.2,0.2143,0.0143,2,2,2,1,0.0909,1,1,0,0,1,1,0.5,MIXED
2026,NO,00-0040743,T.Shough,QB,rush_attempts_qb,53.0,PRIMARY -- TRUSTED UNDER PRESSURE,0.1837,0.1154,0.2609,0.1455,5,2,2,2,0.1923,1,1,1,1,0,1,0.2,MIXED
2026,JAX,00-0038606,P.Washington,WR,targets,52.8,ROTATIONAL CONTRIBUTOR,0.3673,0.3636,0.375,0.0114,,,,,,1,0,0,0,1,1,,MIXED
2026,DET,00-0039065,S.LaPorta,TE,targets,52.8,ROTATIONAL CONTRIBUTOR,0.1948,0.1739,0.2258,0.0519,4,3,2,2,0.129,1,1,1,0,1,1,0.25,MIXED
2026,MIN,00-0035229,T.Hockenson,TE,targets,52.5,PRIMARY -- TRUSTED UNDER PRESSURE,0.2093,0.1053,0.2917,0.1864,2,0,0,0,0.1053,1,1,0,0,1,1,0.5,MIXED
2026,ATL,00-0038542,Bi.Robinson,RB,rush_attempts,52.4,ROTATIONAL CONTRIBUTOR,0.6271,0.62,0.6667,0.0467,,,,,,1,0,0,0,1,1,,MIXED
2026,GB,00-0039811,M.Lloyd,RB,rush_attempts,52.1,VOLUME ONLY -- BENCHED WHEN IT TIGHTENS,0.4872,0.5333,0.3333,-0.2,5,3,0,3,0.2273,1,1,1,0,1,1,0.2,MIXED
2026,CAR,00-0039491,J.Coker,WR,targets,52.0,RISING -- OUT-EARNING DEPTH CHART,0.2727,0.3158,0.2143,-0.1015,5,4,1,4,0.1471,2,1,1,0,2,1,0.2,MIXED
2026,NYG,00-0040691,J.Dart,QB,rush_attempts_qb,51.5,RISING -- OUT-EARNING DEPTH CHART,0.2571,0.1765,0.3333,0.1569,1,0,0,0,0.0476,0,0,0,0,0,0,0.0,MIXED
2026,MIA,00-0041523,C.Douglas,WR,targets,51.3,PRIMARY -- TRUSTED UNDER PRESSURE,0.2,0.1176,0.375,0.2574,1,0,0,0,0.0556,0,0,0,0,0,0,0.0,MIXED
2026,SF,00-0031408,M.Evans,WR,targets,51.2,PRIMARY -- TRUSTED UNDER PRESSURE,0.1818,0.0968,0.2917,0.1949,2,1,1,1,0.0769,1,1,1,0,1,1,0.5,MIXED
2026,CIN,00-0036410,T.Higgins,WR,targets,51.1,RISING -- OUT-EARNING DEPTH CHART,0.2462,0.225,0.28,0.055,,,,,,0,0,0,0,0,0,,MIXED
2026,PIT,00-0037228,J.Warren,RB,rush_attempts,50.6,VOLUME ONLY -- BENCHED WHEN IT TIGHTENS,0.5,0.5714,0.3571,-0.2143,2,1,0,0,0.2,0,0,0,0,0,0,0.0,MIXED
2026,NO,00-0037239,C.Olave,WR,targets,50.3,ROTATIONAL CONTRIBUTOR,0.2706,0.2667,0.275,0.0083,1,0,0,0,0.0385,1,0,0,0,1,1,0.0,MIXED
2026,NO,00-0038551,K.Miller,RB,rush_attempts,50.2,RISING -- OUT-EARNING DEPTH CHART,0.3913,0.4167,0.3636,-0.053,2,2,0,2,0.0769,1,1,1,1,0,1,0.5,MIXED
2026,JAX,00-0040719,B.Tuten,RB,rush_attempts,50.1,VOLUME ONLY -- BENCHED WHEN IT TIGHTENS,0.5,0.6154,0.2353,-0.3801,3,2,2,2,0.2308,1,1,1,1,0,1,0.333,MIXED
2026,CAR,00-0039344,J.Brooks,RB,rush_attempts,50.0,RISING -- OUT-EARNING DEPTH CHART,0.225,0.1923,0.2857,0.0934,4,1,0,1,0.1176,0,0,0,0,0,0,0.0,MIXED
2026,CHI,00-0040236,K.Monangai,RB,rush_attempts,49.9,VOLUME ONLY -- BENCHED WHEN IT TIGHTENS,0.3333,0.3846,0.2381,-0.1465,4,3,0,0,0.1379,1,0,0,1,0,1,0.0,MIXED
2026,HOU,00-0040583,W.Marks,RB,rush_attempts,49.9,ROTATIONAL CONTRIBUTOR,0.3696,0.3793,0.3529,-0.0264,3,0,0,0,0.1579,0,0,0,0,0,0,0.0,MIXED
2026,LA,00-0031381,D.Adams,WR,targets,49.6,RISING -- OUT-EARNING DEPTH CHART,0.2807,0.3143,0.2273,-0.087,1,0,0,0,0.05,2,1,0,0,2,1,1.0,MIXED
2026,SF,00-0035719,D.Samuel,WR,targets,49.5,RISING -- OUT-EARNING DEPTH CHART,0.2,0.1935,0.2083,0.0148,3,2,1,2,0.1154,1,1,0,0,1,1,0.333,MIXED
2026,PHI,00-0039746,W.Shipley,RB,rush_attempts,49.3,PRIMARY -- TRUSTED UNDER PRESSURE,0.18,0.1176,0.3125,0.1949,4,0,0,0,0.2,0,0,0,0,0,0,0.0,MIXED
2026,PIT,00-0036139,R.Dowdle,RB,rush_attempts,49.1,ROTATIONAL CONTRIBUTOR,0.3571,0.3571,0.3571,0.0,1,0,0,0,0.1,0,0,0,0,0,0,0.0,MIXED
2026,DEN,00-0036158,J.Dobbins,RB,rush_attempts,48.9,VOLUME ONLY -- BENCHED WHEN IT TIGHTENS,0.4286,0.6,0.1765,-0.4235,3,3,3,3,0.1429,0,0,0,0,0,0,0.0,MIXED
2026,DAL,00-0037247,G.Pickens,WR,targets,48.9,PRIMARY -- TRUSTED UNDER PRESSURE,0.2295,0.1842,0.3043,0.1201,1,1,0,0,0.0435,0,0,0,0,0,0,0.0,MIXED
2026,IND,00-0038997,J.Downs,WR,targets,48.6,PRIMARY -- TRUSTED UNDER PRESSURE,0.2203,0.1892,0.2727,0.0835,2,0,0,0,0.0909,0,0,0,0,0,0,0.0,MIXED
2026,LA,00-0037557,R.Rivers,RB,rush_attempts,48.4,PRIMARY -- TRUSTED UNDER PRESSURE,0.1786,0.0625,0.3333,0.2708,2,0,0,0,0.1,0,0,0,0,0,0,0.0,MIXED
2026,TEN,00-0041438,C.Tate,WR,targets,48.2,PRIMARY -- TRUSTED UNDER PRESSURE,0.2444,0.1667,0.3333,0.1667,,,,,,0,0,0,0,0,0,,MIXED
2026,LAC,00-0039915,L.McConkey,WR,targets,48.1,ROTATIONAL CONTRIBUTOR,0.1887,0.1667,0.2174,0.0507,2,2,0,1,0.1111,1,1,0,0,1,1,0.5,MIXED
2026,TB,00-0041048,T.Hurst,WR,targets,48.1,RISING -- OUT-EARNING DEPTH CHART,0.1667,0.1212,0.2222,0.101,2,0,0,0,0.0833,0,0,0,0,0,0,0.0,MIXED
2026,CLE,00-0040784,Q.Judkins,RB,rush_attempts,48.1,VOLUME ONLY -- BENCHED WHEN IT TIGHTENS,0.6154,0.7083,0.4667,-0.2417,3,1,1,0,0.2143,0,0,0,0,0,0,0.0,MIXED
2026,NE,00-0040734,T.Henderson,RB,rush_attempts,48.0,ROTATIONAL CONTRIBUTOR,0.6154,0.6111,0.625,0.0139,,,,,,1,0,0,1,0,1,,MIXED
2026,NO,00-0039424,D.Vele,WR,targets,47.8,ROTATIONAL CONTRIBUTOR,0.1882,0.1778,0.2,0.0222,2,2,1,2,0.0769,1,1,1,0,1,1,0.5,MIXED
2026,CAR,00-0040124,T.McMillan,WR,targets,47.8,VOLUME ONLY -- BENCHED WHEN IT TIGHTENS,0.2727,0.3158,0.2143,-0.1015,4,3,2,2,0.1176,0,0,0,0,0,0,0.0,MIXED
2026,PIT,00-0041489,G.Bernard,WR,targets,47.6,RISING -- OUT-EARNING DEPTH CHART,0.2162,0.1923,0.2727,0.0804,1,0,0,1,0.1,0,0,0,0,0,0,0.0,MIXED
2026,PHI,00-0036389,J.Hurts,QB,rush_attempts_qb,47.4,"CLOSER -- SMALL ROLE, BIG MOMENTS",0.1,0.0,0.3125,0.3125,1,1,0,1,0.05,0,0,0,0,0,0,0.0,MIXED
2026,IND,00-0040128,T.Warren,TE,targets,47.3,ROTATIONAL CONTRIBUTOR,0.2034,0.1892,0.2273,0.0381,3,2,1,2,0.1364,2,2,2,0,2,2,0.667,MIXED
2026,LV,00-0038563,T.Tucker,WR,targets,47.3,ROTATIONAL CONTRIBUTOR,0.1897,0.1714,0.2174,0.046,1,1,0,1,0.0385,1,0,0,0,1,1,0.0,MIXED
2026,KC,00-0039894,X.Worthy,WR,targets,47.1,RISING -- OUT-EARNING DEPTH CHART,0.1912,0.1944,0.1875,-0.0069,4,2,2,2,0.1379,1,1,1,0,1,1,0.25,MIXED
2026,NE,00-0036875,R.Stevenson,RB,rush_attempts,47.0,ROTATIONAL CONTRIBUTOR,0.4706,0.4737,0.4615,-0.0121,,,,,,0,0,0,0,0,0,,MIXED
2026,CHI,00-0039918,C.Williams,QB,rush_attempts_qb,46.8,"CLOSER -- SMALL ROLE, BIG MOMENTS",0.0833,0.0256,0.1905,0.1648,4,3,1,2,0.1379,2,1,0,2,0,1,0.25,MIXED
2026,SF,00-0041052,K.Black,RB,rush_attempts,46.8,RISING -- OUT-EARNING DEPTH CHART,0.4038,0.4359,0.3077,-0.1282,2,0,0,0,0.0769,0,0,0,0,0,0,0.0,MIXED
2026,HOU,00-0036554,N.Collins,WR,targets,46.5,ROTATIONAL CONTRIBUTOR,0.2703,0.2632,0.2778,0.0146,2,0,0,1,0.1053,1,1,0,0,1,1,0.5,MIXED
2026,CHI,00-0040735,L.Burden,WR,targets,46.5,PRIMARY -- TRUSTED UNDER PRESSURE,0.2143,0.1724,0.2593,0.0868,2,0,0,0,0.069,0,0,0,0,0,0,0.0,MIXED
2026,PHI,00-0038555,T.Bigsby,RB,rush_attempts,46.3,VOLUME ONLY -- BENCHED WHEN IT TIGHTENS,0.28,0.3235,0.1875,-0.136,3,1,1,0,0.15,1,1,0,1,0,1,0.333,MIXED
2026,PIT,00-0036894,P.Freiermuth,TE,targets,46.3,RED ZONE SPECIALIST,0.1351,0.1277,0.1481,0.0205,2,1,0,0,0.2,1,1,0,0,1,1,0.5,MIXED
2026,GB,00-0040142,K.Johnson,RB,rush_attempts,46.3,ROTATIONAL CONTRIBUTOR,0.4444,0.6154,0.0,-0.6154,,,,,,0,0,0,0,0,0,,MIXED
2026,NO,00-0033906,A.Kamara,RB,rush_attempts,45.9,ROTATIONAL CONTRIBUTOR,0.3462,0.3571,0.3333,-0.0238,2,0,0,0,0.0769,0,0,0,0,0,0,0.0,MIXED
2026,NYJ,00-0039890,A.Mitchell,WR,targets,45.9,RISING -- OUT-EARNING DEPTH CHART,0.2542,0.2647,0.24,-0.0247,1,0,0,0,0.0556,0,0,0,0,0,0,0.0,MIXED
2026,DAL,00-0038041,J.Ferguson,TE,targets,45.7,"CLOSER -- SMALL ROLE, BIG MOMENTS",0.0984,0.0526,0.1739,0.1213,3,2,1,2,0.1304,2,2,1,0,2,1,0.667,MIXED
2026,NO,00-0036973,T.Etienne,RB,rush_attempts,45.7,VOLUME ONLY -- BENCHED WHEN IT TIGHTENS,0.3673,0.4615,0.2609,-0.2007,4,1,1,0,0.1538,0,0,0,0,0,0,0.0,MIXED
2026,LAC,00-0033885,D.Njoku,TE,targets,45.6,RISING -- OUT-EARNING DEPTH CHART,0.1509,0.1333,0.1739,0.0406,1,0,0,0,0.0556,0,0,0,0,0,0,0.0,MIXED
2026,BUF,00-0037261,K.Shakir,WR,targets,45.2,RISING -- OUT-EARNING DEPTH CHART,0.2105,0.2333,0.1852,-0.0481,3,1,1,1,0.125,0,0,0,0,0,0,0.0,MIXED
2026,CLE,00-0033537,D.Watson,QB,rush_attempts_qb,45.1,PRIMARY -- TRUSTED UNDER PRESSURE,0.1795,0.125,0.2667,0.1417,2,0,0,0,0.1429,0,0,0,0,0,0,0.0,MIXED
2026,PIT,00-0035640,D.Metcalf,WR,targets,45.0,ROTATIONAL CONTRIBUTOR,0.2568,0.234,0.2963,0.0623,,,,,,0,0,0,0,0,0,,MIXED
2026,BAL,00-0034753,M.Andrews,TE,targets,44.9,PRIMARY -- TRUSTED UNDER PRESSURE,0.2453,0.2121,0.3,0.0879,1,0,0,1,0.0476,0,0,0,0,0,0,0.0,MIXED
2026,CLE,00-0041547,K.Concepcion,WR,targets,44.5,RISING -- OUT-EARNING DEPTH CHART,0.2115,0.2162,0.2,-0.0162,2,0,0,0,0.1429,0,0,0,0,0,0,0.0,MIXED
2026,IND,00-0037664,A.Pierce,WR,targets,44.2,RISING -- OUT-EARNING DEPTH CHART,0.1186,0.1081,0.1364,0.0283,1,0,0,0,0.0455,0,0,0,0,0,0,0.0,MIXED
2026,NE,00-0033555,M.Hollins,WR,targets,44.0,RISING -- OUT-EARNING DEPTH CHART,0.1346,0.1034,0.1739,0.0705,1,0,0,0,0.1429,0,0,0,0,0,0,0.0,MIXED
2026,BUF,00-0039901,K.Coleman,WR,targets,43.9,RISING -- OUT-EARNING DEPTH CHART,0.1404,0.1,0.1852,0.0852,2,1,1,0,0.0833,0,0,0,0,0,0,0.0,MIXED
2026,SF,00-0033288,G.Kittle,TE,targets,43.8,ROTATIONAL CONTRIBUTOR,0.1636,0.1935,0.125,-0.0685,3,2,0,1,0.1154,1,1,0,0,1,1,0.333,MIXED
2026,TEN,00-0039032,T.Spears,RB,rush_attempts,43.7,ROTATIONAL CONTRIBUTOR,0.2703,0.2727,0.2667,-0.0061,1,0,0,1,0.05,0,0,0,0,0,0,0.0,MIXED
2026,TB,00-0040237,T.Johnson,WR,targets,43.7,RISING -- OUT-EARNING DEPTH CHART,0.0833,0.0606,0.1111,0.0505,2,1,0,1,0.0833,0,0,0,0,0,0,0.0,MIXED
2026,ARI,00-0038559,Mi.Wilson,WR,targets,43.6,PRIMARY -- TRUSTED UNDER PRESSURE,0.2222,0.1842,0.28,0.0958,,,,,,0,0,0,0,0,0,,MIXED
2026,SEA,00-0041512,J.Price,RB,rush_attempts,43.2,VOLUME ONLY -- BENCHED WHEN IT TIGHTENS,0.377,0.5278,0.16,-0.3678,3,2,1,2,0.0968,0,0,0,0,0,0,0.0,MIXED
2026,DEN,00-0039732,B.Nix,QB,rush_attempts_qb,43.2,PRIMARY -- TRUSTED UNDER PRESSURE,0.1667,0.12,0.2353,0.1153,4,0,0,1,0.1905,0,0,0,0,0,0,0.0,MIXED
2026,TB,00-0040129,E.Egbuka,WR,targets,43.0,ROTATIONAL CONTRIBUTOR,0.1833,0.2121,0.1481,-0.064,2,1,1,1,0.0833,1,1,1,0,1,1,0.5,MIXED
2026,WAS,00-0035659,T.McLaurin,WR,targets,42.9,ROTATIONAL CONTRIBUTOR,0.2031,0.2424,0.1613,-0.0811,2,2,1,1,0.0714,0,0,0,0,0,0,0.0,MIXED
2026,HOU,00-0034383,D.Schultz,TE,targets,42.8,ROTATIONAL CONTRIBUTOR,0.2529,0.26,0.2432,-0.0168,,,,,,0,0,0,0,0,0,,MIXED
2026,NYG,00-0039337,M.Nabers,WR,targets,42.6,ROTATIONAL CONTRIBUTOR,0.2131,0.2222,0.2,-0.0222,2,0,0,0,0.0952,0,0,0,0,0,0,0.0,MIXED
2026,LA,00-0040737,T.Ferguson,TE,targets,42.3,RISING -- OUT-EARNING DEPTH CHART,0.1754,0.2,0.1364,-0.0636,1,1,1,1,0.05,1,1,1,0,1,1,1.0,MIXED
2026,ATL,00-0037746,Br.Robinson,RB,rush_attempts,42.3,ROTATIONAL CONTRIBUTOR,0.339,0.36,0.2222,-0.1378,,,,,,0,0,0,0,0,0,,MIXED
2026,KC,00-0039067,R.Rice,WR,targets,41.9,"CLOSER -- SMALL ROLE, BIG MOMENTS",0.1176,0.0556,0.1875,0.1319,2,0,0,0,0.069,1,1,0,0,1,1,0.5,MIXED
2026,ATL,00-0037238,D.London,WR,targets,41.9,ROTATIONAL CONTRIBUTOR,0.18,0.1515,0.2353,0.0838,,,,,,0,0,0,0,0,0,,MIXED
2026,CLE,00-0040663,H.Fannin,TE,targets,41.8,PRIMARY -- TRUSTED UNDER PRESSURE,0.1731,0.1351,0.2667,0.1315,,,,,,0,0,0,0,0,0,,MIXED
2026,IND,00-0030279,K.Allen,WR,targets,41.8,ROTATIONAL CONTRIBUTOR,0.1864,0.1622,0.2273,0.0651,1,1,0,1,0.0455,0,0,0,0,0,0,0.0,MIXED
2026,PHI,00-0034844,S.Barkley,RB,rush_attempts,41.8,VOLUME ONLY -- BENCHED WHEN IT TIGHTENS,0.38,0.4706,0.1875,-0.2831,2,0,0,2,0.1,0,0,0,0,0,0,0.0,MIXED
2026,HOU,00-0038728,J.Wayne,WR,targets,41.7,RISING -- OUT-EARNING DEPTH CHART,0.092,0.06,0.1351,0.0751,1,0,0,0,0.0526,0,0,0,0,0,0,0.0,MIXED
2026,PIT,00-0039739,R.Wilson,WR,targets,41.7,RISING -- OUT-EARNING DEPTH CHART,0.1622,0.1277,0.2222,0.0946,,,,,,0,0,0,0,0,0,,MIXED
2026,WAS,00-0041096,K.Allen,RB,rush_attempts,41.7,ROTATIONAL CONTRIBUTOR,0.1667,0.1471,0.2,0.0529,3,1,1,1,0.1071,0,0,0,0,0,0,0.0,MIXED
2026,DEN,00-0034348,C.Sutton,WR,targets,41.6,ROTATIONAL CONTRIBUTOR,0.1607,0.1471,0.1818,0.0348,2,1,0,2,0.0952,0,0,0,0,0,0,0.0,MIXED
2026,ARI,00-0033119,J.Brissett,QB,rush_attempts_qb,41.4,PRIMARY -- TRUSTED UNDER PRESSURE,0.1515,0.087,0.3,0.213,1,1,0,1,0.0455,0,0,0,0,0,0,0.0,MIXED
2026,CIN,00-0036442,J.Burrow,QB,rush_attempts_qb,41.4,"CLOSER -- SMALL ROLE, BIG MOMENTS",0.102,0.0345,0.2,0.1655,4,0,0,0,0.1818,0,0,0,0,0,0,0.0,MIXED
2026,LAC,00-0038454,K.Mitchell,RB,rush_attempts,41.3,ROTATIONAL CONTRIBUTOR,0.1915,0.1875,0.2,0.0125,2,1,0,1,0.1111,0,0,0,0,0,0,0.0,MIXED
2026,JAX,00-0038935,B.Strange,TE,targets,41.2,ROTATIONAL CONTRIBUTOR,0.102,0.0909,0.125,0.0341,2,1,0,1,0.1538,1,1,0,0,1,1,0.5,MIXED
2026,BAL,00-0036550,R.Bateman,WR,targets,40.7,RISING -- OUT-EARNING DEPTH CHART,0.1887,0.2121,0.15,-0.0621,1,0,0,0,0.0476,1,0,0,0,1,1,0.0,MIXED
2026,TB,00-0036919,K.Gainwell,RB,rush_attempts,40.7,PRIMARY -- TRUSTED UNDER PRESSURE,0.1842,0.1481,0.2727,0.1246,2,0,0,0,0.0833,0,0,0,0,0,0,0.0,MIXED
2026,BAL,00-0032398,C.Moore,WR,targets,40.7,RISING -- OUT-EARNING DEPTH CHART,0.0943,0.0303,0.2,0.1697,,,,,,0,0,0,0,0,0,,MIXED
2026,LAC,00-0040727,T.Harris,WR,targets,40.7,ROTATIONAL CONTRIBUTOR,0.1698,0.1667,0.1739,0.0072,,,,,,0,0,0,0,0,0,,MIXED
2026,JAX,00-0039893,Bri.Thomas,WR,targets,40.7,ROTATIONAL CONTRIBUTOR,0.2245,0.2424,0.1875,-0.0549,,,,,,0,0,0,0,0,0,,MIXED
2026,BAL,00-0039064,Z.Flowers,WR,targets,40.5,ROTATIONAL CONTRIBUTOR,0.25,0.3333,0.1111,-0.2222,,,,,,1,0,0,0,1,1,,MIXED
2026,PHI,00-0034351,D.Goedert,TE,targets,40.5,ROTATIONAL CONTRIBUTOR,0.125,0.1154,0.1333,0.0179,2,0,0,1,0.1,2,1,1,0,2,1,0.5,MIXED
2026,SF,00-0032775,D.Robinson,WR,targets,40.5,ROTATIONAL CONTRIBUTOR,0.1091,0.129,0.0833,-0.0457,2,1,1,1,0.0769,1,0,0,0,1,1,0.0,MIXED
2026,HOU,00-0038618,X.Hutchinson,WR,targets,40.3,RISING -- OUT-EARNING DEPTH CHART,0.1724,0.18,0.1622,-0.0178,1,0,0,0,0.0526,0,0,0,0,0,0,0.0,MIXED
2026,KC,00-0030506,T.Kelce,TE,targets,40.2,VOLUME ONLY -- BENCHED WHEN IT TIGHTENS,0.2353,0.2778,0.1875,-0.0903,1,0,0,0,0.0345,1,1,0,0,1,1,1.0,MIXED
2026,MIA,00-0039880,M.Washington,WR,targets,40.1,ROTATIONAL CONTRIBUTOR,0.26,0.2941,0.1875,-0.1066,1,0,0,0,0.0556,0,0,0,0,0,0,0.0,MIXED
2026,SEA,00-0037545,R.Shaheed,WR,targets,40.1,ROTATIONAL CONTRIBUTOR,0.18,0.1724,0.1905,0.0181,1,0,0,0,0.0323,0,0,0,0,0,0,0.0,MIXED
2026,LV,00-0040878,M.Washington,RB,rush_attempts,40.0,ROTATIONAL CONTRIBUTOR,0.1563,0.1463,0.1739,0.0276,2,1,0,1,0.0769,0,0,0,0,0,0,0.0,MIXED
2026,NE,00-0038621,D.Douglas,WR,targets,39.9,RISING -- OUT-EARNING DEPTH CHART,0.1731,0.1379,0.2174,0.0795,,,,,,0,0,0,0,0,0,,QUIET -- neither trusted nor scoring
2026,TEN,00-0040584,G.Helm,TE,targets,39.8,ROTATIONAL CONTRIBUTOR,0.1556,0.125,0.1905,0.0655,2,0,0,0,0.1,0,0,0,0,0,0,0.0,QUIET -- neither trusted nor scoring
2026,MIN,00-0038994,J.Addison,WR,targets,39.6,ROTATIONAL CONTRIBUTOR,0.1628,0.1579,0.1667,0.0088,1,0,0,0,0.0526,0,0,0,0,0,0,0.0,QUIET -- neither trusted nor scoring
2026,ARI,00-0033307,K.Bourne,WR,targets,39.2,RISING -- OUT-EARNING DEPTH CHART,0.1746,0.1842,0.16,-0.0242,1,0,0,0,0.0455,0,0,0,0,0,0,0.0,QUIET -- neither trusted nor scoring
2026,KC,00-0038104,T.Thornton,WR,targets,38.9,ROTATIONAL CONTRIBUTOR,0.0735,0.0278,0.125,0.0972,,,,,,0,0,0,0,0,0,,QUIET -- neither trusted nor scoring
2026,BUF,00-0038933,D.Kincaid,TE,targets,38.7,VOLUME ONLY -- BENCHED WHEN IT TIGHTENS,0.2456,0.3333,0.1481,-0.1852,1,0,0,0,0.0417,1,1,0,0,1,1,1.0,MIXED
2026,NYG,00-0035250,D.Singletary,RB,rush_attempts,38.7,ROTATIONAL CONTRIBUTOR,0.1607,0.25,0.0417,-0.2083,3,1,0,0,0.1429,1,1,0,0,1,1,0.333,MIXED
2026,LA,00-0039738,B.Corum,RB,rush_attempts,38.0,VOLUME ONLY -- BENCHED WHEN IT TIGHTENS,0.4,0.5,0.2105,-0.2895,,,,,,0,0,0,0,0,0,,QUIET -- neither trusted nor scoring
2026,NE,00-0033090,H.Henry,TE,targets,38.0,ROTATIONAL CONTRIBUTOR,0.1538,0.2069,0.087,-0.1199,1,0,0,1,0.1429,0,0,0,0,0,0,0.0,QUIET -- neither trusted nor scoring
2026,CIN,00-0036900,J.Chase,WR,targets,37.9,ROTATIONAL CONTRIBUTOR,0.2,0.225,0.16,-0.065,2,0,0,0,0.0909,2,1,0,0,2,1,0.5,"HOLLOW -- scoring without trust, fragile"
2026,NYG,00-0041042,M.Fields,WR,targets,37.9,ROTATIONAL CONTRIBUTOR,0.1639,0.1667,0.16,-0.0067,,,,,,0,0,0,0,0,0,,QUIET -- neither trusted nor scoring
2026,DET,00-0037240,J.Williams,WR,targets,37.9,ROTATIONAL CONTRIBUTOR,0.1688,0.2174,0.0968,-0.1206,1,0,0,0,0.0323,0,0,0,0,0,0,0.0,QUIET -- neither trusted nor scoring
2026,WAS,00-0041040,A.Williams,WR,targets,37.7,ROTATIONAL CONTRIBUTOR,0.1094,0.1212,0.0968,-0.0244,2,1,1,1,0.0714,1,1,1,0,1,1,0.5,MIXED
2026,LA,00-0026498,M.Stafford,QB,rush_attempts_qb,37.5,ROTATIONAL CONTRIBUTOR,0.0909,0.0556,0.1579,0.1023,2,1,1,1,0.1,0,0,0,0,0,0,0.0,QUIET -- neither trusted nor scoring
2026,LV,00-0039066,M.Mayer,TE,targets,37.3,RISING -- OUT-EARNING DEPTH CHART,0.1897,0.2286,0.1304,-0.0981,1,0,0,0,0.0385,0,0,0,0,0,0,0.0,QUIET -- neither trusted nor scoring
2026,CAR,00-0039342,X.Legette,WR,targets,37.2,ROTATIONAL CONTRIBUTOR,0.0909,0.1053,0.0714,-0.0338,1,0,0,0,0.0294,0,0,0,0,0,0,0.0,QUIET -- neither trusted nor scoring
2026,TB,00-0038129,C.Otton,TE,targets,37.2,ROTATIONAL CONTRIBUTOR,0.1833,0.2121,0.1481,-0.064,2,0,0,0,0.0833,0,0,0,0,0,0,0.0,QUIET -- neither trusted nor scoring
2026,LAC,00-0038544,Q.Johnston,WR,targets,37.2,RISING -- OUT-EARNING DEPTH CHART,0.2075,0.2333,0.1739,-0.0594,,,,,,0,0,0,0,0,0,,QUIET -- neither trusted nor scoring
2026,JAX,00-0032104,A.Abdullah,RB,rush_attempts,37.2,RISING -- OUT-EARNING DEPTH CHART,0.125,0.1026,0.1765,0.0739,,,,,,0,0,0,0,0,0,,QUIET -- neither trusted nor scoring
2026,MIN,00-0035249,J.Oliver,TE,targets,37.0,ROTATIONAL CONTRIBUTOR,0.1163,0.2632,0.0,-0.2632,,,,,,0,0,0,0,0,0,,QUIET -- neither trusted nor scoring
2026,NE,00-0037816,R.Doubs,WR,targets,36.7,ROTATIONAL CONTRIBUTOR,0.1346,0.1379,0.1304,-0.0075,,,,,,0,0,0,0,0,0,,QUIET -- neither trusted nor scoring
2026,DEN,00-0040134,P.Bryant,WR,targets,36.7,RISING -- OUT-EARNING DEPTH CHART,0.125,0.1471,0.0909,-0.0561,,,,,,0,0,0,0,0,0,,QUIET -- neither trusted nor scoring
2026,BUF,00-0036988,J.Palmer,WR,targets,36.6,ROTATIONAL CONTRIBUTOR,0.0877,0.0667,0.1111,0.0444,,,,,,2,0,0,0,2,2,,"HOLLOW -- scoring without trust, fragile"
2026,NO,00-0041067,B.Lance,WR,targets,36.6,ROTATIONAL CONTRIBUTOR,0.0706,0.0667,0.075,0.0083,1,1,1,0,0.0385,0,0,0,0,0,0,0.0,QUIET -- neither trusted nor scoring
2026,NO,00-0035644,N.Fant,TE,targets,36.3,ROTATIONAL CONTRIBUTOR,0.1509,0.1786,0.12,-0.0586,1,1,0,1,0.0385,1,1,1,0,1,1,1.0,MIXED
2026,NYJ,00-0041032,K.Sadiq,TE,targets,36.2,ROTATIONAL CONTRIBUTOR,0.1017,0.1176,0.08,-0.0376,1,1,1,1,0.0556,1,1,1,1,0,1,1.0,MIXED
2026,GB,00-0038996,T.Kraft,TE,targets,36.1,ROTATIONAL CONTRIBUTOR,0.1304,0.2195,0.0,-0.2195,,,,,,0,0,0,0,0,0,,QUIET -- neither trusted nor scoring
2026,WAS,00-0036626,D.Brown,WR,targets,35.8,RISING -- OUT-EARNING DEPTH CHART,0.125,0.1515,0.0968,-0.0547,1,1,1,1,0.0357,0,0,0,0,0,0,0.0,QUIET -- neither trusted nor scoring
2026,MIN,00-0032950,C.Wentz,QB,rush_attempts_qb,35.7,RISING -- OUT-EARNING DEPTH CHART,0.1034,0.0541,0.1905,0.1364,,,,,,0,0,0,0,0,0,,QUIET -- neither trusted nor scoring
2026,NYG,00-0036309,D.Mooney,WR,targets,35.6,ROTATIONAL CONTRIBUTOR,0.082,0.0833,0.08,-0.0033,,,,,,0,0,0,0,0,0,,QUIET -- neither trusted nor scoring
2026,DEN,00-0033881,E.Engram,TE,targets,35.5,ROTATIONAL CONTRIBUTOR,0.1071,0.1471,0.0455,-0.1016,1,0,0,0,0.0476,1,1,0,0,1,1,1.0,MIXED
2026,DET,00-0040669,I.TeSlaa,WR,targets,35.1,ROTATIONAL CONTRIBUTOR,0.0779,0.087,0.0645,-0.0224,1,0,0,0,0.0323,0,0,0,0,0,0,0.0,QUIET -- neither trusted nor scoring
2026,SEA,00-0033908,C.Kupp,WR,targets,35.0,ROTATIONAL CONTRIBUTOR,0.1,0.1034,0.0952,-0.0082,,,,,,0,0,0,0,0,0,,QUIET -- neither trusted nor scoring
2026,LV,00-0037291,J.Nailor,WR,targets,34.9,ROTATIONAL CONTRIBUTOR,0.1379,0.1429,0.1304,-0.0124,1,0,0,0,0.0385,0,0,0,0,0,0,0.0,QUIET -- neither trusted nor scoring
2026,NYJ,00-0039451,I.Williams,WR,targets,34.5,ROTATIONAL CONTRIBUTOR,0.1186,0.1176,0.12,0.0024,1,0,0,0,0.0556,0,0,0,0,0,0,0.0,QUIET -- neither trusted nor scoring
2026,LV,00-0040729,J.Bech,WR,targets,34.4,ROTATIONAL CONTRIBUTOR,0.1034,0.1143,0.087,-0.0273,2,0,0,0,0.0769,1,1,0,0,1,1,0.5,MIXED
2026,ATL,00-0037741,J.Dotson,WR,targets,34.4,ROTATIONAL CONTRIBUTOR,0.14,0.1515,0.1176,-0.0339,,,,,,0,0,0,0,0,0,,QUIET -- neither trusted nor scoring
2026,CIN,00-0033526,S.Perine,RB,rush_attempts,34.3,ROTATIONAL CONTRIBUTOR,0.1429,0.1724,0.1,-0.0724,1,0,0,0,0.0455,0,0,0,0,0,0,0.0,QUIET -- neither trusted nor scoring
2026,KC,00-0041013,E.Johnson,RB,rush_attempts,33.7,ROTATIONAL CONTRIBUTOR,0.1639,0.2121,0.1071,-0.105,1,0,0,0,0.0345,0,0,0,0,0,0,0.0,QUIET -- neither trusted nor scoring
2026,WAS,00-0040242,J.Croskey-Merritt,RB,rush_attempts,33.6,VOLUME ONLY -- BENCHED WHEN IT TIGHTENS,0.5185,0.6765,0.25,-0.4265,2,1,1,1,0.0714,1,1,1,1,0,1,0.5,MIXED
2026,CAR,00-0031610,D.Waller,TE,targets,33.1,ROTATIONAL CONTRIBUTOR,0.0758,0.0789,0.0714,-0.0075,2,1,0,1,0.0588,2,2,1,0,2,1,1.0,"HOLLOW -- scoring without trust, fragile"
2026,BAL,00-0034975,J.Hill,RB,rush_attempts,33.1,ROTATIONAL CONTRIBUTOR,0.1538,0.1471,0.1667,0.0196,,,,,,0,0,0,0,0,0,,QUIET -- neither trusted nor scoring
2026,CLE,00-0036407,J.Jeudy,WR,targets,33.0,ROTATIONAL CONTRIBUTOR,0.0962,0.1351,0.0,-0.1351,,,,,,0,0,0,0,0,0,,QUIET -- neither trusted nor scoring
2026,DAL,00-0039410,R.Flournoy,WR,targets,32.7,ROTATIONAL CONTRIBUTOR,0.1639,0.2105,0.087,-0.1236,,,,,,0,0,0,0,0,0,,QUIET -- neither trusted nor scoring
2026,HOU,00-0040138,J.Noel,WR,targets,32.4,ROTATIONAL CONTRIBUTOR,0.0805,0.1,0.0541,-0.0459,,,,,,0,0,0,0,0,0,,QUIET -- neither trusted nor scoring
2026,HOU,00-0038608,K.Boutte,WR,targets,32.3,ROTATIONAL CONTRIBUTOR,0.0805,0.08,0.0811,0.0011,1,0,0,0,0.0526,0,0,0,0,0,0,0.0,QUIET -- neither trusted nor scoring
2026,TB,00-0033921,C.Godwin,WR,targets,32.3,ROTATIONAL CONTRIBUTOR,0.1167,0.1212,0.1111,-0.0101,,,,,,0,0,0,0,0,0,,QUIET -- neither trusted nor scoring
2026,GB,00-0039146,J.Reed,WR,targets,32.3,ROTATIONAL CONTRIBUTOR,0.1159,0.122,0.1071,-0.0148,1,1,0,1,0.0455,0,0,0,0,0,0,0.0,QUIET -- neither trusted nor scoring
2026,TEN,00-0038117,W.Robinson,WR,targets,32.2,ROTATIONAL CONTRIBUTOR,0.1556,0.2083,0.0952,-0.1131,,,,,,0,0,0,0,0,0,,QUIET -- neither trusted nor scoring
2026,CHI,00-0039919,R.Odunze,WR,targets,31.7,ROTATIONAL CONTRIBUTOR,0.125,0.1724,0.0741,-0.0983,,,,,,0,0,0,0,0,0,,QUIET -- neither trusted nor scoring
2026,CAR,00-0037005,T.Tremble,TE,targets,31.5,ROTATIONAL CONTRIBUTOR,0.1061,0.1053,0.1071,0.0019,1,0,0,0,0.0294,0,0,0,0,0,0,0.0,QUIET -- neither trusted nor scoring
2026,NE,00-0040556,C.Kiner,RB,rush_attempts,31.5,ROTATIONAL CONTRIBUTOR,0.1569,0.1842,0.0769,-0.1073,,,,,,0,0,0,0,0,0,,QUIET -- neither trusted nor scoring
2026,DAL,00-0038705,E.Demercado,RB,rush_attempts,31.5,ROTATIONAL CONTRIBUTOR,0.1471,0.2105,0.0667,-0.1439,1,0,0,0,0.0435,0,0,0,0,0,0,0.0,QUIET -- neither trusted nor scoring
2026,NYJ,00-0030565,G.Smith,QB,rush_attempts_qb,31.4,ROTATIONAL CONTRIBUTOR,0.0833,0.075,0.1,0.025,1,0,0,0,0.0556,0,0,0,0,0,0,0.0,QUIET -- neither trusted nor scoring
2026,MIA,00-0037252,G.Dulcich,TE,targets,31.4,ROTATIONAL CONTRIBUTOR,0.1,0.1176,0.0625,-0.0551,1,0,0,0,0.0556,0,0,0,0,0,0,0.0,QUIET -- neither trusted nor scoring
2026,CHI,00-0040126,C.Loveland,TE,targets,30.7,ROTATIONAL CONTRIBUTOR,0.0893,0.1034,0.0741,-0.0294,2,0,0,0,0.069,0,0,0,0,0,0,0.0,QUIET -- neither trusted nor scoring
2026,CAR,00-0036265,A.Dillon,RB,rush_attempts,30.4,ROTATIONAL CONTRIBUTOR,0.2,0.2692,0.0714,-0.1978,,,,,,0,0,0,0,0,0,,QUIET -- neither trusted nor scoring
2026,LV,00-0029604,K.Cousins,QB,rush_attempts_qb,30.1,ROTATIONAL CONTRIBUTOR,0.1094,0.0976,0.1304,0.0329,,,,,,0,0,0,0,0,0,,QUIET -- neither trusted nor scoring
2026,NYG,00-0039847,T.Johnson,TE,targets,30.0,ROTATIONAL CONTRIBUTOR,0.082,0.1111,0.04,-0.0711,,,,,,0,0,0,0,0,0,,QUIET -- neither trusted nor scoring
2026,BUF,00-0034827,D.Moore,WR,targets,29.4,ROTATIONAL CONTRIBUTOR,0.1404,0.1667,0.1111,-0.0556,,,,,,1,0,0,0,1,1,,MIXED
2026,PHI,00-0040867,M.Lemon,WR,targets,26.7,ROTATIONAL CONTRIBUTOR,0.0893,0.1538,0.0333,-0.1205,,,,,,0,0,0,0,0,0,,QUIET -- neither trusted nor scoring
