season,team,player_id,player_name,position,games,spine_metric,spine_opps,team_spine_opps,share_overall,spine_opps_stress,team_spine_opps_stress,share_stress,spine_opps_calm,team_spine_opps_calm,share_calm,confidence_delta,depth_pos,depth_rank,depth_as_of_week,opp_i20,opp_i10,opp_i5,opp_g2g,td_i20,td_i5,team_opp_i20,pct_i20_intra,pct_i20_shrunk,pct_i10_shrunk,pct_i5_shrunk,pct_g2g_shrunk,touches,scrimmage_yards,yards_per_touch,scrimmage_yards_share_intra,scrimmage_tds,usage_rank_on_team,usage_rank_in_pos_group
2026,ARI,00-0038559,Mi.Wilson,WR,2,targets,14,63,0.2222,7,25,0.28,7,38,0.1842,0.0958,WR,1,18,,,,,,,,,,,,,7,74,10.57,0.1326,0,4,1
2026,ARI,00-0033307,K.Bourne,WR,2,targets,11,63,0.1746,4,25,0.16,7,38,0.1842,-0.0242,WR,3,18,1,0,0,0,0,0,18,0.0556,0.0455,0.0,0.0,0.0,10,86,8.6,0.1541,0,5,2
2026,ARI,00-0039849,M.Harrison,WR,2,targets,4,63,0.0635,0,25,0.0,4,38,0.1053,-0.1053,WR,2,18,,,,,,,,,,,,,1,33,33.0,0.084,0,7,3
2026,DEN,00-0036613,J.Waddle,WR,2,targets,13,56,0.2321,8,22,0.3636,5,34,0.1471,0.2166,WR,1,18,1,0,0,0,0,0,17,0.0588,0.0476,0.0,0.0,0.0,9,140,15.56,0.2397,0,2,1
2026,DEN,00-0034348,C.Sutton,WR,2,targets,9,56,0.1607,4,22,0.1818,5,34,0.1471,0.0348,WR,2,18,2,1,0,2,0,0,17,0.1176,0.0952,0.0769,0.0,0.1333,5,36,7.2,0.0616,0,4,2
2026,DEN,00-0040134,P.Bryant,WR,2,targets,7,56,0.125,2,22,0.0909,5,34,0.1471,-0.0561,WR,4,18,,,,,,,,,,,,,5,58,11.6,0.0993,0,6,3
2026,DEN,00-0039868,T.Franklin,WR,2,targets,3,56,0.0536,2,22,0.0909,1,34,0.0294,0.0615,WR,5,18,1,1,0,1,0,0,17,0.0588,0.0476,0.0769,0.0,0.0667,2,32,16.0,0.0548,0,8,4
2026,DEN,00-0035406,L.Humphrey,WR,1,targets,1,29,0.0345,0,11,0.0,1,18,0.0556,-0.0556,WR,6,18,,,,,,,,,,,,,,,,,,13,5
2026,NO,00-0040743,T.Shough,QB,2,rush_attempts_qb,9,49,0.1837,6,23,0.2609,3,26,0.1154,0.1455,QB,1,18,5,2,2,2,1,1,22,0.2273,0.1923,0.125,0.2222,0.1429,13,31,2.38,0.0379,1,5,1
2026,NYG,00-0037838,I.Likely,TE,2,targets,18,61,0.2951,9,25,0.36,9,36,0.25,0.11,TE,1,18,4,1,1,1,2,1,17,0.2353,0.1905,0.0909,0.125,0.1429,13,111,8.54,0.192,2,2,1
2026,NYG,00-0039847,T.Johnson,TE,2,targets,5,61,0.082,1,25,0.04,4,36,0.1111,-0.0711,TE,2,18,,,,,,,,,,,,,1,9,9.0,0.0228,0,8,2
2026,NYJ,00-0030565,G.Smith,QB,2,rush_attempts_qb,5,60,0.0833,2,20,0.1,3,40,0.075,0.025,QB,1,18,1,0,0,0,0,0,14,0.0714,0.0556,0.0,0.0,0.0,11,24,2.18,0.0352,0,7,1
2026,PIT,00-0035640,D.Metcalf,WR,2,targets,19,74,0.2568,8,27,0.2963,11,47,0.234,0.0623,WR,1,18,,,,,,,,,,,,,8,67,8.38,0.1203,0,2,1
2026,PIT,00-0039739,R.Wilson,WR,2,targets,12,74,0.1622,6,27,0.2222,6,47,0.1277,0.0946,WR,3,18,,,,,,,,,,,,,8,54,6.75,0.0969,0,4,2
2026,PIT,00-0041489,G.Bernard,WR,1,targets,8,37,0.2162,3,11,0.2727,5,26,0.1923,0.0804,WR,4,18,1,0,0,1,0,0,6,0.1667,0.1,0.0,0.0,0.2,4,35,8.75,0.1259,0,6,3
2026,PIT,00-0036252,M.Pittman,WR,1,targets,3,37,0.0811,1,16,0.0625,2,21,0.0952,-0.0327,WR,2,18,,,,,,,,,,,,,3,58,19.33,0.2079,0,9,4
2026,PIT,00-0036862,B.Skowronek,WR,1,targets,1,37,0.027,0,11,0.0,1,26,0.0385,-0.0385,WR,5,18,,,,,,,,,,,,,1,2,2.0,0.0072,0,11,5
2026,TEN,00-0035261,T.Pollard,RB,2,rush_attempts,21,37,0.5676,8,15,0.5333,13,22,0.5909,-0.0576,RB,1,18,5,3,1,4,0,0,16,0.3125,0.25,0.25,0.1111,0.3077,23,99,4.3,0.193,0,1,1
2026,TEN,00-0039032,T.Spears,RB,2,rush_attempts,10,37,0.2703,4,15,0.2667,6,22,0.2727,-0.0061,RB,2,18,1,0,0,1,0,0,16,0.0625,0.05,0.0,0.0,0.0769,14,94,6.71,0.1832,0,3,2
2026,TEN,00-0040886,N.Singleton,RB,1,rush_attempts,4,27,0.1481,1,14,0.0714,3,13,0.2308,-0.1593,RB,3,18,1,0,0,0,0,0,16,0.0625,0.05,0.0,0.0,0.0,4,10,2.5,0.0328,0,7,3
2026,DAL,00-0036358,C.Lamb,WR,2,targets,17,61,0.2787,7,23,0.3043,10,38,0.2632,0.0412,WR,1,18,3,2,2,2,2,2,19,0.1579,0.1304,0.1538,0.1818,0.1667,14,197,14.07,0.3345,3,2,1
2026,DAL,00-0037247,G.Pickens,WR,2,targets,14,61,0.2295,7,23,0.3043,7,38,0.1842,0.1201,WR,2,18,1,1,0,0,0,0,19,0.0526,0.0435,0.0769,0.0,0.0,9,68,7.56,0.1154,0,3,2
2026,DAL,00-0039410,R.Flournoy,WR,2,targets,10,61,0.1639,2,23,0.087,8,38,0.2105,-0.1236,WR,3,18,,,,,,,,,,,,,7,45,6.43,0.0764,0,4,3
2026,DAL,00-0039062,J.Mingo,WR,1,targets,1,30,0.0333,0,11,0.0,1,19,0.0526,-0.0526,WR,5,18,,,,,,,,,,,,,1,10,10.0,0.041,0,9,4
2026,DAL,00-0037801,K.Turpin,WR,2,targets,1,61,0.0164,0,23,0.0,1,38,0.0263,-0.0263,WR,4,18,1,0,0,0,0,0,19,0.0526,0.0435,0.0,0.0,0.0,2,9,4.5,0.0153,0,11,5
2026,IND,00-0036223,J.Taylor,RB,2,rush_attempts,43,49,0.8776,17,19,0.8947,26,30,0.8667,0.0281,RB,1,18,10,6,5,5,3,3,18,0.5556,0.4545,0.4615,0.5,0.4167,50,253,5.06,0.4238,4,1,1
2026,IND,00-0041125,S.McGowan,RB,2,rush_attempts,2,49,0.0408,0,19,0.0,2,30,0.0667,-0.0667,RB,2,18,,,,,,,,,,,,,3,0,0.0,0.0,0,7,2
2026,LV,00-0037304,C.Heyward,FB,2,rush_attempts,2,64,0.0313,2,23,0.087,0,41,0.0,0.087,FB,1,18,,,,,,,,,,,,,2,2,1.0,0.0033,0,10,1
2026,MIA,00-0037252,G.Dulcich,TE,2,targets,5,50,0.1,1,16,0.0625,4,34,0.1176,-0.0551,TE,1,18,1,0,0,0,0,0,14,0.0714,0.0556,0.0,0.0,0.0,4,35,8.75,0.059,0,4,1
2026,MIA,00-0041524,W.Kacmarek,TE,2,targets,2,50,0.04,1,16,0.0625,1,34,0.0294,0.0331,TE,2,18,,,,,,,,,,,,,1,4,4.0,0.0134,0,8,2
2026,NE,00-0038621,D.Douglas,WR,2,targets,9,52,0.1731,5,23,0.2174,4,29,0.1379,0.0795,WR,2,18,,,,,,,,,,,,,6,29,4.83,0.046,0,3,1
2026,NE,00-0037816,R.Doubs,WR,2,targets,7,52,0.1346,3,23,0.1304,4,29,0.1379,-0.0075,WR,1,18,,,,,,,,,,,,,3,96,32.0,0.2791,0,6,2
2026,NE,00-0033555,M.Hollins,WR,2,targets,7,52,0.1346,4,23,0.1739,3,29,0.1034,0.0705,WR,3,18,1,0,0,0,0,0,3,0.3333,0.1429,0.0,0.0,0.0,6,69,11.5,0.1094,0,7,3
2026,NE,00-0035676,A.Brown,WR,1,targets,4,31,0.129,3,17,0.1765,1,14,0.0714,0.105,WR,6,18,,,,,,,,,,,,,3,26,8.67,0.0906,0,8,4
2026,NE,00-0040131,K.Williams,WR,1,targets,2,21,0.0952,1,6,0.1667,1,15,0.0667,0.1,WR,4,18,,,,,,,,,,,,,1,10,10.0,0.0291,0,11,5
2026,NE,00-0040563,E.Chism,WR,1,targets,1,21,0.0476,1,6,0.1667,0,15,0.0,0.1667,WR,5,18,,,,,,,,,,,,,1,-2,-2.0,-0.0058,0,12,6
2026,PHI,00-0034351,D.Goedert,TE,2,targets,7,56,0.125,4,30,0.1333,3,26,0.1154,0.0179,TE,1,18,2,0,0,1,1,0,16,0.125,0.1,0.0,0.0,0.1,5,81,16.2,0.1171,2,6,1
2026,PHI,00-0033246,J.Mundt,TE,1,targets,3,34,0.0882,1,19,0.0526,2,15,0.1333,-0.0807,TE,2,18,,,,,,,,,,,,,2,8,4.0,0.0227,0,10,2
2026,ARI,00-0037744,T.McBride,TE,2,targets,23,63,0.3651,12,25,0.48,11,38,0.2895,0.1905,TE,1,18,6,4,2,3,2,2,18,0.3333,0.2727,0.3077,0.25,0.25,17,136,8.0,0.2437,2,1,1
2026,CIN,00-0038597,C.Brown,RB,2,rush_attempts,36,49,0.7347,14,20,0.7,22,29,0.7586,-0.0586,RB,1,18,7,3,3,2,1,1,18,0.3889,0.3182,0.3,0.3,0.25,44,160,3.64,0.2454,1,1,1
2026,CIN,00-0033526,S.Perine,RB,2,rush_attempts,7,49,0.1429,2,20,0.1,5,29,0.1724,-0.0724,RB,2,18,1,0,0,0,0,0,18,0.0556,0.0455,0.0,0.0,0.0,11,72,6.55,0.1104,0,4,2
2026,DEN,00-0033881,E.Engram,TE,2,targets,6,56,0.1071,1,22,0.0455,5,34,0.1471,-0.1016,TE,1,18,1,0,0,0,1,0,17,0.0588,0.0476,0.0,0.0,0.0,5,60,12.0,0.1027,1,7,1
2026,DEN,00-0038783,N.Adkins,TE,1,targets,3,29,0.1034,1,11,0.0909,2,18,0.1111,-0.0202,TE,3,18,1,1,0,1,1,0,17,0.0588,0.0476,0.0769,0.0,0.0667,4,38,9.5,0.0969,1,9,2
2026,DEN,00-0036422,A.Trautman,TE,1,targets,3,27,0.1111,0,11,0.0,3,16,0.1875,-0.1875,TE,2,18,,,,,,,,,,,,,2,10,5.0,0.0521,0,11,3
2026,MIN,00-0033293,A.Jones,RB,2,rush_attempts,35,58,0.6034,12,21,0.5714,23,37,0.6216,-0.0502,RB,1,18,4,1,1,1,1,1,15,0.2667,0.2105,0.1111,0.1429,0.1667,35,145,4.14,0.2788,1,1,1
2026,MIN,00-0037525,J.Mason,RB,1,rush_attempts,15,31,0.4839,5,12,0.4167,10,19,0.5263,-0.1096,RB,4,18,4,2,1,1,1,1,15,0.2667,0.2105,0.2222,0.1429,0.1667,15,59,3.93,0.2287,1,3,2
2026,MIN,00-0036425,D.Dallas,RB,2,rush_attempts,2,58,0.0345,0,21,0.0,2,37,0.0541,-0.0541,RB,2,18,,,,,,,,,,,,,4,21,5.25,0.0404,0,8,3
2026,MIN,00-0041104,D.Claiborne,RB,1,rush_attempts,0,27,0.0,0,9,0.0,0,18,0.0,0.0,RB,3,18,,,,,,,,,,,,,1,2,2.0,0.0076,0,11,4
2026,NYG,00-0039337,M.Nabers,WR,2,targets,13,61,0.2131,5,25,0.2,8,36,0.2222,-0.0222,WR,1,18,2,0,0,0,0,0,17,0.1176,0.0952,0.0,0.0,0.0,7,70,10.0,0.1211,0,3,1
2026,NYG,00-0041042,M.Fields,WR,2,targets,10,61,0.1639,4,25,0.16,6,36,0.1667,-0.0067,WR,2,18,,,,,,,,,,,,,4,55,13.75,0.0952,0,4,2
2026,NYG,00-0036309,D.Mooney,WR,2,targets,5,61,0.082,2,25,0.08,3,36,0.0833,-0.0033,WR,3,18,,,,,,,,,,,,,4,75,18.75,0.1298,0,7,3
2026,PIT,00-0036894,P.Freiermuth,TE,2,targets,10,74,0.1351,4,27,0.1481,6,47,0.1277,0.0205,TE,1,18,2,1,0,0,1,0,6,0.3333,0.2,0.1667,0.0,0.0,10,80,8.0,0.1436,1,5,1
2026,PIT,00-0038558,D.Washington,TE,2,targets,4,74,0.0541,1,27,0.037,3,47,0.0638,-0.0268,TE,2,18,,,,,,,,,,,,,3,25,8.33,0.0449,0,7,2
2026,SEA,00-0035704,D.Lock,QB,1,rush_attempts_qb,1,21,0.0476,1,7,0.1429,0,14,0.0,0.1429,QB,2,18,1,0,0,0,0,0,27,0.037,0.0323,0.0,0.0,0.0,2,13,6.5,0.0438,0,9,1
2026,SF,00-0041052,K.Black,RB,2,rush_attempts,21,52,0.4038,4,13,0.3077,17,39,0.4359,-0.1282,RB,2,18,2,0,0,0,0,0,22,0.0909,0.0769,0.0,0.0,0.0,22,95,4.32,0.1248,0,1,1
2026,SF,00-0033280,C.McCaffrey,RB,2,rush_attempts,20,52,0.3846,6,13,0.4615,14,39,0.359,0.1026,RB,1,18,8,5,4,5,2,2,22,0.3636,0.3077,0.2941,0.3333,0.3333,29,154,5.31,0.2024,2,2,2
2026,SF,00-0040177,J.James,RB,1,rush_attempts,4,24,0.1667,1,8,0.125,3,16,0.1875,-0.0625,RB,3,18,,,,,,,,,,,,,4,15,3.75,0.0393,0,7,3
2026,BAL,00-0034796,L.Jackson,QB,1,rush_attempts_qb,4,34,0.1176,2,11,0.1818,2,23,0.087,0.0949,QB,1,18,1,1,1,1,1,1,17,0.0588,0.0476,0.0714,0.1111,0.0625,11,74,6.73,0.0852,1,7,1
2026,CLE,00-0033537,D.Watson,QB,2,rush_attempts_qb,7,39,0.1795,4,15,0.2667,3,24,0.125,0.1417,QB,1,18,2,0,0,0,0,0,10,0.2,0.1429,0.0,0.0,0.0,13,60,4.62,0.1045,0,5,1
2026,DAL,00-0038041,J.Ferguson,TE,2,targets,6,61,0.0984,4,23,0.1739,2,38,0.0526,0.1213,TE,1,18,3,2,1,2,2,0,19,0.1579,0.1304,0.1538,0.0909,0.1667,6,49,8.17,0.0832,2,5,1
2026,DAL,00-0039530,B.Spann-Ford,TE,1,targets,2,30,0.0667,0,11,0.0,2,19,0.1053,-0.1053,TE,2,18,,,,,,,,,,,,,2,14,7.0,0.0574,0,8,2
2026,DAL,00-0038547,L.Schoonmaker,TE,1,targets,1,30,0.0333,0,11,0.0,1,19,0.0526,-0.0526,TE,3,18,,,,,,,,,,,,,1,12,12.0,0.0492,0,10,3
2026,DET,00-0039139,J.Gibbs,RB,2,rush_attempts,45,50,0.9,14,16,0.875,31,34,0.9118,-0.0368,RB,1,18,13,6,5,3,3,2,27,0.4815,0.4194,0.375,0.3846,0.25,56,299,5.34,0.3914,3,1,1
2026,DET,00-0039364,S.Vaki,RB,2,rush_attempts,3,50,0.06,1,16,0.0625,2,34,0.0588,0.0037,RB,2,18,1,0,0,1,0,0,27,0.037,0.0323,0.0,0.0,0.0833,5,38,7.6,0.0497,0,6,2
2026,GB,00-0039811,M.Lloyd,RB,2,rush_attempts,19,39,0.4872,3,9,0.3333,16,30,0.5333,-0.2,RB,1,18,5,3,0,3,1,0,18,0.2778,0.2273,0.2308,0.0,0.2308,21,63,3.0,0.0953,1,1,1
2026,GB,00-0038685,C.Brooks,RB,2,rush_attempts,11,39,0.2821,5,9,0.5556,6,30,0.2,0.3556,RB,2,18,4,2,0,2,0,0,18,0.2222,0.1818,0.1538,0.0,0.1538,12,55,4.58,0.0832,0,4,2
2026,GB,00-0040142,K.Johnson,RB,1,rush_attempts,8,18,0.4444,0,5,0.0,8,13,0.6154,-0.6154,RB,3,18,,,,,,,,,,,,,8,32,4.0,0.1538,0,7,3
2026,HOU,00-0035685,D.Montgomery,RB,2,rush_attempts,26,46,0.5652,10,17,0.5882,16,29,0.5517,0.0365,RB,1,18,7,5,3,5,3,1,15,0.4667,0.3684,0.5556,0.4286,0.5,31,103,3.32,0.127,3,1,1
2026,HOU,00-0040583,W.Marks,RB,2,rush_attempts,17,46,0.3696,6,17,0.3529,11,29,0.3793,-0.0264,RB,2,18,3,0,0,0,0,0,15,0.2,0.1579,0.0,0.0,0.0,23,75,3.26,0.0925,0,3,2
2026,KC,00-0033873,P.Mahomes,QB,1,rush_attempts_qb,3,34,0.0882,3,14,0.2143,0,20,0.0,0.2143,QB,1,18,5,1,0,2,1,0,25,0.2,0.1724,0.0714,0.0,0.1333,9,40,4.44,0.0426,1,7,1
2026,MIA,00-0039880,M.Washington,WR,2,targets,13,50,0.26,3,16,0.1875,10,34,0.2941,-0.1066,WR,1,18,1,0,0,0,0,0,14,0.0714,0.0556,0.0,0.0,0.0,8,100,12.5,0.1686,0,2,1
2026,MIA,00-0041523,C.Douglas,WR,2,targets,10,50,0.2,6,16,0.375,4,34,0.1176,0.2574,WR,2,18,1,0,0,0,0,0,14,0.0714,0.0556,0.0,0.0,0.0,7,113,16.14,0.1906,0,3,2
2026,MIA,00-0041525,C.Bell,WR,2,targets,3,50,0.06,0,16,0.0,3,34,0.0882,-0.0882,WR,3,18,,,,,,,,,,,,,1,25,25.0,0.085,0,6,3
2026,MIA,00-0041529,K.Coleman,WR,1,targets,2,27,0.0741,1,6,0.1667,1,21,0.0476,0.119,WR,4,18,,,,,,,,,,,,,,,,,,10,4
2026,MIA,00-0038824,R.Miller,WR,1,targets,1,23,0.0435,1,10,0.1,0,13,0.0,0.1,WR,6,18,,,,,,,,,,,,,1,77,77.0,0.2575,1,11,5
2026,NE,00-0033090,H.Henry,TE,2,targets,8,52,0.1538,2,23,0.087,6,29,0.2069,-0.1199,TE,1,18,1,0,0,1,0,0,3,0.3333,0.1429,0.0,0.0,0.1667,6,66,11.0,0.1046,0,5,1
2026,NE,00-0041395,E.Raridon,TE,2,targets,2,52,0.0385,1,23,0.0435,1,29,0.0345,0.009,TE,2,18,1,1,1,1,1,1,3,0.3333,0.1429,0.2,0.2,0.1667,2,32,16.0,0.0507,1,10,2
2026,PHI,00-0036912,D.Smith,WR,2,targets,19,56,0.3393,13,30,0.4333,6,26,0.2308,0.2026,WR,1,18,1,1,0,1,0,0,16,0.0625,0.05,0.1111,0.0,0.1,13,170,13.08,0.2457,1,1,1
2026,PHI,00-0038393,D.Wicks,WR,2,targets,10,56,0.1786,9,30,0.3,1,26,0.0385,0.2615,WR,2,18,2,1,0,0,1,0,16,0.125,0.1,0.1111,0.0,0.0,7,147,21.0,0.2124,1,4,2
2026,PHI,00-0040867,M.Lemon,WR,2,targets,5,56,0.0893,1,30,0.0333,4,26,0.1538,-0.1205,WR,3,18,,,,,,,,,,,,,5,4,0.8,0.0058,0,7,3
2026,PHI,00-0040024,D.Cooper,WR,1,targets,3,34,0.0882,1,19,0.0526,2,15,0.1333,-0.0807,WR,4,18,1,1,1,1,1,1,16,0.0625,0.05,0.1111,0.1667,0.1,2,26,13.0,0.0737,1,9,4
2026,PHI,00-0035662,M.Brown,WR,1,targets,0,34,0.0,0,19,0.0,0,15,0.0,0.0,WR,5,18,,,,,,,,,,,,,2,12,6.0,0.034,0,11,5
2026,TB,00-0039361,B.Irving,RB,2,rush_attempts,25,38,0.6579,7,11,0.6364,18,27,0.6667,-0.0303,RB,1,18,5,1,0,1,1,0,20,0.25,0.2083,0.125,0.0,0.125,36,183,5.08,0.2933,1,1,1
2026,TB,00-0036919,K.Gainwell,RB,2,rush_attempts,7,38,0.1842,3,11,0.2727,4,27,0.1481,0.1246,RB,2,18,2,0,0,0,0,0,20,0.1,0.0833,0.0,0.0,0.0,11,33,3.0,0.0529,0,6,2
2026,WAS,00-0040242,J.Croskey-Merritt,RB,2,rush_attempts,28,54,0.5185,5,20,0.25,23,34,0.6765,-0.4265,RB,1,18,2,1,1,1,1,1,24,0.0833,0.0714,0.0588,0.0833,0.0909,30,104,3.47,0.1518,1,1,1
2026,WAS,00-0037256,R.White,RB,2,rush_attempts,14,54,0.2593,8,20,0.4,6,34,0.1765,0.2235,RB,2,18,4,2,1,1,0,0,24,0.1667,0.1429,0.1176,0.0833,0.0909,22,110,5.0,0.1606,0,3,2
2026,WAS,00-0041096,K.Allen,RB,2,rush_attempts,9,54,0.1667,4,20,0.2,5,34,0.1471,0.0529,RB,3,18,3,1,1,1,0,0,24,0.125,0.1071,0.0588,0.0833,0.0909,9,40,4.44,0.0584,0,5,3
2026,BAL,00-0036550,R.Bateman,WR,2,targets,10,53,0.1887,3,20,0.15,7,33,0.2121,-0.0621,WR,2,18,1,0,0,0,0,0,17,0.0588,0.0476,0.0,0.0,0.0,7,88,12.57,0.2566,1,3,1
2026,BAL,00-0039064,Z.Flowers,WR,1,targets,6,24,0.25,1,9,0.1111,5,15,0.3333,-0.2222,WR,1,18,,,,,,,,,,,,,5,150,30.0,0.2852,1,5,2
2026,BAL,00-0032398,C.Moore,WR,2,targets,5,53,0.0943,4,20,0.2,1,33,0.0303,0.1697,WR,4,18,,,,,,,,,,,,,2,59,29.5,0.0679,0,6,3
2026,BAL,00-0040075,L.Wester,WR,2,targets,4,53,0.0755,0,20,0.0,4,33,0.1212,-0.1212,WR,6,18,,,,,,,,,,,,,3,29,9.67,0.0334,0,8,4
2026,BAL,00-0040870,J.Lane,WR,1,targets,3,24,0.125,3,9,0.3333,0,15,0.0,0.3333,WR,7,18,2,1,1,2,0,0,17,0.1176,0.0952,0.0714,0.1111,0.125,1,11,11.0,0.0209,0,9,5
2026,BAL,00-0039792,D.Walker,WR,1,targets,2,29,0.069,1,11,0.0909,1,18,0.0556,0.0354,WR,3,18,,,,,,,,,,,,,1,47,47.0,0.137,0,10,6
2026,BUF,00-0037248,J.Cook,RB,2,rush_attempts,34,51,0.6667,12,22,0.5455,22,29,0.7586,-0.2132,RB,1,18,8,4,2,3,1,1,20,0.4,0.3333,0.2857,0.1667,0.25,38,208,5.47,0.2388,1,1,1
2026,BUF,00-0039875,R.Davis,RB,1,rush_attempts,1,20,0.05,0,8,0.0,1,12,0.0833,-0.0833,RB,2,18,,,,,,,,,,,,,1,3,3.0,0.0071,0,9,2
2026,BUF,00-0039471,F.Gore,RB,1,rush_attempts,1,20,0.05,0,8,0.0,1,12,0.0833,-0.0833,RB,4,1,,,,,,,,,,,,,1,3,3.0,0.0071,0,10,3
2026,CHI,00-0036275,D.Swift,RB,2,rush_attempts,34,60,0.5667,12,21,0.5714,22,39,0.5641,0.0073,RB,1,18,9,6,4,5,2,2,25,0.36,0.3103,0.3333,0.4,0.4167,40,233,5.83,0.263,3,1,1
2026,CHI,00-0040236,K.Monangai,RB,2,rush_attempts,20,60,0.3333,5,21,0.2381,15,39,0.3846,-0.1465,RB,2,18,4,3,0,0,0,0,25,0.16,0.1379,0.1667,0.0,0.0,24,182,7.58,0.2054,1,2,2
2026,CLE,00-0041547,K.Concepcion,WR,2,targets,11,52,0.2115,3,15,0.2,8,37,0.2162,-0.0162,WR,2,18,2,0,0,0,0,0,10,0.2,0.1429,0.0,0.0,0.0,14,80,5.71,0.1394,0,2,1
2026,CLE,00-0041037,D.Boston,WR,2,targets,11,52,0.2115,5,15,0.3333,6,37,0.1622,0.1712,WR,1,18,2,1,0,0,0,0,10,0.2,0.1429,0.1667,0.0,0.0,7,154,22.0,0.2683,2,3,2
2026,CLE,00-0036407,J.Jeudy,WR,2,targets,5,52,0.0962,0,15,0.0,5,37,0.1351,-0.1351,WR,3,18,,,,,,,,,,,,,2,26,13.0,0.089,0,6,3
2026,CLE,00-0040782,I.Bond,WR,1,targets,1,30,0.0333,0,11,0.0,1,19,0.0526,-0.0526,WR,4,18,,,,,,,,,,,,,1,10,10.0,0.0355,0,9,4
2026,KC,00-0039894,X.Worthy,WR,2,targets,13,68,0.1912,6,32,0.1875,7,36,0.1944,-0.0069,WR,2,18,4,2,2,2,1,1,25,0.16,0.1379,0.1429,0.1667,0.1333,8,43,5.38,0.0458,1,3,1
2026,KC,00-0039067,R.Rice,WR,2,targets,8,68,0.1176,6,32,0.1875,2,36,0.0556,0.1319,WR,1,18,2,0,0,0,1,0,25,0.08,0.069,0.0,0.0,0.0,6,102,17.0,0.1087,1,5,2
2026,KC,00-0038104,T.Thornton,WR,2,targets,5,68,0.0735,4,32,0.125,1,36,0.0278,0.0972,WR,3,18,,,,,,,,,,,,,4,86,21.5,0.161,0,6,3
2026,KC,00-0040646,J.Royals,WR,1,targets,2,43,0.0465,1,20,0.05,1,23,0.0435,0.0065,WR,5,18,1,1,1,1,1,1,25,0.04,0.0345,0.0714,0.0833,0.0667,2,6,3.0,0.0112,1,9,4
2026,KC,00-0040890,C.Allen,WR,1,targets,1,25,0.04,1,12,0.0833,0,13,0.0,0.0833,WR,4,18,,,,,,,,,,,,,,,,,,10,5
2026,MIA,00-0038128,M.Willis,QB,2,rush_attempts_qb,2,41,0.0488,1,16,0.0625,1,25,0.04,0.0225,QB,1,18,1,0,0,0,1,0,14,0.0714,0.0556,0.0,0.0,0.0,8,45,5.63,0.0759,1,9,1
2026,PHI,00-0036389,J.Hurts,QB,2,rush_attempts_qb,5,50,0.1,5,16,0.3125,0,34,0.0,0.3125,QB,1,18,1,1,0,1,0,0,16,0.0625,0.05,0.1111,0.0,0.1,12,62,5.17,0.0896,0,8,1
2026,BAL,00-0034753,M.Andrews,TE,2,targets,13,53,0.2453,6,20,0.3,7,33,0.2121,0.0879,TE,1,18,1,0,0,1,0,0,17,0.0588,0.0476,0.0,0.0,0.0625,10,98,9.8,0.1128,0,2,1
2026,BAL,00-0034798,D.Smythe,TE,2,targets,2,53,0.0377,1,20,0.05,1,33,0.0303,0.0197,TE,2,18,1,1,0,1,0,0,17,0.0588,0.0476,0.0714,0.0,0.0625,1,4,4.0,0.0076,0,11,2
2026,BAL,00-0040879,M.Hibner,TE,1,targets,1,24,0.0417,0,9,0.0,1,15,0.0667,-0.0667,TE,3,18,,,,,,,,,,,,,1,13,13.0,0.0247,0,12,3
2026,CLE,00-0040663,H.Fannin,TE,2,targets,9,52,0.1731,4,15,0.2667,5,37,0.1351,0.1315,TE,1,18,,,,,,,,,,,,,7,75,10.71,0.1307,0,4,1
2026,CLE,00-0038710,B.Whiteheart,TE,2,targets,3,52,0.0577,1,15,0.0667,2,37,0.0541,0.0126,TE,2,18,1,0,0,0,1,0,10,0.1,0.0714,0.0,0.0,0.0,2,31,15.5,0.054,1,8,2
2026,DAL,00-0033077,D.Prescott,QB,1,rush_attempts_qb,1,18,0.0556,1,8,0.125,0,10,0.0,0.125,QB,1,18,1,0,0,0,0,0,19,0.0526,0.0435,0.0,0.0,0.0,6,40,6.67,0.0679,0,12,1
2026,KC,00-0030506,T.Kelce,TE,2,targets,16,68,0.2353,6,32,0.1875,10,36,0.2778,-0.0903,TE,1,18,1,0,0,0,1,0,25,0.04,0.0345,0.0,0.0,0.0,12,172,14.33,0.1834,1,2,1
2026,KC,00-0036637,N.Gray,TE,2,targets,2,68,0.0294,0,32,0.0,2,36,0.0556,-0.0556,TE,2,18,,,,,,,,,,,,,1,5,5.0,0.0124,0,8,2
2026,KC,00-0040081,J.Briningstool,TE,1,targets,1,25,0.04,0,12,0.0,1,13,0.0769,-0.0769,TE,3,18,,,,,,,,,,,,,1,9,9.0,0.0223,0,11,3
2026,LAC,00-0040666,O.Hampton,RB,2,rush_attempts,35,47,0.7447,10,15,0.6667,25,32,0.7813,-0.1146,RB,1,18,4,2,1,1,2,1,14,0.2857,0.2222,0.1538,0.1667,0.1,37,158,4.27,0.2594,2,1,1
2026,LAC,00-0038454,K.Mitchell,RB,2,rush_attempts,9,47,0.1915,3,15,0.2,6,32,0.1875,0.0125,RB,2,18,2,1,0,1,0,0,14,0.1429,0.1111,0.0769,0.0,0.1,10,48,4.8,0.0788,0,5,2
2026,NE,00-0039851,D.Maye,QB,2,rush_attempts_qb,3,51,0.0588,1,13,0.0769,2,38,0.0526,0.0243,QB,1,18,,,,,,,,,,,,,11,64,5.82,0.1014,0,9,1
2026,SF,00-0029892,K.Juszczyk,FB,1,rush_attempts,0,24,0.0,0,8,0.0,0,16,0.0,0.0,FB,1,18,1,1,0,0,1,0,22,0.0455,0.0385,0.0588,0.0,0.0,2,27,13.5,0.0707,1,12,1
2026,ARI,00-0033119,J.Brissett,QB,1,rush_attempts_qb,5,33,0.1515,3,10,0.3,2,23,0.087,0.213,QB,1,18,1,1,0,1,0,0,18,0.0556,0.0455,0.0769,0.0,0.0833,7,21,3.0,0.0376,0,6,1
2026,DEN,00-0039732,B.Nix,QB,2,rush_attempts_qb,7,42,0.1667,4,17,0.2353,3,25,0.12,0.1153,QB,1,18,4,0,0,1,0,0,17,0.2353,0.1905,0.0,0.0,0.0667,8,8,1.0,0.0137,0,5,1
2026,JAX,00-0040719,B.Tuten,RB,2,rush_attempts,28,56,0.5,4,17,0.2353,24,39,0.6154,-0.3801,RB,1,18,3,2,2,2,1,1,9,0.3333,0.2308,0.1818,0.2222,0.1818,31,150,4.84,0.229,1,1,1
2026,JAX,00-0038611,C.Rodriguez,RB,2,rush_attempts,12,56,0.2143,6,17,0.3529,6,39,0.1538,0.1991,RB,2,18,2,2,1,2,0,0,9,0.2222,0.1538,0.1818,0.1111,0.1818,12,36,3.0,0.055,0,3,2
2026,JAX,00-0032104,A.Abdullah,RB,2,rush_attempts,7,56,0.125,3,17,0.1765,4,39,0.1026,0.0739,RB,4,18,,,,,,,,,,,,,9,45,5.0,0.0687,0,5,3
2026,JAX,00-0040238,L.Allen,RB,1,rush_attempts,0,24,0.0,0,7,0.0,0,17,0.0,0.0,RB,3,18,1,1,1,1,0,0,9,0.1111,0.0769,0.0909,0.1111,0.0909,,,,,,13,4
2026,NE,00-0040568,L.Larison,RB,1,rush_attempts,0,25,0.0,0,5,0.0,0,20,0.0,0.0,,,,,,,,,,,,,,,,2,9,4.5,0.0314,0,14,1
2026,NO,00-0037239,C.Olave,WR,2,targets,23,85,0.2706,11,40,0.275,12,45,0.2667,0.0083,WR,1,18,1,0,0,0,0,0,22,0.0455,0.0385,0.0,0.0,0.0,18,268,14.89,0.3276,1,1,1
2026,NO,00-0039424,D.Vele,WR,2,targets,16,85,0.1882,8,40,0.2,8,45,0.1778,0.0222,WR,2,18,2,2,1,2,1,1,22,0.0909,0.0769,0.125,0.1111,0.1429,12,133,11.08,0.1626,1,3,2
2026,NO,00-0041067,B.Lance,WR,2,targets,6,85,0.0706,3,40,0.075,3,45,0.0667,0.0083,WR,3,18,1,1,1,0,0,0,22,0.0455,0.0385,0.0625,0.1111,0.0,4,50,12.5,0.0611,0,9,3
2026,NO,00-0037231,K.Austin,WR,1,targets,1,32,0.0313,1,15,0.0667,0,17,0.0,0.0667,WR,5,2,,,,,,,,,,,,,1,7,7.0,0.0221,0,11,4
2026,NO,00-0041099,B.Brown,WR,1,targets,0,53,0.0,0,25,0.0,0,28,0.0,0.0,WR,4,18,,,,,,,,,,,,,1,3,3.0,0.006,0,13,5
2026,NYJ,00-0039890,A.Mitchell,WR,2,targets,15,59,0.2542,6,25,0.24,9,34,0.2647,-0.0247,WR,2,18,1,0,0,0,0,0,14,0.0714,0.0556,0.0,0.0,0.0,9,123,13.67,0.1806,0,2,1
2026,NYJ,00-0037740,G.Wilson,WR,2,targets,14,59,0.2373,9,25,0.36,5,34,0.1471,0.2129,WR,1,18,1,1,1,1,1,1,14,0.0714,0.0556,0.1111,0.1111,0.125,11,136,12.36,0.1997,1,4,2
2026,NYJ,00-0039451,I.Williams,WR,2,targets,7,59,0.1186,3,25,0.12,4,34,0.1176,0.0024,WR,3,18,1,0,0,0,0,0,14,0.0714,0.0556,0.0,0.0,0.0,8,55,6.88,0.0808,0,5,3
2026,NYJ,00-0041511,O.Cooper,WR,1,targets,1,23,0.0435,1,7,0.1429,0,16,0.0,0.1429,WR,6,18,,,,,,,,,,,,,1,30,30.0,0.0817,0,10,4
2026,NYJ,00-0040582,A.Smith,WR,1,targets,1,23,0.0435,0,7,0.0,1,16,0.0625,-0.0625,WR,7,18,,,,,,,,,,,,,,,,,,11,5
2026,PIT,00-0023459,A.Rodgers,QB,1,rush_attempts_qb,3,21,0.1429,3,10,0.3,0,11,0.0,0.3,QB,1,18,,,,,,,,,,,,,4,2,0.5,0.0036,0,8,1
2026,SEA,00-0039793,A.Barner,TE,2,targets,3,50,0.06,0,21,0.0,3,29,0.1034,-0.1034,TE,1,18,1,1,1,1,1,1,27,0.037,0.0323,0.0588,0.0833,0.0667,4,22,5.5,0.0317,1,7,1
2026,SEA,00-0033576,E.Saubert,TE,1,targets,1,26,0.0385,1,12,0.0833,0,14,0.0,0.0833,TE,2,18,1,0,0,0,0,0,27,0.037,0.0323,0.0,0.0,0.0,1,-10,-10.0,-0.0252,0,8,2
2026,SEA,00-0040739,E.Arroyo,TE,1,targets,1,26,0.0385,0,12,0.0,1,14,0.0714,-0.0714,TE,3,18,,,,,,,,,,,,,1,17,17.0,0.0428,0,10,3
2026,ATL,00-0038542,Bi.Robinson,RB,2,rush_attempts,37,59,0.6271,6,9,0.6667,31,50,0.62,0.0467,RB,1,18,,,,,,,,,,,,,48,254,5.29,0.4496,1,1,1
2026,ATL,00-0037746,Br.Robinson,RB,2,rush_attempts,20,59,0.339,2,9,0.2222,18,50,0.36,-0.1378,RB,2,18,,,,,,,,,,,,,22,98,4.45,0.1735,0,2,2
2026,CAR,00-0036555,C.Hubbard,RB,2,rush_attempts,22,40,0.55,9,14,0.6429,13,26,0.5,0.1429,RB,1,18,8,7,3,5,3,3,30,0.2667,0.2353,0.3182,0.2727,0.25,27,151,5.59,0.1795,3,1,1
2026,CAR,00-0039344,J.Brooks,RB,2,rush_attempts,9,40,0.225,4,14,0.2857,5,26,0.1923,0.0934,RB,4,18,4,1,0,1,0,0,30,0.1333,0.1176,0.0455,0.0,0.05,11,73,6.64,0.0868,0,4,2
2026,CAR,00-0036265,A.Dillon,RB,2,rush_attempts,8,40,0.2,1,14,0.0714,7,26,0.2692,-0.1978,RB,2,18,,,,,,,,,,,,,8,25,3.13,0.0297,0,5,3
2026,LA,00-0037840,K.Williams,RB,2,rush_attempts,23,55,0.4182,8,19,0.4211,15,36,0.4167,0.0044,RB,1,18,7,5,2,4,2,1,16,0.4375,0.35,0.3571,0.2222,0.3333,28,162,5.79,0.2077,2,1,1
2026,LA,00-0039738,B.Corum,RB,2,rush_attempts,22,55,0.4,4,19,0.2105,18,36,0.5,-0.2895,RB,2,18,,,,,,,,,,,,,23,146,6.35,0.1872,0,2,2
2026,LA,00-0037557,R.Rivers,RB,1,rush_attempts,5,28,0.1786,4,12,0.3333,1,16,0.0625,0.2708,RB,3,18,2,0,0,0,0,0,16,0.125,0.1,0.0,0.0,0.0,6,24,4.0,0.0828,0,6,3
2026,LV,00-0040122,A.Jeanty,RB,2,rush_attempts,44,64,0.6875,14,23,0.6087,30,41,0.7317,-0.123,RB,1,18,13,4,4,5,2,0,22,0.5909,0.5,0.4,0.5,0.4545,54,210,3.89,0.35,2,1,1
2026,LV,00-0040878,M.Washington,RB,2,rush_attempts,10,64,0.1563,4,23,0.1739,6,41,0.1463,0.0276,RB,2,18,2,1,0,1,0,0,22,0.0909,0.0769,0.1,0.0,0.0909,10,48,4.8,0.08,0,4,2
2026,NO,00-0036040,J.Johnson,TE,2,targets,11,85,0.1294,11,40,0.275,0,45,0.0,0.275,TE,1,18,4,3,0,3,1,0,22,0.1818,0.1538,0.1875,0.0,0.2143,7,120,17.14,0.1467,1,4,1
2026,NO,00-0035644,N.Fant,TE,1,targets,8,53,0.1509,3,25,0.12,5,28,0.1786,-0.0586,TE,2,18,1,1,0,1,1,0,22,0.0455,0.0385,0.0625,0.0,0.0714,4,33,8.25,0.0659,1,8,2
2026,NO,00-0041041,O.Delp,TE,1,targets,1,32,0.0313,0,15,0.0,1,17,0.0588,-0.0588,TE,3,18,,,,,,,,,,,,,1,8,8.0,0.0252,0,12,3
2026,NYG,00-0040691,J.Dart,QB,1,rush_attempts_qb,9,35,0.2571,6,18,0.3333,3,17,0.1765,0.1569,QB,2,18,1,0,0,0,0,0,17,0.0588,0.0476,0.0,0.0,0.0,11,54,4.91,0.1367,0,5,1
2026,NYG,00-0031503,J.Winston,QB,1,rush_attempts_qb,2,21,0.0952,2,6,0.3333,0,15,0.0,0.3333,QB,1,18,,,,,,,,,,,,,2,1,0.5,0.0055,0,11,2
2026,NYJ,00-0041032,K.Sadiq,TE,2,targets,6,59,0.1017,2,25,0.08,4,34,0.1176,-0.0376,TE,1,18,1,1,1,1,1,1,14,0.0714,0.0556,0.1111,0.1111,0.125,6,41,6.83,0.0602,1,6,1
2026,NYJ,00-0037805,J.Ruckert,TE,2,targets,3,59,0.0508,1,25,0.04,2,34,0.0588,-0.0188,TE,3,18,1,0,0,0,0,0,14,0.0714,0.0556,0.0,0.0,0.0,3,9,3.0,0.0132,0,8,2
2026,NYJ,00-0040736,M.Taylor,TE,1,targets,3,23,0.1304,0,7,0.0,3,16,0.1875,-0.1875,TE,2,18,,,,,,,,,,,,,2,-2,-1.0,-0.0054,0,9,3
2026,SEA,00-0038543,J.Smith-Njigba,WR,2,targets,22,50,0.44,12,21,0.5714,10,29,0.3448,0.2266,WR,1,18,6,3,0,1,2,0,27,0.2222,0.1935,0.1765,0.0,0.0667,17,277,16.29,0.3991,4,3,1
2026,SEA,00-0037545,R.Shaheed,WR,2,targets,9,50,0.18,4,21,0.1905,5,29,0.1724,0.0181,WR,2,18,1,0,0,0,0,0,27,0.037,0.0323,0.0,0.0,0.0,5,43,8.6,0.062,0,5,2
2026,SEA,00-0033908,C.Kupp,WR,2,targets,5,50,0.1,2,21,0.0952,3,29,0.1034,-0.0082,WR,3,18,,,,,,,,,,,,,4,55,13.75,0.0793,0,6,3
2026,DAL,00-0036997,J.Williams,RB,2,rush_attempts,24,34,0.7059,10,15,0.6667,14,19,0.7368,-0.0702,RB,1,18,9,4,4,4,2,1,19,0.4737,0.3913,0.3077,0.3636,0.3333,32,122,3.81,0.2071,2,1,1
2026,DAL,00-0038705,E.Demercado,RB,2,rush_attempts,5,34,0.1471,1,15,0.0667,4,19,0.2105,-0.1439,RB,2,18,1,0,0,0,0,0,19,0.0526,0.0435,0.0,0.0,0.0,5,15,3.0,0.0255,0,6,2
2026,DET,00-0039065,S.LaPorta,TE,2,targets,15,77,0.1948,7,31,0.2258,8,46,0.1739,0.0519,TE,1,18,4,3,2,2,1,1,27,0.1481,0.129,0.1875,0.1538,0.1667,11,100,9.09,0.1309,1,3,1
2026,DET,00-0036754,B.Wright,TE,1,targets,1,39,0.0256,0,16,0.0,1,23,0.0435,-0.0435,TE,2,18,,,,,,,,,,,,,1,5,5.0,0.0135,0,8,2
2026,GB,00-0038996,T.Kraft,TE,2,targets,9,69,0.1304,0,28,0.0,9,41,0.2195,-0.2195,TE,1,18,,,,,,,,,,,,,5,80,16.0,0.121,0,5,1
2026,GB,00-0033858,J.Smith,TE,1,targets,3,40,0.075,1,15,0.0667,2,25,0.08,-0.0133,TE,2,18,,,,,,,,,,,,,2,50,25.0,0.1104,0,9,2
2026,HOU,00-0034383,D.Schultz,TE,2,targets,22,87,0.2529,9,37,0.2432,13,50,0.26,-0.0168,TE,1,18,,,,,,,,,,,,,16,175,10.94,0.2158,0,2,1
2026,HOU,00-0034981,F.Moreau,TE,2,targets,4,87,0.046,0,37,0.0,4,50,0.08,-0.08,TE,2,18,,,,,,,,,,,,,4,49,12.25,0.0604,0,9,2
2026,HOU,00-0041472,M.Klein,TE,1,targets,1,37,0.027,0,18,0.0,1,19,0.0526,-0.0526,TE,3,18,,,,,,,,,,,,,1,16,16.0,0.0402,0,12,3
2026,HOU,00-0039359,C.Stover,TE,1,targets,1,37,0.027,0,18,0.0,1,19,0.0526,-0.0526,TE,4,18,,,,,,,,,,,,,1,-2,-2.0,-0.005,0,10,4
2026,IND,00-0038997,J.Downs,WR,2,targets,13,59,0.2203,6,22,0.2727,7,37,0.1892,0.0835,WR,1,18,2,0,0,0,0,0,18,0.1111,0.0909,0.0,0.0,0.0,9,109,12.11,0.1826,0,2,1
2026,IND,00-0030279,K.Allen,WR,2,targets,11,59,0.1864,5,22,0.2273,6,37,0.1622,0.0651,WR,2,18,1,1,0,1,0,0,18,0.0556,0.0455,0.0769,0.0,0.0833,7,37,5.29,0.062,0,4,2
2026,IND,00-0037664,A.Pierce,WR,2,targets,7,59,0.1186,3,22,0.1364,4,37,0.1081,0.0283,WR,7,18,1,0,0,0,0,0,18,0.0556,0.0455,0.0,0.0,0.0,5,72,14.4,0.1206,0,5,3
2026,IND,00-0032951,L.Treadwell,WR,2,targets,4,59,0.0678,0,22,0.0,4,37,0.1081,-0.1081,WR,4,18,,,,,,,,,,,,,3,61,20.33,0.1854,0,6,4
2026,IND,00-0035021,A.Dulin,WR,1,targets,1,29,0.0345,0,10,0.0,1,19,0.0526,-0.0526,WR,5,18,,,,,,,,,,,,,,,,,,10,5
2026,IND,00-0041132,D.Burks,WR,1,targets,0,30,0.0,0,12,0.0,0,18,0.0,0.0,WR,6,18,,,,,,,,,,,,,2,14,7.0,0.0426,0,11,6
2026,LAC,00-0036355,J.Herbert,QB,1,rush_attempts_qb,2,31,0.0645,2,9,0.2222,0,22,0.0,0.2222,QB,1,18,4,3,1,2,0,0,14,0.2857,0.2222,0.2308,0.1667,0.2,8,31,3.88,0.0509,0,11,1
2026,NE,00-0036875,R.Stevenson,RB,2,rush_attempts,24,51,0.4706,6,13,0.4615,18,38,0.4737,-0.0121,RB,1,18,,,,,,,,,,,,,30,141,4.7,0.2235,0,1,1
2026,NE,00-0040734,T.Henderson,RB,1,rush_attempts,16,26,0.6154,5,8,0.625,11,18,0.6111,0.0139,RB,2,18,,,,,,,,,,,,,16,76,4.75,0.2209,1,2,2
2026,NE,00-0040556,C.Kiner,RB,2,rush_attempts,8,51,0.1569,1,13,0.0769,7,38,0.1842,-0.1073,RB,3,18,,,,,,,,,,,,,8,11,1.38,0.0174,0,4,3
2026,SEA,00-0038488,B.Russell,RB,1,rush_attempts,0,21,0.0,0,7,0.0,0,14,0.0,0.0,FB,1,18,,,,,,,,,,,,,2,20,10.0,0.0673,0,11,1
2026,TB,00-0038129,C.Otton,TE,2,targets,11,60,0.1833,4,27,0.1481,7,33,0.2121,-0.064,TE,1,18,2,0,0,0,0,0,20,0.1,0.0833,0.0,0.0,0.0,8,64,8.0,0.1026,0,2,1
2026,WAS,00-0036628,J.Bates,TE,1,targets,4,30,0.1333,2,16,0.125,2,14,0.1429,-0.0179,TE,3,18,2,2,1,0,0,0,24,0.0833,0.0714,0.1176,0.0833,0.0,2,13,6.5,0.0439,0,8,1
2026,WAS,00-0037809,C.Okonkwo,TE,1,targets,3,30,0.1,0,16,0.0,3,14,0.2143,-0.2143,TE,1,18,,,,,,,,,,,,,2,16,8.0,0.0541,0,9,2
2026,WAS,00-0039912,B.Sinnott,TE,1,targets,1,34,0.0294,0,15,0.0,1,19,0.0526,-0.0526,TE,2,18,,,,,,,,,,,,,1,6,6.0,0.0154,0,11,3
2026,WAS,00-0039686,C.Yankoff,TE,1,targets,1,34,0.0294,0,15,0.0,1,19,0.0526,-0.0526,TE,4,18,,,,,,,,,,,,,1,14,14.0,0.036,0,12,4
2026,ARI,00-0037263,T.Allgeier,RB,2,rush_attempts,22,49,0.449,6,15,0.4,16,34,0.4706,-0.0706,RB,2,18,4,1,1,1,0,0,18,0.2222,0.1818,0.0769,0.125,0.0833,26,89,3.42,0.1595,0,2,1
2026,ARI,00-0041027,J.Love,RB,2,rush_attempts,20,49,0.4082,6,15,0.4,14,34,0.4118,-0.0118,RB,1,18,6,3,1,3,1,1,18,0.3333,0.2727,0.2308,0.125,0.25,25,95,3.8,0.1703,1,3,2
2026,ARI,00-0037157,Z.Knight,RB,1,rush_attempts,2,16,0.125,0,5,0.0,2,11,0.1818,-0.1818,RB,3,18,,,,,,,,,,,,,2,24,12.0,0.1455,0,8,3
2026,CIN,00-0034829,M.Gesicki,TE,1,targets,7,34,0.2059,3,14,0.2143,4,20,0.2,0.0143,TE,1,18,2,2,2,1,1,1,18,0.1111,0.0909,0.2,0.2,0.125,5,78,15.6,0.2167,1,5,1
2026,CIN,00-0035631,D.Sample,TE,1,targets,3,34,0.0882,1,14,0.0714,2,20,0.1,-0.0286,TE,2,18,1,0,0,0,0,0,18,0.0556,0.0455,0.0,0.0,0.0,3,19,6.33,0.0528,0,9,2
2026,CIN,00-0039814,E.All,TE,1,targets,3,31,0.0968,0,11,0.0,3,20,0.15,-0.15,TE,3,18,,,,,,,,,,,,,2,5,2.5,0.0171,0,8,3
2026,CIN,00-0034613,T.Hudson,TE,1,targets,1,34,0.0294,0,14,0.0,1,20,0.05,-0.05,TE,5,1,,,,,,,,,,,,,1,4,4.0,0.0111,0,12,4
2026,DEN,00-0036158,J.Dobbins,RB,2,rush_attempts,18,42,0.4286,3,17,0.1765,15,25,0.6,-0.4235,RB,1,18,3,3,3,3,0,0,17,0.1765,0.1429,0.2308,0.375,0.2,18,72,4.0,0.1233,0,1,1
2026,DEN,00-0041496,J.Coleman,RB,1,rush_attempts,10,28,0.3571,9,16,0.5625,1,12,0.0833,0.4792,RB,3,18,3,2,1,2,1,1,17,0.1765,0.1429,0.1538,0.125,0.1333,13,58,4.46,0.148,1,3,2
2026,DEN,00-0040730,R.Harvey,RB,1,rush_attempts,3,14,0.2143,1,1,1.0,2,13,0.1538,0.8462,RB,2,18,,,,,,,,,,,,,7,41,5.86,0.2135,0,10,3
2026,DEN,00-0037085,T.Badie,RB,1,rush_attempts,1,28,0.0357,0,16,0.0,1,12,0.0833,-0.0833,RB,4,18,1,1,0,1,0,0,17,0.0588,0.0476,0.0769,0.0,0.0667,3,29,9.67,0.074,0,12,4
2026,JAX,00-0036971,T.Lawrence,QB,2,rush_attempts_qb,4,56,0.0714,2,17,0.1176,2,39,0.0513,0.0664,QB,1,18,,,,,,,,,,,,,4,9,2.25,0.0137,0,7,1
2026,JAX,00-0033319,N.Mullens,QB,1,rush_attempts_qb,3,32,0.0938,1,10,0.1,2,22,0.0909,0.0091,QB,2,2,,,,,,,,,,,,,3,-3,-1.0,-0.0081,0,9,2
2026,MIN,00-0035229,T.Hockenson,TE,2,targets,9,43,0.2093,7,24,0.2917,2,19,0.1053,0.1864,TE,1,18,2,0,0,0,1,0,15,0.1333,0.1053,0.0,0.0,0.0,7,65,9.29,0.125,1,4,1
2026,MIN,00-0035249,J.Oliver,TE,2,targets,5,43,0.1163,0,24,0.0,5,19,0.2632,-0.2632,TE,2,18,,,,,,,,,,,,,3,46,15.33,0.0885,0,7,2
2026,PIT,00-0037228,J.Warren,RB,2,rush_attempts,21,42,0.5,5,14,0.3571,16,28,0.5714,-0.2143,RB,1,18,2,1,0,0,0,0,6,0.3333,0.2,0.1667,0.0,0.0,28,150,5.36,0.2693,0,1,1
2026,PIT,00-0036139,R.Dowdle,RB,2,rush_attempts,15,42,0.3571,5,14,0.3571,10,28,0.3571,0.0,RB,2,18,1,0,0,0,0,0,6,0.1667,0.1,0.0,0.0,0.0,19,65,3.42,0.1167,0,3,2
2026,PIT,00-0035594,T.Homer,RB,1,rush_attempts,2,21,0.0952,0,4,0.0,2,17,0.1176,-0.1176,RB,4,2,,,,,,,,,,,,,2,16,8.0,0.0576,0,10,3
2026,SF,00-0033288,G.Kittle,TE,2,targets,9,55,0.1636,3,24,0.125,6,31,0.1935,-0.0685,TE,1,18,3,2,0,1,1,0,22,0.1364,0.1154,0.1176,0.0,0.0667,6,92,15.33,0.1209,1,5,1
2026,SF,00-0036887,L.Farrell,TE,1,targets,2,34,0.0588,0,16,0.0,2,18,0.1111,-0.1111,TE,2,18,,,,,,,,,,,,,2,19,9.5,0.0501,0,9,2
2026,TEN,00-0041438,C.Tate,WR,2,targets,11,45,0.2444,7,21,0.3333,4,24,0.1667,0.1667,WR,1,18,,,,,,,,,,,,,7,65,9.29,0.1267,0,2,1
2026,TEN,00-0038117,W.Robinson,WR,2,targets,7,45,0.1556,2,21,0.0952,5,24,0.2083,-0.1131,WR,2,18,,,,,,,,,,,,,6,47,7.83,0.0916,0,5,2
2026,TEN,00-0040170,E.Ayomanor,WR,2,targets,6,45,0.1333,6,21,0.2857,0,24,0.0,0.2857,WR,4,18,3,1,1,1,1,0,16,0.1875,0.15,0.0833,0.1111,0.0769,3,80,26.67,0.1559,1,6,3
2026,TEN,00-0034837,C.Ridley,WR,1,targets,2,17,0.1176,0,10,0.0,2,7,0.2857,-0.2857,WR,3,18,,,,,,,,,,,,,2,35,17.5,0.1148,0,10,4
2026,TEN,00-0040705,C.Dike,WR,1,targets,1,28,0.0357,0,11,0.0,1,17,0.0588,-0.0588,WR,5,18,,,,,,,,,,,,,1,7,7.0,0.0337,0,11,5
2026,CAR,00-0038102,K.Pickett,QB,1,rush_attempts_qb,1,21,0.0476,0,10,0.0,1,11,0.0909,-0.0909,QB,2,18,,,,,,,,,,,,,2,20,10.0,0.0238,0,10,1
2026,CIN,00-0036410,T.Higgins,WR,2,targets,16,65,0.2462,7,25,0.28,9,40,0.225,0.055,WR,2,18,,,,,,,,,,,,,8,154,19.25,0.2362,0,2,1
2026,CIN,00-0036900,J.Chase,WR,2,targets,13,65,0.2,4,25,0.16,9,40,0.225,-0.065,WR,1,18,2,0,0,0,1,0,18,0.1111,0.0909,0.0,0.0,0.0,9,87,9.67,0.1334,2,3,2
2026,CIN,00-0038619,A.Iosivas,WR,2,targets,4,65,0.0615,3,25,0.12,1,40,0.025,0.095,WR,6,18,1,1,1,1,0,0,18,0.0556,0.0455,0.1,0.1,0.125,3,19,6.33,0.0291,0,7,3
2026,CIN,00-0040785,D.Meyers,WR,2,targets,2,65,0.0308,1,25,0.04,1,40,0.025,0.015,WR,4,18,,,,,,,,,,,,,2,28,14.0,0.0778,0,10,4
2026,CIN,00-0041069,C.Young,WR,1,targets,1,31,0.0323,0,11,0.0,1,20,0.05,-0.05,WR,3,18,,,,,,,,,,,,,1,7,7.0,0.024,0,11,5
2026,LA,00-0026498,M.Stafford,QB,2,rush_attempts_qb,5,55,0.0909,3,19,0.1579,2,36,0.0556,0.1023,QB,1,18,2,1,1,1,0,0,16,0.125,0.1,0.0714,0.1111,0.0833,6,-2,-0.33,-0.0026,0,7,1
2026,LV,00-0029604,K.Cousins,QB,2,rush_attempts_qb,7,64,0.1094,3,23,0.1304,4,41,0.0976,0.0329,QB,1,18,,,,,,,,,,,,,9,-5,-0.56,-0.0083,0,6,1
2026,MIN,00-0036322,J.Jefferson,WR,2,targets,16,43,0.3721,10,24,0.4167,6,19,0.3158,0.1009,WR,1,18,4,2,1,0,1,0,15,0.2667,0.2105,0.2222,0.1429,0.0,11,147,13.36,0.2827,2,2,1
2026,MIN,00-0038994,J.Addison,WR,2,targets,7,43,0.1628,4,24,0.1667,3,19,0.1579,0.0088,WR,2,18,1,0,0,0,0,0,15,0.0667,0.0526,0.0,0.0,0.0,2,21,10.5,0.0802,0,5,2
2026,MIN,00-0036259,J.Jennings,WR,1,targets,1,24,0.0417,0,13,0.0,1,11,0.0909,-0.0909,WR,3,18,,,,,,,,,,,,,,,,,,9,3
2026,MIN,00-0040506,M.Price,WR,1,targets,1,19,0.0526,0,11,0.0,1,8,0.125,-0.125,WR,5,18,,,,,,,,,,,,,,,,,,10,4
2026,NYG,00-0040715,C.Skattebo,RB,2,rush_attempts,30,56,0.5357,13,24,0.5417,17,32,0.5313,0.0104,RB,1,18,5,3,2,2,1,1,17,0.2941,0.2381,0.2727,0.25,0.2857,34,136,4.0,0.2353,1,1,1
2026,NYG,00-0035250,D.Singletary,RB,2,rush_attempts,9,56,0.1607,1,24,0.0417,8,32,0.25,-0.2083,RB,2,18,3,1,0,0,1,0,17,0.1765,0.1429,0.0909,0.0,0.0,13,47,3.62,0.0813,1,6,2
2026,NYG,00-0036893,N.Harris,RB,1,rush_attempts,4,21,0.1905,2,6,0.3333,2,15,0.1333,0.2,RB,3,18,2,2,1,0,0,0,17,0.1176,0.0952,0.1818,0.125,0.0,4,6,1.5,0.0328,0,9,3
2026,NYG,00-0039384,T.Tracy,RB,1,rush_attempts,2,35,0.0571,0,18,0.0,2,17,0.1176,-0.1176,RB,4,18,,,,,,,,,,,,,2,14,7.0,0.0354,0,10,4
2026,SF,00-0035719,D.Samuel,WR,2,targets,11,55,0.2,5,24,0.2083,6,31,0.1935,0.0148,WR,2,18,3,2,1,2,1,0,22,0.1364,0.1154,0.1176,0.0833,0.1333,11,95,8.64,0.1248,1,3,1
2026,SF,00-0031408,M.Evans,WR,2,targets,10,55,0.1818,7,24,0.2917,3,31,0.0968,0.1949,WR,1,18,2,1,1,1,1,1,22,0.0909,0.0769,0.0588,0.0833,0.0667,9,103,11.44,0.1353,1,4,2
2026,SF,00-0032775,D.Robinson,WR,2,targets,6,55,0.1091,2,24,0.0833,4,31,0.129,-0.0457,WR,3,18,2,1,1,1,0,0,22,0.0909,0.0769,0.0588,0.0833,0.0667,5,84,16.8,0.1104,1,6,3
2026,SF,00-0034854,K.Hodge,WR,1,targets,1,21,0.0476,0,8,0.0,1,13,0.0769,-0.0769,WR,6,18,,,,,,,,,,,,,1,18,18.0,0.0471,0,11,4
2026,TEN,00-0040584,G.Helm,TE,2,targets,7,45,0.1556,4,21,0.1905,3,24,0.125,0.0655,TE,1,18,2,0,0,0,0,0,16,0.125,0.1,0.0,0.0,0.0,6,41,6.83,0.0799,0,4,1
2026,TEN,00-0038115,D.Bellinger,TE,2,targets,2,45,0.0444,1,21,0.0476,1,24,0.0417,0.006,TE,2,18,,,,,,,,,,,,,1,7,7.0,0.0337,0,8,2
2026,BUF,00-0034857,J.Allen,QB,2,rush_attempts_qb,14,51,0.2745,10,22,0.4545,4,29,0.1379,0.3166,QB,1,18,5,3,3,3,3,3,20,0.25,0.2083,0.2143,0.25,0.25,20,92,4.6,0.1056,4,3,1
2026,CHI,00-0039918,C.Williams,QB,2,rush_attempts_qb,5,60,0.0833,4,21,0.1905,1,39,0.0256,0.1648,QB,1,18,4,3,1,2,1,0,25,0.16,0.1379,0.1667,0.1,0.1667,15,107,7.13,0.1208,2,7,1
2026,DET,00-0036963,A.St. Brown,WR,2,targets,27,77,0.3506,16,31,0.5161,11,46,0.2391,0.277,WR,1,18,6,3,2,2,3,2,27,0.2222,0.1935,0.1875,0.1538,0.1667,19,209,11.0,0.2736,4,2,1
2026,DET,00-0037240,J.Williams,WR,2,targets,13,77,0.1688,3,31,0.0968,10,46,0.2174,-0.1206,WR,2,18,1,0,0,0,0,0,27,0.037,0.0323,0.0,0.0,0.0,6,78,13.0,0.1021,0,4,2
2026,DET,00-0040669,I.TeSlaa,WR,2,targets,6,77,0.0779,2,31,0.0645,4,46,0.087,-0.0224,WR,3,18,1,0,0,0,0,0,27,0.037,0.0323,0.0,0.0,0.0,2,26,13.0,0.0662,0,5,3
2026,GB,00-0038124,C.Watson,WR,2,targets,19,69,0.2754,10,28,0.3571,9,41,0.2195,0.1376,WR,1,18,3,2,2,2,2,2,18,0.1667,0.1364,0.1538,0.3333,0.1538,10,188,18.8,0.2844,3,2,1
2026,GB,00-0040667,M.Golden,WR,2,targets,18,69,0.2609,9,28,0.3214,9,41,0.2195,0.1019,WR,3,18,3,1,0,1,0,0,18,0.1667,0.1364,0.0769,0.0,0.0769,10,153,15.3,0.2315,0,3,2
2026,GB,00-0039146,J.Reed,WR,2,targets,8,69,0.1159,3,28,0.1071,5,41,0.122,-0.0148,WR,2,18,1,1,0,1,0,0,18,0.0556,0.0455,0.0769,0.0,0.0769,4,24,6.0,0.0363,0,6,3
2026,GB,00-0038090,S.Moore,WR,2,targets,4,69,0.058,2,28,0.0714,2,41,0.0488,0.0226,WR,4,18,1,0,0,0,0,0,18,0.0556,0.0455,0.0,0.0,0.0,2,6,3.0,0.0288,0,8,4
2026,GB,00-0037091,B.Melton,WR,2,targets,2,69,0.029,1,28,0.0357,1,41,0.0244,0.0113,WR,5,18,,,,,,,,,,,,,1,10,10.0,0.0221,0,10,5
2026,HOU,00-0038618,X.Hutchinson,WR,2,targets,15,87,0.1724,6,37,0.1622,9,50,0.18,-0.0178,WR,2,18,1,0,0,0,0,0,15,0.0667,0.0526,0.0,0.0,0.0,6,69,11.5,0.0851,0,4,1
2026,HOU,00-0036554,N.Collins,WR,1,targets,10,37,0.2703,5,18,0.2778,5,19,0.2632,0.0146,WR,1,18,2,0,0,1,1,0,15,0.1333,0.1053,0.0,0.0,0.1,8,82,10.25,0.206,1,5,2
2026,HOU,00-0038728,J.Wayne,WR,2,targets,8,87,0.092,5,37,0.1351,3,50,0.06,0.0751,WR,5,18,1,0,0,0,0,0,15,0.0667,0.0526,0.0,0.0,0.0,3,45,15.0,0.0555,0,6,3
2026,HOU,00-0038608,K.Boutte,WR,2,targets,7,87,0.0805,3,37,0.0811,4,50,0.08,0.0011,WR,3,18,1,0,0,0,0,0,15,0.0667,0.0526,0.0,0.0,0.0,4,58,14.5,0.0715,0,8,4
2026,HOU,00-0040138,J.Noel,WR,2,targets,7,87,0.0805,2,37,0.0541,5,50,0.1,-0.0459,WR,4,18,,,,,,,,,,,,,4,97,24.25,0.1196,0,7,5
2026,IND,00-0040128,T.Warren,TE,2,targets,12,59,0.2034,5,22,0.2273,7,37,0.1892,0.0381,TE,1,18,3,2,1,2,2,1,18,0.1667,0.1364,0.1538,0.1,0.1667,10,37,3.7,0.062,2,3,1
2026,IND,00-0037292,A.Ogletree,TE,2,targets,2,59,0.0339,0,22,0.0,2,37,0.0541,-0.0541,TE,3,18,,,,,,,,,,,,,,,,,,8,2
2026,MIA,00-0039040,D.Achane,RB,2,rush_attempts,31,41,0.7561,10,16,0.625,21,25,0.84,-0.215,RB,1,18,7,3,1,4,0,0,14,0.5,0.3889,0.375,0.2,0.5,38,159,4.18,0.2681,0,1,1
2026,MIA,00-0040198,O.Gordon,RB,1,rush_attempts,3,28,0.1071,1,12,0.0833,2,16,0.125,-0.0417,RB,3,18,1,0,0,0,0,0,14,0.0714,0.0556,0.0,0.0,0.0,3,7,2.33,0.0234,0,7,2
2026,MIA,00-0039874,J.Wright,RB,2,rush_attempts,3,41,0.0732,2,16,0.125,1,25,0.04,0.085,RB,2,18,2,1,0,0,0,0,14,0.1429,0.1111,0.125,0.0,0.0,3,10,3.33,0.0169,0,5,3
2026,PHI,00-0034844,S.Barkley,RB,2,rush_attempts,19,50,0.38,3,16,0.1875,16,34,0.4706,-0.2831,RB,1,18,2,0,0,2,0,0,16,0.125,0.1,0.0,0.0,0.2,21,100,4.76,0.1445,0,2,1
2026,PHI,00-0038555,T.Bigsby,RB,2,rush_attempts,14,50,0.28,3,16,0.1875,11,34,0.3235,-0.136,RB,2,18,3,1,1,0,1,1,16,0.1875,0.15,0.1111,0.1667,0.0,16,41,2.56,0.0592,1,3,2
2026,PHI,00-0039746,W.Shipley,RB,2,rush_attempts,9,50,0.18,5,16,0.3125,4,34,0.1176,0.1949,RB,3,18,4,0,0,0,0,0,16,0.25,0.2,0.0,0.0,0.0,12,41,3.42,0.0592,0,5,3
2026,TB,00-0040129,E.Egbuka,WR,2,targets,11,60,0.1833,4,27,0.1481,7,33,0.2121,-0.064,WR,1,18,2,1,1,1,1,1,20,0.1,0.0833,0.125,0.2,0.125,9,76,8.44,0.1218,1,3,1
2026,TB,00-0041048,T.Hurst,WR,2,targets,10,60,0.1667,6,27,0.2222,4,33,0.1212,0.101,WR,4,18,2,0,0,0,0,0,20,0.1,0.0833,0.0,0.0,0.0,5,63,12.6,0.101,0,4,2
2026,TB,00-0033921,C.Godwin,WR,2,targets,7,60,0.1167,3,27,0.1111,4,33,0.1212,-0.0101,WR,2,18,,,,,,,,,,,,,9,101,11.22,0.1619,0,5,3
2026,TB,00-0040237,T.Johnson,WR,2,targets,5,60,0.0833,3,27,0.1111,2,33,0.0606,0.0505,WR,5,18,2,1,0,1,0,0,20,0.1,0.0833,0.125,0.0,0.125,2,45,22.5,0.0721,0,7,4
2026,WAS,00-0031588,S.Diggs,WR,2,targets,15,64,0.2344,10,31,0.3226,5,33,0.1515,0.1711,WR,2,18,4,2,1,1,3,1,24,0.1667,0.1429,0.1176,0.0833,0.0909,9,102,11.33,0.1489,3,2,1
2026,WAS,00-0035659,T.McLaurin,WR,2,targets,13,64,0.2031,5,31,0.1613,8,33,0.2424,-0.0811,WR,1,18,2,2,1,1,0,0,24,0.0833,0.0714,0.1176,0.0833,0.0909,4,64,16.0,0.0934,0,4,2
2026,WAS,00-0036626,D.Brown,WR,2,targets,8,64,0.125,3,31,0.0968,5,33,0.1515,-0.0547,WR,4,18,1,1,1,1,0,0,24,0.0417,0.0357,0.0588,0.0833,0.0909,4,21,5.25,0.054,0,6,3
2026,WAS,00-0041040,A.Williams,WR,2,targets,7,64,0.1094,3,31,0.0968,4,33,0.1212,-0.0244,WR,3,18,2,1,1,1,1,1,24,0.0833,0.0714,0.0588,0.0833,0.0909,7,88,12.57,0.1285,1,7,4
2026,WAS,00-0037742,T.Burks,WR,1,targets,1,34,0.0294,1,15,0.0667,0,19,0.0,0.0667,WR,5,18,,,,,,,,,,,,,,,,,,14,5
2026,WAS,00-0040164,J.Lane,WR,1,targets,1,30,0.0333,1,16,0.0625,0,14,0.0,0.0625,WR,6,18,,,,,,,,,,,,,1,4,4.0,0.0135,0,13,6
2026,BAL,00-0032764,D.Henry,RB,2,rush_attempts,40,52,0.7692,13,18,0.7222,27,34,0.7941,-0.0719,RB,1,18,11,7,3,7,3,3,17,0.6471,0.5238,0.5,0.3333,0.4375,44,250,5.68,0.2877,4,1,1
2026,BAL,00-0034975,J.Hill,RB,2,rush_attempts,8,52,0.1538,3,18,0.1667,5,34,0.1471,0.0196,RB,2,18,,,,,,,,,,,,,11,46,4.18,0.0529,0,4,2
2026,BUF,00-0037261,K.Shakir,WR,2,targets,12,57,0.2105,5,27,0.1852,7,30,0.2333,-0.0481,WR,2,18,3,1,1,1,0,0,20,0.15,0.125,0.0714,0.0833,0.0833,7,88,12.57,0.101,0,4,1
2026,BUF,00-0034827,D.Moore,WR,2,targets,8,57,0.1404,3,27,0.1111,5,30,0.1667,-0.0556,WR,1,18,,,,,,,,,,,,,6,99,16.5,0.1137,1,5,2
2026,BUF,00-0039901,K.Coleman,WR,2,targets,8,57,0.1404,5,27,0.1852,3,30,0.1,0.0852,WR,3,18,2,1,1,0,0,0,20,0.1,0.0833,0.0714,0.0833,0.0,7,64,9.14,0.0735,0,6,3
2026,BUF,00-0036988,J.Palmer,WR,2,targets,5,57,0.0877,3,27,0.1111,2,30,0.0667,0.0444,WR,4,18,,,,,,,,,,,,,2,77,38.5,0.0884,2,7,4
2026,CHI,00-0032464,K.Raymond,WR,2,targets,14,56,0.25,8,27,0.2963,6,29,0.2069,0.0894,WR,3,18,2,1,0,0,0,0,25,0.08,0.069,0.0556,0.0,0.0,13,124,9.54,0.14,0,3,1
2026,CHI,00-0040735,L.Burden,WR,2,targets,12,56,0.2143,7,27,0.2593,5,29,0.1724,0.0868,WR,2,18,2,0,0,0,0,0,25,0.08,0.069,0.0,0.0,0.0,9,97,10.78,0.1095,0,4,2
2026,CHI,00-0039919,R.Odunze,WR,2,targets,7,56,0.125,2,27,0.0741,5,29,0.1724,-0.0983,WR,1,18,,,,,,,,,,,,,5,95,19.0,0.1072,0,5,3
2026,CHI,00-0040277,J.Walker,WR,1,targets,1,26,0.0385,1,9,0.1111,0,17,0.0,0.1111,WR,5,18,1,1,1,1,1,1,25,0.04,0.0345,0.0556,0.1,0.0833,1,1,1.0,0.0018,1,10,4
2026,CLE,00-0040784,Q.Judkins,RB,2,rush_attempts,24,39,0.6154,7,15,0.4667,17,24,0.7083,-0.2417,RB,1,18,3,1,1,0,0,0,10,0.3,0.2143,0.1667,0.2,0.0,31,98,3.16,0.1707,0,1,1
2026,CLE,00-0040466,R.Sanders,RB,2,rush_attempts,3,39,0.0769,3,15,0.2,0,24,0.0,0.2,RB,2,18,,,,,,,,,,,,,7,37,5.29,0.0645,0,7,2
2026,CLE,00-0038794,J.McLaughlin,RB,1,rush_attempts,1,20,0.05,0,9,0.0,1,11,0.0909,-0.0909,RB,3,18,,,,,,,,,,,,,1,3,3.0,0.0106,0,10,3
2026,DEN,00-0036727,A.Prentice,FB,1,rush_attempts,0,28,0.0,0,16,0.0,0,12,0.0,0.0,FB,1,2,,,,,,,,,,,,,1,2,2.0,0.0051,0,14,1
2026,DET,00-0033106,J.Goff,QB,2,rush_attempts_qb,2,50,0.04,1,16,0.0625,1,34,0.0294,0.0331,QB,1,18,1,0,0,0,0,0,27,0.037,0.0323,0.0,0.0,0.0,5,9,1.8,0.0118,0,7,1
2026,GB,00-0036264,J.Love,QB,1,rush_attempts_qb,1,21,0.0476,1,4,0.25,0,17,0.0,0.25,QB,1,18,1,0,0,0,0,0,18,0.0556,0.0455,0.0,0.0,0.0,1,0,0.0,0.0,0,11,1
2026,HOU,00-0039163,C.Stroud,QB,1,rush_attempts_qb,1,31,0.0323,1,13,0.0769,0,18,0.0,0.0769,QB,1,18,,,,,,,,,,,,,5,44,8.8,0.0543,0,11,1
2026,KC,00-0038134,K.Walker,RB,2,rush_attempts,47,61,0.7705,21,28,0.75,26,33,0.7879,-0.0379,RB,1,18,11,6,5,6,1,1,25,0.44,0.3793,0.4286,0.4167,0.4,56,369,6.59,0.3934,2,1,1
2026,KC,00-0041013,E.Johnson,RB,2,rush_attempts,10,61,0.1639,3,28,0.1071,7,33,0.2121,-0.105,RB,2,18,1,0,0,0,0,0,25,0.04,0.0345,0.0,0.0,0.0,14,103,7.36,0.1098,0,4,2
2026,LAC,00-0033885,D.Njoku,TE,2,targets,8,53,0.1509,4,23,0.1739,4,30,0.1333,0.0406,TE,4,18,1,0,0,0,0,0,14,0.0714,0.0556,0.0,0.0,0.0,6,67,11.17,0.11,0,6,1
2026,LAC,00-0040189,O.Gadsden,TE,2,targets,4,53,0.0755,2,23,0.087,2,30,0.0667,0.0203,TE,2,18,1,1,0,1,1,0,14,0.0714,0.0556,0.0769,0.0,0.1,4,50,12.5,0.0821,1,7,2
2026,LAC,00-0038046,C.Kolar,TE,1,targets,3,26,0.1154,1,13,0.0769,2,13,0.1538,-0.0769,TE,1,18,,,,,,,,,,,,,3,21,7.0,0.0658,0,9,3
2026,TB,00-0034855,B.Mayfield,QB,2,rush_attempts_qb,2,38,0.0526,1,11,0.0909,1,27,0.037,0.0539,QB,1,18,5,1,0,1,1,0,20,0.25,0.2083,0.125,0.0,0.125,9,59,6.56,0.0946,1,8,1
2026,WAS,00-0039910,J.Daniels,QB,2,rush_attempts_qb,3,54,0.0556,3,20,0.15,0,34,0.0,0.15,QB,1,18,4,1,0,0,0,0,24,0.1667,0.1429,0.0588,0.0,0.0,12,100,8.33,0.146,0,10,1
2026,ATL,00-0037238,D.London,WR,2,targets,9,50,0.18,4,17,0.2353,5,33,0.1515,0.0838,WR,1,18,,,,,,,,,,,,,8,84,10.5,0.1487,0,3,1
2026,ATL,00-0037741,J.Dotson,WR,2,targets,7,50,0.14,2,17,0.1176,5,33,0.1515,-0.0339,WR,2,18,,,,,,,,,,,,,3,30,10.0,0.0531,0,4,2
2026,ATL,00-0035208,O.Zaccheaus,WR,2,targets,4,50,0.08,1,17,0.0588,3,33,0.0909,-0.0321,WR,3,18,,,,,,,,,,,,,2,8,4.0,0.0142,0,7,3
2026,ATL,00-0036463,C.Blair,WR,1,targets,3,31,0.0968,1,11,0.0909,2,20,0.1,-0.0091,WR,5,18,,,,,,,,,,,,,1,6,6.0,0.0199,0,8,4
2026,ATL,00-0041044,Z.Branch,WR,1,targets,2,31,0.0645,0,11,0.0,2,20,0.1,-0.1,WR,4,18,,,,,,,,,,,,,2,14,7.0,0.0464,0,9,5
2026,CAR,00-0040124,T.McMillan,WR,2,targets,18,66,0.2727,6,28,0.2143,12,38,0.3158,-0.1015,WR,1,18,4,3,2,2,0,0,30,0.1333,0.1176,0.1364,0.1818,0.1,10,176,17.6,0.2093,0,2,1
2026,CAR,00-0039491,J.Coker,WR,2,targets,18,66,0.2727,6,28,0.2143,12,38,0.3158,-0.1015,WR,2,18,5,4,1,4,1,0,30,0.1667,0.1471,0.1818,0.0909,0.2,16,204,12.75,0.2426,2,3,2
2026,CAR,00-0039342,X.Legette,WR,2,targets,6,66,0.0909,2,28,0.0714,4,38,0.1053,-0.0338,WR,3,18,1,0,0,0,0,0,30,0.0333,0.0294,0.0,0.0,0.0,2,64,32.0,0.1803,0,7,3
2026,CAR,00-0040218,Ji.Horn,WR,1,targets,1,34,0.0294,0,11,0.0,1,23,0.0435,-0.0435,WR,5,1,,,,,,,,,,,,,,,,,,11,4
2026,CIN,00-0036442,J.Burrow,QB,2,rush_attempts_qb,5,49,0.102,4,20,0.2,1,29,0.0345,0.1655,QB,1,18,4,0,0,0,0,0,18,0.2222,0.1818,0.0,0.0,0.0,6,19,3.17,0.0291,0,6,1
2026,DAL,00-0038738,H.Luepke,RB,2,rush_attempts,2,34,0.0588,2,15,0.1333,0,19,0.0,0.1333,FB,1,18,,,,,,,,,,,,,2,8,4.0,0.0136,0,7,1
2026,JAX,00-0038935,B.Strange,TE,2,targets,5,49,0.102,2,16,0.125,3,33,0.0909,0.0341,TE,1,18,2,1,0,1,1,0,9,0.2222,0.1538,0.0909,0.0,0.0909,4,40,10.0,0.0611,1,6,1
2026,JAX,00-0036590,Q.Morris,TE,2,targets,2,49,0.0408,0,16,0.0,2,33,0.0606,-0.0606,TE,3,18,,,,,,,,,,,,,1,7,7.0,0.0246,0,10,2
2026,JAX,00-0041503,N.Boerkircher,TE,1,targets,1,21,0.0476,0,6,0.0,1,15,0.0667,-0.0667,TE,2,18,,,,,,,,,,,,,1,9,9.0,0.0243,0,12,3
2026,LA,00-0031381,D.Adams,WR,2,targets,16,57,0.2807,5,22,0.2273,11,35,0.3143,-0.087,WR,2,18,1,0,0,0,1,0,16,0.0625,0.05,0.0,0.0,0.0,11,221,20.09,0.2833,2,3,1
2026,LA,00-0039075,P.Nacua,WR,1,targets,9,27,0.3333,5,12,0.4167,4,15,0.2667,0.15,WR,1,18,1,1,1,1,0,0,16,0.0625,0.05,0.0714,0.1111,0.0833,5,74,14.8,0.2552,0,5,2
2026,LA,00-0040590,K.Mumpfield,WR,2,targets,3,57,0.0526,1,22,0.0455,2,35,0.0571,-0.0117,WR,4,18,,,,,,,,,,,,,1,12,12.0,0.0245,0,9,3
2026,LA,00-0036849,T.Atwell,WR,1,targets,2,30,0.0667,0,10,0.0,2,20,0.1,-0.1,WR,6,18,,,,,,,,,,,,,1,19,19.0,0.0388,0,10,4
2026,LA,00-0039751,J.Whittington,WR,1,targets,1,27,0.037,0,12,0.0,1,15,0.0667,-0.0667,WR,3,18,,,,,,,,,,,,,1,8,8.0,0.0276,0,13,5
2026,LA,00-0038359,X.Smith,WR,1,targets,1,30,0.0333,1,10,0.1,0,20,0.0,0.1,WR,5,18,1,1,0,0,0,0,16,0.0625,0.05,0.0714,0.0,0.0,,,,,,14,6
2026,LV,00-0038563,T.Tucker,WR,2,targets,11,58,0.1897,5,23,0.2174,6,35,0.1714,0.046,WR,1,18,1,1,0,1,0,0,22,0.0455,0.0385,0.1,0.0,0.0909,7,146,20.86,0.2433,1,2,1
2026,LV,00-0037291,J.Nailor,WR,2,targets,8,58,0.1379,3,23,0.1304,5,35,0.1429,-0.0124,WR,2,18,1,0,0,0,0,0,22,0.0455,0.0385,0.0,0.0,0.0,4,36,9.0,0.06,0,5,2
2026,LV,00-0040729,J.Bech,WR,2,targets,6,58,0.1034,2,23,0.087,4,35,0.1143,-0.0273,WR,3,18,2,0,0,0,1,0,22,0.0909,0.0769,0.0,0.0,0.0,5,48,9.6,0.08,1,7,3
2026,LV,00-0035891,C.White,WR,2,targets,3,58,0.0517,2,23,0.087,1,35,0.0286,0.0584,WR,6,2,2,0,0,0,2,0,22,0.0909,0.0769,0.0,0.0,0.0,2,24,12.0,0.0774,2,9,4
2026,LV,00-0040894,M.Benson,WR,2,targets,3,58,0.0517,1,23,0.0435,2,35,0.0571,-0.0137,WR,4,18,,,,,,,,,,,,,2,-2,-1.0,-0.0069,0,8,5
2026,LV,00-0037093,D.Young,WR,1,targets,1,29,0.0345,0,10,0.0,1,19,0.0526,-0.0526,WR,5,18,,,,,,,,,,,,,1,27,27.0,0.0871,0,11,6
2026,MIN,00-0032950,C.Wentz,QB,2,rush_attempts_qb,6,58,0.1034,4,21,0.1905,2,37,0.0541,0.1364,QB,2,18,,,,,,,,,,,,,8,5,0.63,0.0096,0,6,1
2026,NE,00-0036187,R.Gilliam,RB,1,rush_attempts,0,26,0.0,0,8,0.0,0,18,0.0,0.0,FB,1,18,,,,,,,,,,,,,1,4,4.0,0.0116,0,13,1
2026,SEA,00-0038797,E.Wilson,RB,2,rush_attempts,23,61,0.377,11,25,0.44,12,36,0.3333,0.1067,RB,2,18,8,5,4,5,0,0,27,0.2963,0.2581,0.2941,0.3333,0.3333,23,95,4.13,0.1369,0,1,1
2026,SEA,00-0041512,J.Price,RB,2,rush_attempts,23,61,0.377,4,25,0.16,19,36,0.5278,-0.3678,RB,1,18,3,2,1,2,0,0,27,0.1111,0.0968,0.1176,0.0833,0.1333,26,118,4.54,0.17,0,2,2
2026,SEA,00-0039299,G.Holani,RB,2,rush_attempts,12,61,0.1967,7,25,0.28,5,36,0.1389,0.1411,RB,3,18,6,2,2,2,0,0,27,0.2222,0.1935,0.1176,0.1667,0.1333,13,44,3.38,0.0634,0,4,3
2026,SF,00-0037834,B.Purdy,QB,1,rush_attempts_qb,3,28,0.1071,2,5,0.4,1,23,0.0435,0.3565,QB,1,18,1,1,1,1,1,1,22,0.0455,0.0385,0.0588,0.0833,0.0667,8,59,7.38,0.0775,1,8,1
2026,SF,00-0036972,M.Jones,QB,1,rush_attempts_qb,2,24,0.0833,0,8,0.0,2,16,0.125,-0.125,QB,2,18,,,,,,,,,,,,,2,-2,-1.0,-0.0052,0,10,2
2026,ATL,00-0036970,K.Pitts,TE,2,targets,4,50,0.08,1,17,0.0588,3,33,0.0909,-0.0321,TE,1,18,,,,,,,,,,,,,1,15,15.0,0.0497,0,5,1
2026,ATL,00-0032392,A.Hooper,TE,1,targets,4,31,0.129,2,11,0.1818,2,20,0.1,0.0818,TE,3,18,,,,,,,,,,,,,2,20,10.0,0.0662,0,6,2
2026,ATL,00-0036429,C.Woerner,TE,1,targets,1,31,0.0323,0,11,0.0,1,20,0.05,-0.05,TE,2,18,,,,,,,,,,,,,,,,,,10,3
2026,CAR,00-0037005,T.Tremble,TE,2,targets,7,66,0.1061,3,28,0.1071,4,38,0.1053,0.0019,TE,1,18,1,0,0,0,0,0,30,0.0333,0.0294,0.0,0.0,0.0,4,29,7.25,0.0345,0,6,1
2026,CAR,00-0031610,D.Waller,TE,2,targets,5,66,0.0758,2,28,0.0714,3,38,0.0789,-0.0075,TE,2,18,2,1,0,1,2,0,30,0.0667,0.0588,0.0455,0.0,0.05,5,61,12.2,0.0725,2,8,2
2026,CAR,00-0040187,M.Evans,TE,2,targets,3,66,0.0455,3,28,0.1071,0,38,0.0,0.1071,TE,3,18,2,1,1,1,0,0,30,0.0667,0.0588,0.0455,0.0909,0.05,2,22,11.0,0.0262,0,9,3
2026,JAX,00-0038606,P.Washington,WR,2,targets,18,49,0.3673,6,16,0.375,12,33,0.3636,0.0114,WR,1,18,,,,,,,,,,,,,12,181,15.08,0.2763,1,2,1
2026,JAX,00-0039893,Bri.Thomas,WR,2,targets,11,49,0.2245,3,16,0.1875,8,33,0.2424,-0.0549,WR,2,18,,,,,,,,,,,,,6,80,13.33,0.1221,0,4,2
2026,JAX,00-0034960,J.Meyers,WR,2,targets,3,49,0.0612,1,16,0.0625,2,33,0.0606,0.0019,WR,3,18,,,,,,,,,,,,,4,70,17.5,0.1069,1,8,3
2026,JAX,00-0041100,J.Cameron,WR,1,targets,2,21,0.0952,2,6,0.3333,0,15,0.0,0.3333,WR,4,18,1,1,1,1,1,1,9,0.1111,0.0769,0.0909,0.1111,0.0909,2,20,10.0,0.0539,1,11,4
2026,LA,00-0040737,T.Ferguson,TE,2,targets,10,57,0.1754,3,22,0.1364,7,35,0.2,-0.0636,TE,2,18,1,1,1,1,1,1,16,0.0625,0.05,0.0714,0.1111,0.0833,6,54,9.0,0.1102,1,4,1
2026,LA,00-0036244,C.Parkinson,TE,2,targets,4,57,0.0702,2,22,0.0909,2,35,0.0571,0.0338,TE,1,18,1,1,0,1,0,0,16,0.0625,0.05,0.0714,0.0,0.0833,3,21,7.0,0.0269,0,8,2
2026,LA,00-0033110,T.Higbee,TE,1,targets,2,27,0.0741,1,12,0.0833,1,15,0.0667,0.0167,TE,4,18,,,,,,,,,,,,,2,12,6.0,0.0414,0,12,3
2026,LA,00-0039074,D.Allen,TE,2,targets,2,57,0.0351,2,22,0.0909,0,35,0.0,0.0909,TE,3,18,,,,,,,,,,,,,2,20,10.0,0.0256,0,11,4
2026,LV,00-0039066,M.Mayer,TE,2,targets,11,58,0.1897,3,23,0.1304,8,35,0.2286,-0.0981,TE,2,18,1,0,0,0,0,0,22,0.0455,0.0385,0.0,0.0,0.0,9,55,6.11,0.0917,0,3,1
2026,LV,00-0034365,I.Thomas,TE,1,targets,1,29,0.0345,0,10,0.0,1,19,0.0526,-0.0526,TE,3,18,,,,,,,,,,,,,1,11,11.0,0.0355,0,12,2
2026,MIA,00-0041436,D.Herman,RB,1,rush_attempts,0,28,0.0,0,12,0.0,0,16,0.0,0.0,FB,1,18,,,,,,,,,,,,,1,18,18.0,0.0602,0,12,1
2026,NO,00-0036973,T.Etienne,RB,2,rush_attempts,18,49,0.3673,6,23,0.2609,12,26,0.4615,-0.2007,RB,1,18,4,1,1,0,0,0,22,0.1818,0.1538,0.0625,0.1111,0.0,26,109,4.19,0.1333,0,2,1
2026,NO,00-0038551,K.Miller,RB,1,rush_attempts,9,23,0.3913,4,11,0.3636,5,12,0.4167,-0.053,RB,4,18,2,2,0,2,1,0,22,0.0909,0.0769,0.125,0.0,0.1429,9,30,3.33,0.0599,1,7,2
2026,NO,00-0033906,A.Kamara,RB,1,rush_attempts,9,26,0.3462,4,12,0.3333,5,14,0.3571,-0.0238,RB,2,18,2,0,0,0,0,0,22,0.0909,0.0769,0.0,0.0,0.0,14,22,1.57,0.0694,0,6,3
2026,NO,00-0041326,C.Donaldson,RB,2,rush_attempts,3,49,0.0612,3,23,0.1304,0,26,0.0,0.1304,RB,3,18,,,,,,,,,,,,,4,4,1.0,0.0049,0,10,4
2026,NYJ,00-0038120,B.Hall,RB,2,rush_attempts,38,60,0.6333,10,20,0.5,28,40,0.7,-0.2,RB,1,18,5,2,2,1,1,1,14,0.3571,0.2778,0.2222,0.2222,0.125,45,210,4.67,0.3084,1,1,1
2026,NYJ,00-0039794,B.Allen,RB,2,rush_attempts,15,60,0.25,7,20,0.35,8,40,0.2,0.15,RB,2,18,3,1,1,1,1,1,14,0.2143,0.1667,0.1111,0.1111,0.125,16,55,3.44,0.0808,1,3,2
2026,TEN,00-0040676,C.Ward,QB,1,rush_attempts_qb,2,27,0.0741,2,14,0.1429,0,13,0.0,0.1429,QB,1,18,4,4,3,3,2,2,16,0.25,0.2,0.3333,0.3333,0.2308,8,28,3.5,0.0546,2,9,1
2026,BUF,00-0038933,D.Kincaid,TE,2,targets,14,57,0.2456,4,27,0.1481,10,30,0.3333,-0.1852,TE,1,18,1,0,0,0,1,0,20,0.05,0.0417,0.0,0.0,0.0,12,225,18.75,0.2583,1,2,1
2026,BUF,00-0035689,D.Knox,TE,2,targets,3,57,0.0526,3,27,0.1111,0,30,0.0,0.1111,TE,2,18,1,1,1,1,1,1,20,0.05,0.0417,0.0714,0.0833,0.0833,3,12,4.0,0.0138,1,8,2
2026,CHI,00-0040126,C.Loveland,TE,2,targets,5,56,0.0893,2,27,0.0741,3,29,0.1034,-0.0294,TE,1,18,2,0,0,0,0,0,25,0.08,0.069,0.0,0.0,0.0,1,3,3.0,0.0092,0,6,1
2026,CHI,00-0036290,C.Kmet,TE,2,targets,4,56,0.0714,2,27,0.0741,2,29,0.069,0.0051,TE,2,18,,,,,,,,,,,,,2,35,17.5,0.0625,1,8,2
2026,CHI,00-0041558,S.Roush,TE,1,targets,3,30,0.1,1,18,0.0556,2,12,0.1667,-0.1111,TE,3,18,1,0,0,0,0,0,25,0.04,0.0345,0.0,0.0,0.0,1,9,9.0,0.0276,0,9,3
2026,IND,00-0035710,D.Jones,QB,1,rush_attempts_qb,1,30,0.0333,1,12,0.0833,0,18,0.0,0.0833,QB,1,18,1,0,0,0,0,0,18,0.0556,0.0455,0.0,0.0,0.0,4,14,3.5,0.0235,0,9,1
2026,LAC,00-0038544,Q.Johnston,WR,2,targets,11,53,0.2075,4,23,0.1739,7,30,0.2333,-0.0594,WR,2,18,,,,,,,,,,,,,4,31,7.75,0.0509,0,2,1
2026,LAC,00-0039915,L.McConkey,WR,2,targets,10,53,0.1887,5,23,0.2174,5,30,0.1667,0.0507,WR,1,18,2,2,0,1,1,0,14,0.1429,0.1111,0.1538,0.0,0.1,8,117,14.63,0.1921,1,3,2
2026,LAC,00-0040727,T.Harris,WR,2,targets,9,53,0.1698,4,23,0.1739,5,30,0.1667,0.0072,WR,3,18,,,,,,,,,,,,,4,73,18.25,0.1199,0,4,3
2026,LAC,00-0041550,B.Thompson,WR,1,targets,3,26,0.1154,2,13,0.1538,1,13,0.0769,0.0769,WR,4,18,,,,,,,,,,,,,1,13,13.0,0.0408,0,8,4
2026,LAC,00-0038573,D.Davis,WR,2,targets,2,53,0.0377,1,23,0.0435,1,30,0.0333,0.0101,WR,6,18,,,,,,,,,,,,,,,,,,10,5
2026,NYG,00-0033376,P.Ricard,RB,1,rush_attempts,0,35,0.0,0,18,0.0,0,17,0.0,0.0,FB,1,18,,,,,,,,,,,,,,,,,,12,1
