team,season,rank_on_team,player_name,position,spine_metric,depth_pos,depth_rank,depth_surplus,usage_index_score,usage_role,stress_score,redzone_score,share_score,depth_score,return_score,spine_opps,team_spine_opps,share_overall,share_calm,share_stress,confidence_delta,opp_i20,team_opp_i20,yards_per_touch,scrimmage_yards
ARI,2026,1,T.McBride,TE,targets,TE,1,0,77.6,PRIMARY -- TRUSTED UNDER PRESSURE,81.8,87.1,100.0,50.0,38.8,23,63,0.3651,0.2895,0.48,0.1905,6,18,8.0,136
ARI,2026,2,J.Love,RB,rush_attempts,RB,1,-1,59.1,ROTATIONAL CONTRIBUTOR,48.5,72.1,100.0,33.3,22.6,20,49,0.4082,0.4118,0.4,-0.0118,6,18,3.8,95
ARI,2026,3,T.Allgeier,RB,rush_attempts,RB,2,1,54.0,RISING -- OUT-EARNING DEPTH CHART,41.2,43.4,100.0,66.7,20.6,22,49,0.449,0.4706,0.4,-0.0706,4,18,3.42,89
ARI,2026,4,Mi.Wilson,WR,targets,WR,1,0,43.6,PRIMARY -- TRUSTED UNDER PRESSURE,62.9,0.0,63.5,50.0,29.2,14,63,0.2222,0.1842,0.28,0.0958,,,10.57,74
ARI,2026,5,J.Brissett,QB,rush_attempts_qb,QB,1,0,41.4,PRIMARY -- TRUSTED UNDER PRESSURE,67.8,14.3,43.3,50.0,4.7,5,33,0.1515,0.087,0.3,0.213,1,18,3.0,21
ARI,2026,6,K.Bourne,WR,targets,WR,3,1,39.2,RISING -- OUT-EARNING DEPTH CHART,47.6,7.1,49.9,66.7,28.6,11,63,0.1746,0.1842,0.16,-0.0242,1,18,8.6,86
ARI,2026,7,Z.Knight,RB,rush_attempts,RB,3,0,34.1,INSUFFICIENT SAMPLE,50.0,0.0,35.7,50.0,33.2,2,16,0.125,0.1818,0.0,-0.1818,,,12.0,24
ARI,2026,8,M.Harrison,WR,targets,WR,2,-1,31.9,INSUFFICIENT SAMPLE,50.0,0.0,18.1,33.3,60.5,4,63,0.0635,0.1053,0.0,-0.1053,,,33.0,33
ATL,2026,1,Bi.Robinson,RB,rush_attempts,RB,1,0,52.4,ROTATIONAL CONTRIBUTOR,55.8,0.0,100.0,50.0,62.1,37,59,0.6271,0.62,0.6667,0.0467,,,5.29,254
ATL,2026,2,Br.Robinson,RB,rush_attempts,RB,2,0,42.3,ROTATIONAL CONTRIBUTOR,41.4,0.0,96.9,50.0,23.7,20,59,0.339,0.36,0.2222,-0.1378,,,4.45,98
ATL,2026,3,D.London,WR,targets,WR,1,0,41.9,ROTATIONAL CONTRIBUTOR,58.4,0.0,51.4,50.0,48.1,9,50,0.18,0.1515,0.2353,0.0838,,,10.5,84
ATL,2026,4,A.Hooper,TE,targets,TE,3,2,40.4,INSUFFICIENT SAMPLE,55.1,0.0,36.9,83.3,35.5,4,31,0.129,0.1,0.1818,0.0818,,,10.0,20
ATL,2026,5,J.Dotson,WR,targets,WR,2,0,34.4,ROTATIONAL CONTRIBUTOR,47.9,0.0,40.0,50.0,33.9,7,50,0.14,0.1515,0.1176,-0.0339,,,10.0,30
ATL,2026,6,K.Pitts,TE,targets,TE,1,-1,31.9,INSUFFICIENT SAMPLE,48.9,0.0,22.9,33.3,56.2,4,50,0.08,0.0909,0.0588,-0.0321,,,15.0,15
ATL,2026,7,C.Blair,WR,targets,WR,5,1,31.8,INSUFFICIENT SAMPLE,49.7,0.0,27.7,66.7,11.6,3,31,0.0968,0.1,0.0909,-0.0091,,,6.0,6
ATL,2026,8,O.Zaccheaus,WR,targets,WR,3,0,27.4,INSUFFICIENT SAMPLE,48.9,0.0,22.9,50.0,1.8,4,50,0.08,0.0909,0.0588,-0.0321,,,4.0,8
ATL,2026,9,Z.Branch,WR,targets,WR,4,-1,27.0,INSUFFICIENT SAMPLE,50.0,0.0,18.4,33.3,19.4,2,31,0.0645,0.1,0.0,-0.1,,,7.0,14
ATL,2026,10,C.Woerner,TE,targets,TE,2,-1,22.8,INSUFFICIENT SAMPLE,50.0,0.0,9.2,33.3,0.0,1,31,0.0323,0.05,0.0,-0.05,,,,
BAL,2026,1,D.Henry,RB,rush_attempts,RB,1,0,65.4,VOLUME ONLY -- BENCHED WHEN IT TIGHTENS,37.7,100.0,100.0,50.0,37.9,40,52,0.7692,0.7941,0.7222,-0.0719,11,17,5.68,250
BAL,2026,2,J.Lane,WR,targets,WR,7,2,51.2,INSUFFICIENT SAMPLE,77.8,28.5,35.7,83.3,10.8,3,24,0.125,0.0,0.3333,0.3333,2,17,11.0,11
BAL,2026,3,M.Andrews,TE,targets,TE,1,0,44.9,PRIMARY -- TRUSTED UNDER PRESSURE,61.0,7.4,70.1,50.0,20.8,13,53,0.2453,0.2121,0.3,0.0879,1,17,9.8,98
BAL,2026,4,R.Bateman,WR,targets,WR,2,1,40.7,RISING -- OUT-EARNING DEPTH CHART,44.8,7.4,53.9,66.7,42.0,10,53,0.1887,0.2121,0.15,-0.0621,1,17,12.57,88
BAL,2026,5,C.Moore,WR,targets,WR,4,1,40.7,RISING -- OUT-EARNING DEPTH CHART,67.0,0.0,26.9,66.7,38.1,5,53,0.0943,0.0303,0.2,0.1697,,,29.5,59
BAL,2026,6,Z.Flowers,WR,targets,WR,1,-1,40.5,ROTATIONAL CONTRIBUTOR,42.1,0.0,71.4,33.3,65.9,6,24,0.25,0.3333,0.1111,-0.2222,,,30.0,150
BAL,2026,7,L.Jackson,QB,rush_attempts_qb,QB,1,0,38.0,INSUFFICIENT SAMPLE,55.9,21.1,33.6,50.0,13.8,4,34,0.1176,0.087,0.1818,0.0949,1,17,6.73,74
BAL,2026,8,J.Hill,RB,rush_attempts,RB,2,0,33.1,ROTATIONAL CONTRIBUTOR,51.6,0.0,43.9,50.0,6.8,8,52,0.1538,0.1471,0.1667,0.0196,,,4.18,46
BAL,2026,9,L.Wester,WR,targets,WR,6,2,32.6,INSUFFICIENT SAMPLE,50.0,0.0,21.6,83.3,10.8,4,53,0.0755,0.1212,0.0,-0.1212,,,9.67,29
BAL,2026,10,D.Walker,WR,targets,WR,3,-3,29.4,INSUFFICIENT SAMPLE,51.3,0.0,19.7,0.0,67.1,2,29,0.069,0.0556,0.0909,0.0354,,,47.0,47
BAL,2026,11,D.Smythe,TE,targets,TE,2,0,28.6,INSUFFICIENT SAMPLE,50.7,14.1,10.8,50.0,1.0,2,53,0.0377,0.0303,0.05,0.0197,1,17,4.0,4
BAL,2026,12,M.Hibner,TE,targets,TE,3,0,27.0,INSUFFICIENT SAMPLE,50.0,0.0,11.9,50.0,13.6,1,24,0.0417,0.0667,0.0,-0.0667,,,13.0,13
BUF,2026,1,J.Allen,QB,rush_attempts_qb,QB,1,0,72.4,PRIMARY -- TRUSTED UNDER PRESSURE,99.5,68.3,78.4,50.0,15.5,14,51,0.2745,0.1379,0.4545,0.3166,5,20,4.6,92
BUF,2026,2,J.Cook,RB,rush_attempts,RB,1,0,54.6,VOLUME ONLY -- BENCHED WHEN IT TIGHTENS,14.5,89.3,100.0,50.0,33.3,34,51,0.6667,0.7586,0.5455,-0.2132,8,20,5.47,208
BUF,2026,3,K.Shakir,WR,targets,WR,2,1,45.2,RISING -- OUT-EARNING DEPTH CHART,44.5,31.4,60.1,66.7,26.1,12,57,0.2105,0.2333,0.1852,-0.0481,3,20,12.57,88
BUF,2026,4,K.Coleman,WR,targets,WR,3,1,43.9,RISING -- OUT-EARNING DEPTH CHART,59.7,24.9,40.1,66.7,17.8,8,57,0.1404,0.1,0.1852,0.0852,2,20,9.14,64
BUF,2026,5,D.Kincaid,TE,targets,TE,1,0,38.7,VOLUME ONLY -- BENCHED WHEN IT TIGHTENS,31.5,6.5,70.2,50.0,54.5,14,57,0.2456,0.3333,0.1481,-0.1852,1,20,18.75,225
BUF,2026,6,J.Palmer,WR,targets,WR,4,0,36.6,ROTATIONAL CONTRIBUTOR,53.7,0.0,25.1,50.0,61.1,5,57,0.0877,0.0667,0.1111,0.0444,,,38.5,77
BUF,2026,7,D.Knox,TE,targets,TE,2,0,33.6,INSUFFICIENT SAMPLE,59.3,18.4,15.0,50.0,3.1,3,57,0.0526,0.0,0.1111,0.1111,1,20,4.0,12
BUF,2026,8,F.Gore,RB,rush_attempts,RB,4,2,30.0,INSUFFICIENT SAMPLE,50.0,0.0,14.3,83.3,0.9,1,20,0.05,0.0833,0.0,-0.0833,,,3.0,3
BUF,2026,9,D.Moore,WR,targets,WR,1,-2,29.4,ROTATIONAL CONTRIBUTOR,45.4,0.0,40.1,16.7,33.2,8,57,0.1404,0.1667,0.1111,-0.0556,,,16.5,99
BUF,2026,10,R.Davis,RB,rush_attempts,RB,2,-1,24.0,INSUFFICIENT SAMPLE,50.0,0.0,14.3,33.3,0.9,1,20,0.05,0.0833,0.0,-0.0833,,,3.0,3
CAR,2026,1,C.Hubbard,RB,rush_attempts,RB,1,0,71.9,PRIMARY -- TRUSTED UNDER PRESSURE,71.4,83.6,100.0,50.0,26.7,22,40,0.55,0.5,0.6429,0.1429,8,30,5.59,151
CAR,2026,2,J.Coker,WR,targets,WR,2,1,52.0,RISING -- OUT-EARNING DEPTH CHART,37.3,45.7,77.9,66.7,47.0,18,66,0.2727,0.3158,0.2143,-0.1015,5,30,12.75,204
CAR,2026,3,J.Brooks,RB,rush_attempts,RB,4,2,50.0,RISING -- OUT-EARNING DEPTH CHART,59.3,22.6,64.3,83.3,16.9,9,40,0.225,0.1923,0.2857,0.0934,4,30,6.64,73
CAR,2026,4,T.McMillan,WR,targets,WR,1,-1,47.8,VOLUME ONLY -- BENCHED WHEN IT TIGHTENS,37.3,42.5,77.9,33.3,51.2,18,66,0.2727,0.3158,0.2143,-0.1015,4,30,17.6,176
CAR,2026,5,X.Legette,WR,targets,WR,3,0,37.2,ROTATIONAL CONTRIBUTOR,47.9,4.6,26.0,50.0,72.5,6,66,0.0909,0.1053,0.0714,-0.0338,1,30,32.0,64
CAR,2026,6,M.Evans,TE,targets,TE,3,0,34.9,INSUFFICIENT SAMPLE,58.9,19.1,13.0,50.0,16.9,3,66,0.0455,0.0,0.1071,0.1071,2,30,11.0,22
CAR,2026,7,D.Waller,TE,targets,TE,2,0,33.1,ROTATIONAL CONTRIBUTOR,49.5,13.5,21.7,50.0,24.8,5,66,0.0758,0.0789,0.0714,-0.0075,2,30,12.2,61
CAR,2026,8,T.Tremble,TE,targets,TE,1,0,31.5,ROTATIONAL CONTRIBUTOR,50.2,4.6,30.3,50.0,11.4,7,66,0.1061,0.1053,0.1071,0.0019,1,30,7.25,29
CAR,2026,9,A.Dillon,RB,rush_attempts,RB,2,-1,30.4,ROTATIONAL CONTRIBUTOR,42.9,0.0,57.1,33.3,3.7,8,40,0.2,0.2692,0.0714,-0.1978,,,3.13,25
CAR,2026,10,K.Pickett,QB,rush_attempts_qb,QB,2,1,29.5,INSUFFICIENT SAMPLE,50.0,0.0,13.6,66.7,14.9,1,21,0.0476,0.0909,0.0,-0.0909,,,10.0,20
CAR,2026,11,Ji.Horn,WR,targets,WR,5,1,26.7,INSUFFICIENT SAMPLE,50.0,0.0,8.4,66.7,0.0,1,34,0.0294,0.0435,0.0,-0.0435,,,,
CHI,2026,1,D.Swift,RB,rush_attempts,RB,1,0,71.0,ROTATIONAL CONTRIBUTOR,51.2,100.0,100.0,50.0,46.3,34,60,0.5667,0.5641,0.5714,0.0073,9,25,5.83,233
CHI,2026,2,K.Raymond,WR,targets,WR,3,2,54.1,RISING -- OUT-EARNING DEPTH CHART,62.8,16.0,71.4,83.3,41.2,14,56,0.25,0.2069,0.2963,0.0894,2,25,9.54,124
CHI,2026,3,K.Monangai,RB,rush_attempts,RB,2,0,49.9,VOLUME ONLY -- BENCHED WHEN IT TIGHTENS,33.4,37.2,95.2,50.0,44.0,20,60,0.3333,0.3846,0.2381,-0.1465,4,25,7.58,182
CHI,2026,4,C.Williams,QB,rush_attempts_qb,QB,1,0,46.8,"CLOSER -- SMALL ROLE, BIG MOMENTS",66.5,43.4,23.8,50.0,32.1,5,60,0.0833,0.0256,0.1905,0.1648,4,25,7.13,107
CHI,2026,5,L.Burden,WR,targets,WR,2,0,46.5,PRIMARY -- TRUSTED UNDER PRESSURE,61.7,10.8,61.2,50.0,40.9,12,56,0.2143,0.1724,0.2593,0.0868,2,25,10.78,97
CHI,2026,6,C.Kmet,TE,targets,TE,2,0,33.6,INSUFFICIENT SAMPLE,50.3,0.0,20.4,50.0,53.6,4,56,0.0714,0.069,0.0741,0.0051,,,17.5,35
CHI,2026,7,J.Walker,WR,targets,WR,5,1,32.3,INSUFFICIENT SAMPLE,54.0,16.9,11.0,66.7,0.2,1,26,0.0385,0.0,0.1111,0.1111,1,25,1.0,1
CHI,2026,8,R.Odunze,WR,targets,WR,1,-2,31.7,ROTATIONAL CONTRIBUTOR,43.9,0.0,35.7,16.7,63.4,7,56,0.125,0.1724,0.0741,-0.0983,,,19.0,95
CHI,2026,9,S.Roush,TE,targets,TE,3,0,31.6,INSUFFICIENT SAMPLE,46.0,5.4,28.6,50.0,25.7,3,30,0.1,0.1667,0.0556,-0.1111,1,25,9.0,9
CHI,2026,10,C.Loveland,TE,targets,TE,1,0,30.7,ROTATIONAL CONTRIBUTOR,48.2,10.8,25.5,50.0,6.7,5,56,0.0893,0.1034,0.0741,-0.0294,2,25,3.0,3
CIN,2026,1,C.Brown,RB,rush_attempts,RB,1,0,64.8,VOLUME ONLY -- BENCHED WHEN IT TIGHTENS,39.7,96.6,100.0,50.0,34.1,36,49,0.7347,0.7586,0.7,-0.0586,7,18,3.64,160
CIN,2026,2,M.Gesicki,TE,targets,TE,1,0,53.1,ROTATIONAL CONTRIBUTOR,51.2,45.5,58.8,50.0,66.2,7,34,0.2059,0.2,0.2143,0.0143,2,18,15.6,78
CIN,2026,3,T.Higgins,WR,targets,WR,2,1,51.1,RISING -- OUT-EARNING DEPTH CHART,57.4,0.0,70.3,66.7,79.5,16,65,0.2462,0.225,0.28,0.055,,,19.25,154
CIN,2026,4,A.Iosivas,WR,targets,WR,6,3,42.0,INSUFFICIENT SAMPLE,57.9,22.7,17.6,100.0,15.1,4,65,0.0615,0.025,0.12,0.095,1,18,6.33,19
CIN,2026,5,J.Burrow,QB,rush_attempts_qb,QB,1,0,41.4,"CLOSER -- SMALL ROLE, BIG MOMENTS",66.6,28.4,29.1,50.0,5.6,5,49,0.102,0.0345,0.2,0.1655,4,18,3.17,19
CIN,2026,6,J.Chase,WR,targets,WR,1,-1,37.9,ROTATIONAL CONTRIBUTOR,43.5,14.2,57.1,33.3,38.1,13,65,0.2,0.225,0.16,-0.065,2,18,9.67,87
CIN,2026,7,S.Perine,RB,rush_attempts,RB,2,0,34.3,ROTATIONAL CONTRIBUTOR,45.5,7.1,40.8,50.0,25.9,7,49,0.1429,0.1724,0.1,-0.0724,1,18,6.55,72
CIN,2026,8,E.All,TE,targets,TE,3,1,30.8,INSUFFICIENT SAMPLE,50.0,0.0,27.7,66.7,2.1,3,31,0.0968,0.15,0.0,-0.15,,,2.5,5
CIN,2026,9,D.Meyers,WR,targets,WR,4,0,30.2,INSUFFICIENT SAMPLE,50.5,0.0,8.8,50.0,44.1,2,65,0.0308,0.025,0.04,0.015,,,14.0,28
CIN,2026,10,D.Sample,TE,targets,TE,2,-1,29.4,INSUFFICIENT SAMPLE,49.0,7.1,25.2,33.3,18.0,3,34,0.0882,0.1,0.0714,-0.0286,1,18,6.33,19
CIN,2026,11,T.Hudson,TE,targets,TE,5,1,27.4,INSUFFICIENT SAMPLE,50.0,0.0,8.4,66.7,5.9,1,34,0.0294,0.05,0.0,-0.05,,,4.0,4
CIN,2026,12,C.Young,WR,targets,WR,3,-2,22.8,INSUFFICIENT SAMPLE,50.0,0.0,9.2,16.7,16.4,1,31,0.0323,0.05,0.0,-0.05,,,7.0,7
CLE,2026,1,D.Boston,WR,targets,WR,1,0,60.1,PRIMARY -- TRUSTED UNDER PRESSURE,69.5,38.0,60.4,50.0,83.5,11,52,0.2115,0.1622,0.3333,0.1712,2,10,22.0,154
CLE,2026,2,Q.Judkins,RB,rush_attempts,RB,1,0,48.1,VOLUME ONLY -- BENCHED WHEN IT TIGHTENS,17.5,61.6,100.0,50.0,21.8,24,39,0.6154,0.7083,0.4667,-0.2417,3,10,3.16,98
CLE,2026,3,D.Watson,QB,rush_attempts_qb,QB,1,0,45.1,PRIMARY -- TRUSTED UNDER PRESSURE,64.2,22.3,51.3,50.0,17.3,7,39,0.1795,0.125,0.2667,0.1417,2,10,4.62,60
CLE,2026,4,K.Concepcion,WR,targets,WR,2,0,42.5,ROTATIONAL CONTRIBUTOR,48.7,22.3,60.4,50.0,24.6,11,52,0.2115,0.2162,0.2,-0.0162,2,10,5.71,80
CLE,2026,5,H.Fannin,TE,targets,TE,1,0,41.8,PRIMARY -- TRUSTED UNDER PRESSURE,63.2,0.0,49.5,50.0,36.6,9,52,0.1731,0.1351,0.2667,0.1315,,,10.71,75
CLE,2026,6,R.Sanders,RB,rush_attempts,RB,2,0,34.8,INSUFFICIENT SAMPLE,66.7,0.0,22.0,50.0,14.1,3,39,0.0769,0.0,0.2,0.2,,,5.29,37
CLE,2026,7,B.Whiteheart,TE,targets,TE,2,0,33.7,INSUFFICIENT SAMPLE,50.5,11.2,16.5,50.0,39.6,3,52,0.0577,0.0541,0.0667,0.0126,1,10,15.5,31
CLE,2026,8,J.Jeudy,WR,targets,WR,3,0,33.0,ROTATIONAL CONTRIBUTOR,50.0,0.0,27.5,50.0,37.4,5,52,0.0962,0.1351,0.0,-0.1351,,,13.0,26
CLE,2026,9,I.Bond,WR,targets,WR,4,0,27.6,INSUFFICIENT SAMPLE,50.0,0.0,9.5,50.0,22.9,1,30,0.0333,0.0526,0.0,-0.0526,,,10.0,10
CLE,2026,10,J.McLaughlin,RB,rush_attempts,RB,3,0,26.0,INSUFFICIENT SAMPLE,50.0,0.0,14.3,50.0,1.3,1,20,0.05,0.0909,0.0,-0.0909,,,3.0,3
DAL,2026,1,J.Williams,RB,rush_attempts,RB,1,0,64.8,VOLUME ONLY -- BENCHED WHEN IT TIGHTENS,39.0,100.0,100.0,50.0,29.5,24,34,0.7059,0.7368,0.6667,-0.0702,9,19,3.81,122
DAL,2026,2,C.Lamb,WR,targets,WR,1,0,62.0,ROTATIONAL CONTRIBUTOR,55.5,46.2,79.6,50.0,91.8,17,61,0.2787,0.2632,0.3043,0.0412,3,19,14.07,197
DAL,2026,3,G.Pickens,WR,targets,WR,2,0,48.9,PRIMARY -- TRUSTED UNDER PRESSURE,66.2,14.0,65.6,50.0,35.0,14,61,0.2295,0.1842,0.3043,0.1201,1,19,7.56,68
DAL,2026,4,J.Ferguson,TE,targets,TE,1,0,45.7,"CLOSER -- SMALL ROLE, BIG MOMENTS",62.1,40.5,28.1,50.0,33.8,6,61,0.0984,0.0526,0.1739,0.1213,3,19,8.17,49
DAL,2026,5,R.Flournoy,WR,targets,WR,3,0,32.7,ROTATIONAL CONTRIBUTOR,42.3,0.0,46.8,50.0,25.0,10,61,0.1639,0.2105,0.087,-0.1236,,,6.43,45
DAL,2026,6,D.Prescott,QB,rush_attempts_qb,QB,1,0,32.2,INSUFFICIENT SAMPLE,54.5,6.8,15.9,50.0,25.1,1,18,0.0556,0.0,0.125,0.125,1,19,6.67,40
DAL,2026,7,E.Demercado,RB,rush_attempts,RB,2,0,31.5,ROTATIONAL CONTRIBUTOR,44.9,6.8,42.0,50.0,3.2,5,34,0.1471,0.2105,0.0667,-0.1439,1,19,3.0,15
DAL,2026,8,L.Schoonmaker,TE,targets,TE,3,0,30.5,INSUFFICIENT SAMPLE,50.0,0.0,9.5,50.0,46.8,1,30,0.0333,0.0526,0.0,-0.0526,,,12.0,12
DAL,2026,9,H.Luepke,RB,rush_attempts,FB,1,0,29.9,INSUFFICIENT SAMPLE,58.3,0.0,16.8,50.0,6.2,2,34,0.0588,0.0,0.1333,0.1333,,,4.0,8
DAL,2026,10,B.Spann-Ford,TE,targets,TE,2,0,29.8,INSUFFICIENT SAMPLE,50.0,0.0,19.1,50.0,25.2,2,30,0.0667,0.1053,0.0,-0.1053,,,7.0,14
DAL,2026,11,J.Mingo,WR,targets,WR,5,0,29.3,INSUFFICIENT SAMPLE,50.0,0.0,9.5,50.0,36.7,1,30,0.0333,0.0526,0.0,-0.0526,,,10.0,10
DAL,2026,12,K.Turpin,WR,targets,WR,4,0,26.5,INSUFFICIENT SAMPLE,50.0,6.8,4.7,50.0,8.7,1,61,0.0164,0.0263,0.0,-0.0263,1,19,4.5,9
DEN,2026,1,J.Coleman,RB,rush_attempts,RB,3,1,75.4,RISING -- OUT-EARNING DEPTH CHART,100.0,44.6,100.0,66.7,30.0,10,28,0.3571,0.0833,0.5625,0.4792,3,17,4.46,58
DEN,2026,2,J.Waddle,WR,targets,WR,1,0,57.8,PRIMARY -- TRUSTED UNDER PRESSURE,80.9,7.4,66.3,50.0,78.5,13,56,0.2321,0.1471,0.3636,0.2166,1,17,15.56,140
DEN,2026,3,J.Dobbins,RB,rush_attempts,RB,1,0,48.9,VOLUME ONLY -- BENCHED WHEN IT TIGHTENS,14.7,67.4,100.0,50.0,25.4,18,42,0.4286,0.6,0.1765,-0.4235,3,17,4.0,72
DEN,2026,4,R.Harvey,RB,rush_attempts,RB,2,-1,48.7,INSUFFICIENT SAMPLE,80.2,0.0,61.2,33.3,42.9,3,14,0.2143,0.1538,1.0,0.8462,,,5.86,41
DEN,2026,5,B.Nix,QB,rush_attempts_qb,QB,1,0,43.2,PRIMARY -- TRUSTED UNDER PRESSURE,61.5,29.8,47.6,50.0,1.7,7,42,0.1667,0.12,0.2353,0.1153,4,17,1.0,8
DEN,2026,6,C.Sutton,WR,targets,WR,2,0,41.6,ROTATIONAL CONTRIBUTOR,53.5,22.1,45.9,50.0,28.4,9,56,0.1607,0.1471,0.1818,0.0348,2,17,7.2,36
DEN,2026,7,T.Franklin,WR,targets,WR,5,1,39.4,INSUFFICIENT SAMPLE,53.8,14.6,15.3,66.7,56.9,3,56,0.0536,0.0294,0.0909,0.0615,1,17,16.0,32
DEN,2026,8,N.Adkins,TE,targets,TE,3,1,38.7,INSUFFICIENT SAMPLE,49.3,14.6,29.5,66.7,40.4,3,29,0.1034,0.1111,0.0909,-0.0202,1,17,9.5,38
DEN,2026,9,P.Bryant,WR,targets,WR,4,1,36.7,RISING -- OUT-EARNING DEPTH CHART,46.5,0.0,35.7,66.7,47.7,7,56,0.125,0.1471,0.0909,-0.0561,,,11.6,58
DEN,2026,10,E.Engram,TE,targets,TE,1,0,35.5,ROTATIONAL CONTRIBUTOR,46.4,7.4,30.6,50.0,49.5,6,56,0.1071,0.1471,0.0455,-0.1016,1,17,12.0,60
DEN,2026,11,T.Badie,RB,rush_attempts,RB,4,0,32.8,INSUFFICIENT SAMPLE,50.0,14.6,10.2,50.0,38.1,1,28,0.0357,0.0833,0.0,-0.0833,1,17,9.67,29
DEN,2026,12,A.Trautman,TE,targets,TE,2,-1,29.7,INSUFFICIENT SAMPLE,50.0,0.0,31.7,33.3,19.8,3,27,0.1111,0.1875,0.0,-0.1875,,,5.0,10
DEN,2026,13,L.Humphrey,WR,targets,WR,6,1,27.0,INSUFFICIENT SAMPLE,50.0,0.0,9.9,66.7,0.0,1,29,0.0345,0.0556,0.0,-0.0556,,,,
DEN,2026,14,A.Prentice,FB,rush_attempts,FB,1,0,23.5,INSUFFICIENT SAMPLE,50.0,0.0,0.0,50.0,4.0,0,28,0.0,0.0,0.0,0.0,,,2.0,2
DET,2026,1,A.St. Brown,WR,targets,WR,1,0,81.7,PRIMARY -- TRUSTED UNDER PRESSURE,100.0,57.4,100.0,50.0,75.3,27,77,0.3506,0.2391,0.5161,0.277,6,27,11.0,209
DET,2026,2,J.Gibbs,RB,rush_attempts,RB,1,0,70.6,ROTATIONAL CONTRIBUTOR,43.6,100.0,100.0,50.0,64.7,45,50,0.9,0.9118,0.875,-0.0368,13,27,5.34,299
DET,2026,3,S.LaPorta,TE,targets,TE,1,0,52.8,ROTATIONAL CONTRIBUTOR,57.0,47.3,55.7,50.0,48.9,15,77,0.1948,0.1739,0.2258,0.0519,4,27,9.09,100
DET,2026,4,J.Williams,WR,targets,WR,2,0,37.9,ROTATIONAL CONTRIBUTOR,40.0,5.0,48.2,50.0,62.8,13,77,0.1688,0.2174,0.0968,-0.1206,1,27,13.0,78
DET,2026,5,I.TeSlaa,WR,targets,WR,3,0,35.1,ROTATIONAL CONTRIBUTOR,48.6,5.0,22.3,50.0,58.3,6,77,0.0779,0.087,0.0645,-0.0224,1,27,13.0,26
DET,2026,6,S.Vaki,RB,rush_attempts,RB,2,0,31.4,INSUFFICIENT SAMPLE,50.1,5.0,17.1,50.0,32.1,3,50,0.06,0.0588,0.0625,0.0037,1,27,7.6,38
DET,2026,7,J.Goff,QB,rush_attempts_qb,QB,1,0,27.0,INSUFFICIENT SAMPLE,51.2,5.0,11.4,50.0,1.5,2,50,0.04,0.0294,0.0625,0.0331,1,27,1.8,9
DET,2026,8,B.Wright,TE,targets,TE,2,0,26.4,INSUFFICIENT SAMPLE,50.0,0.0,7.3,50.0,16.0,1,39,0.0256,0.0435,0.0,-0.0435,,,5.0,5
GB,2026,1,C.Watson,WR,targets,WR,1,0,67.3,PRIMARY -- TRUSTED UNDER PRESSURE,71.5,56.6,78.7,50.0,73.2,19,69,0.2754,0.2195,0.3571,0.1376,3,18,18.8,188
GB,2026,2,C.Brooks,RB,rush_attempts,RB,2,0,64.6,PRIMARY -- TRUSTED UNDER PRESSURE,90.4,42.8,80.6,50.0,19.6,11,39,0.2821,0.2,0.5556,0.3556,4,18,4.58,55
GB,2026,3,M.Golden,WR,targets,WR,3,1,58.5,RISING -- OUT-EARNING DEPTH CHART,65.3,28.5,74.5,66.7,59.5,18,69,0.2609,0.2195,0.3214,0.1019,3,18,15.3,153
GB,2026,4,M.Lloyd,RB,rush_attempts,RB,1,0,52.1,VOLUME ONLY -- BENCHED WHEN IT TIGHTENS,33.3,57.2,100.0,50.0,17.9,19,39,0.4872,0.5333,0.3333,-0.2,5,18,3.0,63
GB,2026,5,K.Johnson,RB,rush_attempts,RB,3,0,46.3,ROTATIONAL CONTRIBUTOR,50.0,0.0,100.0,50.0,27.2,8,18,0.4444,0.6154,0.0,-0.6154,,,4.0,32
GB,2026,6,T.Kraft,TE,targets,TE,1,0,36.1,ROTATIONAL CONTRIBUTOR,50.0,0.0,37.3,50.0,47.1,9,69,0.1304,0.2195,0.0,-0.2195,,,16.0,80
GB,2026,7,J.Smith,TE,targets,TE,2,0,34.8,INSUFFICIENT SAMPLE,49.5,0.0,21.4,50.0,63.8,3,40,0.075,0.08,0.0667,-0.0133,,,25.0,50
GB,2026,8,J.Reed,WR,targets,WR,2,-1,32.3,ROTATIONAL CONTRIBUTOR,48.8,14.3,33.1,33.3,16.5,8,69,0.1159,0.122,0.1071,-0.0148,1,18,6.0,24
GB,2026,9,J.Love,QB,rush_attempts_qb,QB,1,0,30.3,INSUFFICIENT SAMPLE,58.9,7.1,13.6,50.0,0.0,1,21,0.0476,0.0,0.25,0.25,1,18,0.0,0
GB,2026,10,S.Moore,WR,targets,WR,4,0,29.5,INSUFFICIENT SAMPLE,51.4,7.1,16.6,50.0,9.6,4,69,0.058,0.0488,0.0714,0.0226,1,18,3.0,6
GB,2026,11,B.Melton,WR,targets,WR,5,0,27.5,INSUFFICIENT SAMPLE,50.4,0.0,8.3,50.0,22.8,2,69,0.029,0.0244,0.0357,0.0113,,,10.0,10
HOU,2026,1,D.Montgomery,RB,rush_attempts,RB,1,0,70.1,ROTATIONAL CONTRIBUTOR,55.7,100.0,100.0,50.0,26.0,26,46,0.5652,0.5517,0.5882,0.0365,7,15,3.32,103
HOU,2026,2,W.Marks,RB,rush_attempts,RB,2,0,49.9,ROTATIONAL CONTRIBUTOR,46.7,24.7,100.0,50.0,21.6,17,46,0.3696,0.3793,0.3529,-0.0264,3,15,3.26,75
HOU,2026,3,N.Collins,WR,targets,WR,1,-1,46.5,ROTATIONAL CONTRIBUTOR,51.7,16.5,77.2,33.3,49.1,10,37,0.2703,0.2632,0.2778,0.0146,2,15,10.25,82
HOU,2026,4,D.Schultz,TE,targets,TE,1,0,42.8,ROTATIONAL CONTRIBUTOR,47.5,0.0,72.3,50.0,51.6,22,87,0.2529,0.26,0.2432,-0.0168,,,10.94,175
HOU,2026,5,J.Wayne,WR,targets,WR,5,2,41.7,RISING -- OUT-EARNING DEPTH CHART,58.5,8.2,26.3,83.3,39.3,8,87,0.092,0.06,0.1351,0.0751,1,15,15.0,45
HOU,2026,6,X.Hutchinson,WR,targets,WR,2,1,40.3,RISING -- OUT-EARNING DEPTH CHART,47.8,8.2,49.3,66.7,36.4,15,87,0.1724,0.18,0.1622,-0.0178,1,15,11.5,69
HOU,2026,7,J.Noel,WR,targets,WR,4,-1,32.4,ROTATIONAL CONTRIBUTOR,47.1,0.0,23.0,33.3,65.0,7,87,0.0805,0.1,0.0541,-0.0459,,,24.25,97
HOU,2026,8,K.Boutte,WR,targets,WR,3,-1,32.3,ROTATIONAL CONTRIBUTOR,50.1,8.2,23.0,33.3,40.4,7,87,0.0805,0.08,0.0811,0.0011,1,15,14.5,58
HOU,2026,9,F.Moreau,TE,targets,TE,2,0,29.8,INSUFFICIENT SAMPLE,50.0,0.0,13.1,50.0,34.7,4,87,0.046,0.08,0.0,-0.08,,,12.25,49
HOU,2026,10,C.Stroud,QB,rush_attempts_qb,QB,1,0,29.0,INSUFFICIENT SAMPLE,52.7,0.0,9.2,50.0,27.4,1,31,0.0323,0.0,0.0769,0.0769,,,8.8,44
HOU,2026,11,M.Klein,TE,targets,TE,3,-1,27.3,INSUFFICIENT SAMPLE,50.0,0.0,7.7,33.3,39.3,1,37,0.027,0.0526,0.0,-0.0526,,,16.0,16
HOU,2026,12,C.Stover,TE,targets,TE,4,1,26.5,INSUFFICIENT SAMPLE,50.0,0.0,7.7,66.7,-0.6,1,37,0.027,0.0526,0.0,-0.0526,,,-2.0,-2
IND,2026,1,J.Taylor,RB,rush_attempts,RB,1,0,74.6,ROTATIONAL CONTRIBUTOR,55.2,100.0,100.0,50.0,65.4,43,49,0.8776,0.8667,0.8947,0.0281,10,18,5.06,253
IND,2026,2,J.Downs,WR,targets,WR,1,0,48.6,PRIMARY -- TRUSTED UNDER PRESSURE,60.4,14.2,62.9,50.0,52.6,13,59,0.2203,0.1892,0.2727,0.0835,2,18,12.11,109
IND,2026,3,T.Warren,TE,targets,TE,1,0,47.3,ROTATIONAL CONTRIBUTOR,54.3,42.0,58.1,50.0,16.8,12,59,0.2034,0.1892,0.2273,0.0381,3,18,3.7,37
IND,2026,4,A.Pierce,WR,targets,WR,7,4,44.2,RISING -- OUT-EARNING DEPTH CHART,52.4,7.1,33.9,100.0,50.5,7,59,0.1186,0.1081,0.1364,0.0283,1,18,14.4,72
IND,2026,5,K.Allen,WR,targets,WR,2,0,41.8,ROTATIONAL CONTRIBUTOR,57.4,14.3,53.3,50.0,20.8,11,59,0.1864,0.1622,0.2273,0.0651,1,18,5.29,37
IND,2026,6,L.Treadwell,WR,targets,WR,4,0,35.7,INSUFFICIENT SAMPLE,50.0,0.0,19.4,50.0,73.2,4,59,0.0678,0.1081,0.0,-0.1081,,,20.33,61
IND,2026,7,D.Jones,QB,rush_attempts_qb,QB,1,0,28.9,INSUFFICIENT SAMPLE,53.0,7.1,9.5,50.0,11.5,1,30,0.0333,0.0,0.0833,0.0833,1,18,3.5,14
IND,2026,8,A.Ogletree,TE,targets,TE,3,1,26.9,INSUFFICIENT SAMPLE,50.0,0.0,9.7,66.7,0.0,2,59,0.0339,0.0541,0.0,-0.0541,,,,
IND,2026,9,D.Burks,WR,targets,WR,6,0,25.7,INSUFFICIENT SAMPLE,50.0,0.0,0.0,50.0,22.5,0,30,0.0,0.0,0.0,0.0,,,7.0,14
IND,2026,10,S.McGowan,RB,rush_attempts,RB,2,0,25.3,INSUFFICIENT SAMPLE,50.0,0.0,11.7,50.0,0.0,2,49,0.0408,0.0667,0.0,-0.0667,,,0.0,0
IND,2026,11,A.Dulin,WR,targets,WR,5,0,25.0,INSUFFICIENT SAMPLE,50.0,0.0,9.9,50.0,0.0,1,29,0.0345,0.0526,0.0,-0.0526,,,,
JAX,2026,1,C.Rodriguez,RB,rush_attempts,RB,2,0,56.4,PRIMARY -- TRUSTED UNDER PRESSURE,74.9,48.0,61.2,50.0,17.7,12,56,0.2143,0.1538,0.3529,0.1991,2,9,3.0,36
JAX,2026,2,P.Washington,WR,targets,WR,1,0,52.8,ROTATIONAL CONTRIBUTOR,51.4,0.0,100.0,50.0,78.0,18,49,0.3673,0.3636,0.375,0.0114,,,15.08,181
JAX,2026,3,B.Tuten,RB,rush_attempts,RB,1,0,50.1,VOLUME ONLY -- BENCHED WHEN IT TIGHTENS,12.0,67.0,100.0,50.0,44.4,28,56,0.5,0.6154,0.2353,-0.3801,3,9,4.84,150
JAX,2026,4,J.Cameron,WR,targets,WR,4,0,45.9,INSUFFICIENT SAMPLE,70.8,27.5,27.2,50.0,36.5,2,21,0.0952,0.0,0.3333,0.3333,1,9,10.0,20
JAX,2026,5,B.Strange,TE,targets,TE,1,0,41.2,ROTATIONAL CONTRIBUTOR,52.1,32.6,29.1,50.0,37.4,5,49,0.102,0.0909,0.125,0.0341,2,9,10.0,40
JAX,2026,6,Bri.Thomas,WR,targets,WR,2,0,40.7,ROTATIONAL CONTRIBUTOR,45.4,0.0,64.1,50.0,54.0,11,49,0.2245,0.2424,0.1875,-0.0549,,,13.33,80
JAX,2026,7,A.Abdullah,RB,rush_attempts,RB,4,1,37.2,RISING -- OUT-EARNING DEPTH CHART,56.2,0.0,35.7,66.7,24.8,7,56,0.125,0.1026,0.1765,0.0739,,,5.0,45
JAX,2026,8,J.Meyers,WR,targets,WR,3,0,34.1,INSUFFICIENT SAMPLE,50.1,0.0,17.5,50.0,63.4,3,49,0.0612,0.0606,0.0625,0.0019,,,17.5,70
JAX,2026,9,Q.Morris,TE,targets,TE,3,1,30.3,INSUFFICIENT SAMPLE,50.0,0.0,11.7,66.7,24.7,2,49,0.0408,0.0606,0.0,-0.0606,,,7.0,7
JAX,2026,10,T.Lawrence,QB,rush_attempts_qb,QB,1,0,29.8,INSUFFICIENT SAMPLE,54.2,0.0,20.4,50.0,10.5,4,56,0.0714,0.0513,0.1176,0.0664,,,2.25,9
JAX,2026,11,N.Mullens,QB,rush_attempts_qb,QB,2,0,28.3,INSUFFICIENT SAMPLE,50.3,0.0,26.8,50.0,-1.0,3,32,0.0938,0.0909,0.1,0.0091,,,-1.0,-3
JAX,2026,12,N.Boerkircher,TE,targets,TE,2,-1,27.3,INSUFFICIENT SAMPLE,50.0,0.0,13.6,33.3,30.1,1,21,0.0476,0.0667,0.0,-0.0667,,,9.0,9
JAX,2026,13,L.Allen,RB,rush_attempts,RB,3,-1,27.0,INSUFFICIENT SAMPLE,50.0,27.5,0.0,33.3,0.0,0,24,0.0,0.0,0.0,0.0,1,9,,
KC,2026,1,K.Walker,RB,rush_attempts,RB,1,0,69.6,ROTATIONAL CONTRIBUTOR,42.6,100.0,100.0,50.0,58.9,47,61,0.7705,0.7879,0.75,-0.0379,11,25,6.59,369
KC,2026,2,X.Worthy,WR,targets,WR,2,1,47.1,RISING -- OUT-EARNING DEPTH CHART,49.1,45.4,54.6,66.7,12.2,13,68,0.1912,0.1944,0.1875,-0.0069,4,25,5.38,43
KC,2026,3,P.Mahomes,QB,rush_attempts_qb,QB,1,0,42.6,INSUFFICIENT SAMPLE,67.9,33.6,25.2,50.0,9.2,3,34,0.0882,0.0,0.2143,0.2143,5,25,4.44,40
KC,2026,4,R.Rice,WR,targets,WR,1,-1,41.9,"CLOSER -- SMALL ROLE, BIG MOMENTS",66.5,10.8,33.6,33.3,51.4,8,68,0.1176,0.0556,0.1875,0.1319,2,25,17.0,102
KC,2026,5,T.Kelce,TE,targets,TE,1,0,40.2,VOLUME ONLY -- BENCHED WHEN IT TIGHTENS,38.7,5.4,67.2,50.0,53.5,16,68,0.2353,0.2778,0.1875,-0.0903,1,25,14.33,172
KC,2026,6,T.Thornton,WR,targets,WR,3,0,38.9,ROTATIONAL CONTRIBUTOR,59.7,0.0,21.0,50.0,70.1,5,68,0.0735,0.0278,0.125,0.0972,,,21.5,86
KC,2026,7,E.Johnson,RB,rush_attempts,RB,2,0,33.7,ROTATIONAL CONTRIBUTOR,41.3,5.4,46.8,50.0,25.5,10,61,0.1639,0.2121,0.1071,-0.105,1,25,7.36,103
KC,2026,8,J.Royals,WR,targets,WR,5,1,31.7,INSUFFICIENT SAMPLE,50.2,17.3,13.3,66.7,1.4,2,43,0.0465,0.0435,0.05,0.0065,1,25,3.0,6
KC,2026,9,J.Briningstool,TE,targets,TE,3,0,27.6,INSUFFICIENT SAMPLE,50.0,0.0,11.4,50.0,19.0,1,25,0.04,0.0769,0.0,-0.0769,,,9.0,9
KC,2026,10,N.Gray,TE,targets,TE,2,0,25.5,INSUFFICIENT SAMPLE,50.0,0.0,8.4,50.0,7.0,2,68,0.0294,0.0556,0.0,-0.0556,,,5.0,5
KC,2026,11,C.Allen,WR,targets,WR,4,-1,24.3,INSUFFICIENT SAMPLE,53.0,0.0,11.4,33.3,0.0,1,25,0.04,0.0,0.0833,0.0833,,,,
LA,2026,1,K.Williams,RB,rush_attempts,RB,1,0,70.1,ROTATIONAL CONTRIBUTOR,50.6,100.0,100.0,50.0,40.9,23,55,0.4182,0.4167,0.4211,0.0044,7,16,5.79,162
LA,2026,2,P.Nacua,WR,targets,WR,1,-1,58.8,PRIMARY -- TRUSTED UNDER PRESSURE,67.0,21.5,95.2,33.3,68.9,9,27,0.3333,0.2667,0.4167,0.15,1,16,14.8,74
LA,2026,3,D.Adams,WR,targets,WR,2,1,49.6,RISING -- OUT-EARNING DEPTH CHART,40.1,7.8,80.2,66.7,85.4,16,57,0.2807,0.3143,0.2273,-0.087,1,16,20.09,221
LA,2026,4,R.Rivers,RB,rush_attempts,RB,3,0,48.4,PRIMARY -- TRUSTED UNDER PRESSURE,77.1,15.6,51.0,50.0,21.0,5,28,0.1786,0.0625,0.3333,0.2708,2,16,4.0,24
LA,2026,5,T.Ferguson,TE,targets,TE,2,1,42.3,RISING -- OUT-EARNING DEPTH CHART,44.7,21.5,50.1,66.7,36.6,10,57,0.1754,0.2,0.1364,-0.0636,1,16,9.0,54
LA,2026,6,B.Corum,RB,rush_attempts,RB,2,0,38.0,VOLUME ONLY -- BENCHED WHEN IT TIGHTENS,21.1,0.0,100.0,50.0,39.8,22,55,0.4,0.5,0.2105,-0.2895,,,6.35,146
LA,2026,7,M.Stafford,QB,rush_attempts_qb,QB,1,0,37.5,ROTATIONAL CONTRIBUTOR,58.5,29.3,26.0,50.0,-0.3,5,55,0.0909,0.0556,0.1579,0.1023,2,16,-0.33,-2
LA,2026,8,T.Atwell,WR,targets,WR,6,2,37.1,INSUFFICIENT SAMPLE,50.0,0.0,19.1,83.3,52.2,2,30,0.0667,0.1,0.0,-0.1,,,19.0,19
LA,2026,9,K.Mumpfield,WR,targets,WR,4,1,31.9,INSUFFICIENT SAMPLE,49.6,0.0,15.0,66.7,33.3,3,57,0.0526,0.0571,0.0455,-0.0117,,,12.0,12
LA,2026,10,T.Higbee,TE,targets,TE,4,1,31.9,INSUFFICIENT SAMPLE,50.6,0.0,21.2,66.7,20.7,2,27,0.0741,0.0667,0.0833,0.0167,,,6.0,12
LA,2026,11,C.Parkinson,TE,targets,TE,1,-1,31.5,INSUFFICIENT SAMPLE,52.1,14.5,20.1,33.3,21.3,4,57,0.0702,0.0571,0.0909,0.0338,1,16,7.0,21
LA,2026,12,D.Allen,TE,targets,TE,3,-1,28.4,INSUFFICIENT SAMPLE,55.7,0.0,10.0,33.3,28.5,2,57,0.0351,0.0,0.0909,0.0909,,,10.0,20
LA,2026,13,X.Smith,WR,targets,WR,5,-1,27.3,INSUFFICIENT SAMPLE,53.6,14.5,9.5,33.3,0.0,1,30,0.0333,0.0,0.1,0.1,1,16,,
LA,2026,14,J.Whittington,WR,targets,WR,3,-2,24.0,INSUFFICIENT SAMPLE,50.0,0.0,10.6,16.7,23.8,1,27,0.037,0.0667,0.0,-0.0667,,,8.0,8
LAC,2026,1,O.Hampton,RB,rush_attempts,RB,1,0,54.1,VOLUME ONLY -- BENCHED WHEN IT TIGHTENS,32.1,59.6,100.0,50.0,33.8,35,47,0.7447,0.7813,0.6667,-0.1146,4,14,4.27,158
LAC,2026,2,L.McConkey,WR,targets,WR,1,-1,48.1,ROTATIONAL CONTRIBUTOR,55.8,31.8,53.9,33.3,61.4,10,53,0.1887,0.1667,0.2174,0.0507,2,14,14.63,117
LAC,2026,3,J.Herbert,QB,rush_attempts_qb,QB,1,0,46.9,INSUFFICIENT SAMPLE,63.9,66.8,18.4,50.0,6.4,2,31,0.0645,0.0,0.2222,0.2222,4,14,3.88,31
LAC,2026,4,D.Njoku,TE,targets,TE,4,3,45.6,RISING -- OUT-EARNING DEPTH CHART,54.1,8.7,43.1,100.0,39.1,8,53,0.1509,0.1333,0.1739,0.0406,1,14,11.17,67
LAC,2026,5,K.Mitchell,RB,rush_attempts,RB,2,0,41.3,ROTATIONAL CONTRIBUTOR,51.0,24.6,54.7,50.0,13.1,9,47,0.1915,0.1875,0.2,0.0125,2,14,4.8,48
LAC,2026,6,T.Harris,WR,targets,WR,3,0,40.7,ROTATIONAL CONTRIBUTOR,50.7,0.0,48.5,50.0,65.0,9,53,0.1698,0.1667,0.1739,0.0072,,,18.25,73
LAC,2026,7,Q.Johnston,WR,targets,WR,2,1,37.2,RISING -- OUT-EARNING DEPTH CHART,44.1,0.0,59.3,66.7,19.8,11,53,0.2075,0.2333,0.1739,-0.0594,,,7.75,31
LAC,2026,8,O.Gadsden,TE,targets,TE,2,0,36.1,INSUFFICIENT SAMPLE,51.3,15.9,21.6,50.0,40.3,4,53,0.0755,0.0667,0.087,0.0203,1,14,12.5,50
LAC,2026,9,B.Thompson,WR,targets,WR,4,0,35.6,INSUFFICIENT SAMPLE,54.8,0.0,33.0,50.0,36.8,3,26,0.1154,0.0769,0.1538,0.0769,,,13.0,13
LAC,2026,10,D.Davis,WR,targets,WR,6,1,27.3,INSUFFICIENT SAMPLE,50.4,0.0,10.8,66.7,0.0,2,53,0.0377,0.0333,0.0435,0.0101,,,,
LAC,2026,11,C.Kolar,TE,targets,TE,1,-2,27.0,INSUFFICIENT SAMPLE,47.3,0.0,33.0,16.7,19.1,3,26,0.1154,0.1538,0.0769,-0.0769,,,7.0,21
LV,2026,1,A.Jeanty,RB,rush_attempts,RB,1,0,64.0,VOLUME ONLY -- BENCHED WHEN IT TIGHTENS,28.5,100.0,100.0,50.0,52.5,44,64,0.6875,0.7317,0.6087,-0.123,13,22,3.89,210
LV,2026,2,T.Tucker,WR,targets,WR,1,0,47.3,ROTATIONAL CONTRIBUTOR,55.2,15.4,54.2,50.0,69.4,11,58,0.1897,0.1714,0.2174,0.046,1,22,20.86,146
LV,2026,3,M.Washington,RB,rush_attempts,RB,2,0,40.0,ROTATIONAL CONTRIBUTOR,52.8,21.4,44.7,50.0,20.4,10,64,0.1563,0.1463,0.1739,0.0276,2,22,4.8,48
LV,2026,4,M.Mayer,TE,targets,TE,2,1,37.3,RISING -- OUT-EARNING DEPTH CHART,41.8,6.0,54.2,66.7,24.2,11,58,0.1897,0.2286,0.1304,-0.0981,1,22,6.11,55
LV,2026,5,C.White,WR,targets,WR,6,1,35.8,INSUFFICIENT SAMPLE,53.7,12.0,14.8,66.7,32.9,3,58,0.0517,0.0286,0.087,0.0584,2,22,12.0,24
LV,2026,6,J.Nailor,WR,targets,WR,2,0,34.9,ROTATIONAL CONTRIBUTOR,49.0,6.0,39.4,50.0,25.4,8,58,0.1379,0.1429,0.1304,-0.0124,1,22,9.0,36
LV,2026,7,J.Bech,WR,targets,WR,3,0,34.4,ROTATIONAL CONTRIBUTOR,48.3,12.0,29.5,50.0,28.9,6,58,0.1034,0.1143,0.087,-0.0273,2,22,9.6,48
LV,2026,8,D.Young,WR,targets,WR,5,-1,30.3,INSUFFICIENT SAMPLE,50.0,0.0,9.9,33.3,60.9,1,29,0.0345,0.0526,0.0,-0.0526,,,27.0,27
LV,2026,9,I.Thomas,TE,targets,TE,3,1,30.1,INSUFFICIENT SAMPLE,50.0,0.0,9.9,66.7,25.9,1,29,0.0345,0.0526,0.0,-0.0526,,,11.0,11
LV,2026,10,K.Cousins,QB,rush_attempts_qb,QB,1,0,30.1,ROTATIONAL CONTRIBUTOR,52.7,0.0,31.3,50.0,-0.3,7,64,0.1094,0.0976,0.1304,0.0329,,,-0.56,-5
LV,2026,11,C.Heyward,FB,rush_attempts,FB,1,0,27.1,INSUFFICIENT SAMPLE,55.4,0.0,8.9,50.0,4.0,2,64,0.0313,0.0,0.087,0.087,,,1.0,2
LV,2026,12,M.Benson,WR,targets,WR,4,0,25.7,INSUFFICIENT SAMPLE,49.5,0.0,14.8,50.0,-0.9,3,58,0.0517,0.0571,0.0435,-0.0137,,,-1.0,-2
MIA,2026,1,D.Achane,RB,rush_attempts,RB,1,0,57.8,VOLUME ONLY -- BENCHED WHEN IT TIGHTENS,16.4,100.0,100.0,50.0,34.8,31,41,0.7561,0.84,0.625,-0.215,7,14,4.18,159
MIA,2026,2,C.Douglas,WR,targets,WR,2,0,51.3,PRIMARY -- TRUSTED UNDER PRESSURE,82.2,8.7,57.1,50.0,33.1,10,50,0.2,0.1176,0.375,0.2574,1,14,16.14,113
MIA,2026,3,M.Washington,WR,targets,WR,1,0,40.1,ROTATIONAL CONTRIBUTOR,41.1,8.7,74.3,50.0,27.9,13,50,0.26,0.2941,0.1875,-0.1066,1,14,12.5,100
MIA,2026,4,R.Miller,WR,targets,WR,6,1,38.6,INSUFFICIENT SAMPLE,53.6,0.0,12.4,66.7,82.2,1,23,0.0435,0.0,0.1,0.1,,,77.0,77
MIA,2026,5,J.Wright,RB,rush_attempts,RB,2,0,35.7,INSUFFICIENT SAMPLE,55.3,29.1,20.9,50.0,2.8,3,41,0.0732,0.04,0.125,0.085,2,14,3.33,10
MIA,2026,6,G.Dulcich,TE,targets,TE,1,0,31.4,ROTATIONAL CONTRIBUTOR,48.0,8.7,28.6,50.0,11.7,5,50,0.1,0.1176,0.0625,-0.0551,1,14,8.75,35
MIA,2026,7,O.Gordon,RB,rush_attempts,RB,3,0,30.9,INSUFFICIENT SAMPLE,48.5,8.7,30.6,50.0,2.9,3,28,0.1071,0.125,0.0833,-0.0417,1,14,2.33,7
MIA,2026,8,C.Bell,WR,targets,WR,3,0,29.5,INSUFFICIENT SAMPLE,50.0,0.0,17.1,50.0,25.8,3,50,0.06,0.0882,0.0,-0.0882,,,25.0,25
MIA,2026,9,M.Willis,QB,rush_attempts_qb,QB,1,0,29.4,INSUFFICIENT SAMPLE,50.8,8.7,13.9,50.0,11.7,2,41,0.0488,0.04,0.0625,0.0225,1,14,5.63,45
MIA,2026,10,K.Coleman,WR,targets,WR,4,0,28.7,INSUFFICIENT SAMPLE,54.3,0.0,21.2,50.0,0.0,2,27,0.0741,0.0476,0.1667,0.119,,,,
MIA,2026,11,W.Kacmarek,TE,targets,TE,2,0,26.0,INSUFFICIENT SAMPLE,51.2,0.0,11.4,50.0,2.8,2,50,0.04,0.0294,0.0625,0.0331,,,4.0,4
MIA,2026,12,D.Herman,RB,rush_attempts,FB,1,0,25.2,INSUFFICIENT SAMPLE,50.0,0.0,0.0,50.0,18.0,0,28,0.0,0.0,0.0,0.0,,,18.0,18
MIN,2026,1,J.Jefferson,WR,targets,WR,1,0,71.6,PRIMARY -- TRUSTED UNDER PRESSURE,65.8,62.7,100.0,50.0,78.6,16,43,0.3721,0.3158,0.4167,0.1009,4,15,13.36,147
MIN,2026,2,J.Mason,RB,rush_attempts,RB,4,2,61.3,RISING -- OUT-EARNING DEPTH CHART,37.5,62.7,100.0,83.3,39.8,15,31,0.4839,0.5263,0.4167,-0.1096,4,15,3.93,59
MIN,2026,3,A.Jones,RB,rush_attempts,RB,1,0,57.2,ROTATIONAL CONTRIBUTOR,41.6,52.2,100.0,50.0,46.8,35,58,0.6034,0.6216,0.5714,-0.0502,4,15,4.14,145
MIN,2026,4,T.Hockenson,TE,targets,TE,1,0,52.5,PRIMARY -- TRUSTED UNDER PRESSURE,75.1,16.5,59.8,50.0,45.1,9,43,0.2093,0.1053,0.2917,0.1864,2,15,9.29,65
MIN,2026,5,J.Addison,WR,targets,WR,2,0,39.6,ROTATIONAL CONTRIBUTOR,50.9,8.2,46.5,50.0,43.6,7,43,0.1628,0.1579,0.1667,0.0088,1,15,10.5,21
MIN,2026,6,J.Oliver,TE,targets,TE,2,0,37.0,ROTATIONAL CONTRIBUTOR,50.0,0.0,33.2,50.0,61.1,5,43,0.1163,0.2632,0.0,-0.2632,,,15.33,46
MIN,2026,7,C.Wentz,QB,rush_attempts_qb,QB,2,1,35.7,RISING -- OUT-EARNING DEPTH CHART,63.6,0.0,29.5,66.7,1.2,6,58,0.1034,0.0541,0.1905,0.1364,,,0.63,5
MIN,2026,8,M.Price,WR,targets,WR,5,2,30.0,INSUFFICIENT SAMPLE,50.0,0.0,15.0,83.3,0.0,1,19,0.0526,0.125,0.0,-0.125,,,,
MIN,2026,9,D.Dallas,RB,rush_attempts,RB,2,-1,25.5,INSUFFICIENT SAMPLE,50.0,0.0,9.9,33.3,20.8,2,58,0.0345,0.0541,0.0,-0.0541,,,5.25,21
MIN,2026,10,J.Jennings,WR,targets,WR,3,-1,23.4,INSUFFICIENT SAMPLE,50.0,0.0,11.9,33.3,0.0,1,24,0.0417,0.0909,0.0,-0.0909,,,,
MIN,2026,11,D.Claiborne,RB,rush_attempts,RB,3,-1,21.7,INSUFFICIENT SAMPLE,50.0,0.0,0.0,33.3,5.6,0,27,0.0,0.0,0.0,0.0,,,2.0,2
NE,2026,1,T.Henderson,RB,rush_attempts,RB,2,0,48.0,ROTATIONAL CONTRIBUTOR,51.6,0.0,100.0,50.0,37.5,16,26,0.6154,0.6111,0.625,0.0139,,,4.75,76
NE,2026,2,R.Stevenson,RB,rush_attempts,RB,1,0,47.0,ROTATIONAL CONTRIBUTOR,48.5,0.0,100.0,50.0,37.8,24,51,0.4706,0.4737,0.4615,-0.0121,,,4.7,141
NE,2026,3,M.Hollins,WR,targets,WR,3,0,42.0,ROTATIONAL CONTRIBUTOR,57.1,22.3,38.5,50.0,33.5,7,52,0.1346,0.1034,0.1739,0.0705,1,3,11.5,69
NE,2026,4,E.Raridon,TE,targets,TE,2,0,41.0,INSUFFICIENT SAMPLE,50.3,53.6,11.0,50.0,32.8,2,52,0.0385,0.0345,0.0435,0.009,1,3,16.0,32
NE,2026,5,A.Brown,WR,targets,WR,6,2,40.6,INSUFFICIENT SAMPLE,58.8,0.0,36.9,83.3,27.0,4,31,0.129,0.0714,0.1765,0.105,,,8.67,26
NE,2026,6,D.Douglas,WR,targets,WR,2,1,39.9,RISING -- OUT-EARNING DEPTH CHART,59.0,0.0,49.5,66.7,15.8,9,52,0.1731,0.1379,0.2174,0.0795,,,4.83,29
NE,2026,7,R.Doubs,WR,targets,WR,1,-1,38.7,ROTATIONAL CONTRIBUTOR,49.4,0.0,38.5,33.3,84.9,7,52,0.1346,0.1379,0.1304,-0.0075,,,32.0,96
NE,2026,8,H.Henry,TE,targets,TE,1,0,38.0,ROTATIONAL CONTRIBUTOR,42.5,22.3,43.9,50.0,32.2,8,52,0.1538,0.2069,0.087,-0.1199,1,3,11.0,66
NE,2026,9,C.Kiner,RB,rush_attempts,RB,3,0,31.5,ROTATIONAL CONTRIBUTOR,46.2,0.0,44.8,50.0,7.1,8,51,0.1569,0.1842,0.0769,-0.1073,,,1.38,11
NE,2026,10,K.Williams,WR,targets,WR,4,-1,30.2,INSUFFICIENT SAMPLE,53.6,0.0,27.2,33.3,21.3,2,21,0.0952,0.0667,0.1667,0.1,,,10.0,10
NE,2026,11,D.Maye,QB,rush_attempts_qb,QB,1,0,29.6,INSUFFICIENT SAMPLE,50.9,0.0,16.8,50.0,24.2,3,51,0.0588,0.0526,0.0769,0.0243,,,5.82,64
NE,2026,12,E.Chism,WR,targets,WR,5,-1,25.7,INSUFFICIENT SAMPLE,56.0,0.0,13.6,33.3,-0.7,1,21,0.0476,0.0,0.1667,0.1667,,,-2.0,-2
NE,2026,13,L.Larison,RB,rush_attempts,,,,24.6,INSUFFICIENT SAMPLE,50.0,0.0,0.0,50.0,13.5,0,25,0.0,0.0,0.0,0.0,,,4.5,9
NE,2026,14,R.Gilliam,RB,rush_attempts,FB,1,0,24.2,INSUFFICIENT SAMPLE,50.0,0.0,0.0,50.0,10.3,0,26,0.0,0.0,0.0,0.0,,,4.0,4
NO,2026,1,J.Johnson,TE,targets,TE,1,0,62.9,"CLOSER -- SMALL ROLE, BIG MOMENTS",94.5,41.6,37.0,50.0,68.3,11,85,0.1294,0.0,0.275,0.275,4,22,17.14,120
NO,2026,2,T.Shough,QB,rush_attempts_qb,QB,1,0,53.0,PRIMARY -- TRUSTED UNDER PRESSURE,68.2,55.7,52.5,50.0,9.0,9,49,0.1837,0.1154,0.2609,0.1455,5,22,2.38,31
NO,2026,3,K.Miller,RB,rush_attempts,RB,4,2,52.2,RISING -- OUT-EARNING DEPTH CHART,44.7,23.7,100.0,83.3,14.7,9,23,0.3913,0.4167,0.3636,-0.053,2,22,3.33,30
NO,2026,4,C.Olave,WR,targets,WR,1,0,50.3,ROTATIONAL CONTRIBUTOR,51.3,6.0,77.3,50.0,84.0,23,85,0.2706,0.2667,0.275,0.0083,1,22,14.89,268
NO,2026,5,D.Vele,WR,targets,WR,2,0,47.8,ROTATIONAL CONTRIBUTOR,53.2,30.7,53.8,50.0,51.6,16,85,0.1882,0.1778,0.2,0.0222,2,22,11.08,133
NO,2026,6,T.Etienne,RB,rush_attempts,RB,1,0,45.7,VOLUME ONLY -- BENCHED WHEN IT TIGHTENS,24.9,36.8,100.0,50.0,26.5,18,49,0.3673,0.4615,0.2609,-0.2007,4,22,4.19,109
NO,2026,7,A.Kamara,RB,rush_attempts,RB,2,-1,43.8,ROTATIONAL CONTRIBUTOR,47.6,12.0,98.9,33.3,10.4,9,26,0.3462,0.3571,0.3333,-0.0238,2,22,1.57,22
NO,2026,8,B.Lance,WR,targets,WR,3,0,36.6,ROTATIONAL CONTRIBUTOR,50.7,18.8,20.2,50.0,43.3,6,85,0.0706,0.0667,0.075,0.0083,1,22,12.5,50
NO,2026,9,N.Fant,TE,targets,TE,2,0,36.3,ROTATIONAL CONTRIBUTOR,45.1,11.9,43.1,50.0,30.7,8,53,0.1509,0.1786,0.12,-0.0586,1,22,8.25,33
NO,2026,10,K.Austin,WR,targets,WR,5,1,30.2,INSUFFICIENT SAMPLE,52.4,0.0,8.9,66.7,21.3,1,32,0.0313,0.0,0.0667,0.0667,,,7.0,7
NO,2026,11,C.Donaldson,RB,rush_attempts,RB,3,-1,28.3,INSUFFICIENT SAMPLE,60.9,0.0,17.5,33.3,0.6,3,49,0.0612,0.0,0.1304,0.1304,,,1.0,4
NO,2026,12,O.Delp,TE,targets,TE,3,0,27.8,INSUFFICIENT SAMPLE,50.0,0.0,8.9,50.0,24.8,1,32,0.0313,0.0588,0.0,-0.0588,,,8.0,8
NO,2026,13,B.Brown,WR,targets,WR,4,-1,21.8,INSUFFICIENT SAMPLE,50.0,0.0,0.0,33.3,6.9,0,53,0.0,0.0,0.0,0.0,,,3.0,3
NYG,2026,1,C.Skattebo,RB,rush_attempts,RB,1,0,65.5,ROTATIONAL CONTRIBUTOR,51.8,78.4,100.0,50.0,39.0,30,56,0.5357,0.5313,0.5417,0.0104,5,17,4.0,136
NYG,2026,2,I.Likely,TE,targets,TE,1,0,61.1,PRIMARY -- TRUSTED UNDER PRESSURE,66.5,46.1,84.3,50.0,46.0,18,61,0.2951,0.25,0.36,0.11,4,17,8.54,111
NYG,2026,3,J.Dart,QB,rush_attempts_qb,QB,2,1,51.5,RISING -- OUT-EARNING DEPTH CHART,69.6,7.4,73.5,66.7,29.2,9,35,0.2571,0.1765,0.3333,0.1569,1,17,4.91,54
NYG,2026,4,N.Harris,RB,rush_attempts,RB,3,0,47.7,INSUFFICIENT SAMPLE,62.5,39.7,54.4,50.0,6.8,4,21,0.1905,0.1333,0.3333,0.2,2,17,1.5,6
NYG,2026,5,M.Nabers,WR,targets,WR,1,0,42.6,ROTATIONAL CONTRIBUTOR,47.5,14.9,60.9,50.0,41.2,13,61,0.2131,0.2222,0.2,-0.0222,2,17,10.0,70
NYG,2026,6,D.Singletary,RB,rush_attempts,RB,2,0,38.7,ROTATIONAL CONTRIBUTOR,42.6,30.9,45.9,50.0,18.7,9,56,0.1607,0.25,0.0417,-0.2083,3,17,3.62,47
NYG,2026,7,M.Fields,WR,targets,WR,2,0,37.9,ROTATIONAL CONTRIBUTOR,49.3,0.0,46.8,50.0,48.2,10,61,0.1639,0.1667,0.16,-0.0067,,,13.75,55
NYG,2026,8,D.Mooney,WR,targets,WR,3,0,35.6,ROTATIONAL CONTRIBUTOR,49.8,0.0,23.4,50.0,66.2,5,61,0.082,0.0833,0.08,-0.0033,,,18.75,75
NYG,2026,9,J.Winston,QB,rush_attempts_qb,QB,1,-1,33.6,INSUFFICIENT SAMPLE,70.8,0.0,27.2,33.3,0.7,2,21,0.0952,0.0,0.3333,0.3333,,,0.5,1
NYG,2026,10,T.Johnson,TE,targets,TE,2,0,30.0,ROTATIONAL CONTRIBUTOR,47.5,0.0,23.4,50.0,26.1,5,61,0.082,0.1111,0.04,-0.0711,,,9.0,9
NYG,2026,11,T.Tracy,RB,rush_attempts,RB,4,0,28.9,INSUFFICIENT SAMPLE,50.0,0.0,16.3,50.0,22.2,2,35,0.0571,0.1176,0.0,-0.1176,,,7.0,14
NYG,2026,12,P.Ricard,RB,rush_attempts,FB,1,0,23.0,INSUFFICIENT SAMPLE,50.0,0.0,0.0,50.0,0.0,0,35,0.0,0.0,0.0,0.0,,,,
NYJ,2026,1,G.Wilson,WR,targets,WR,1,-1,56.7,PRIMARY -- TRUSTED UNDER PRESSURE,81.9,26.0,67.8,33.3,46.5,14,59,0.2373,0.1471,0.36,0.2129,1,14,12.36,136
NYJ,2026,2,B.Allen,RB,rush_attempts,RB,2,0,55.8,PRIMARY -- TRUSTED UNDER PRESSURE,70.2,43.4,71.4,50.0,17.3,15,60,0.25,0.2,0.35,0.15,3,14,3.44,55
NYJ,2026,3,B.Hall,RB,rush_attempts,RB,1,0,55.3,VOLUME ONLY -- BENCHED WHEN IT TIGHTENS,18.8,78.1,100.0,50.0,47.7,38,60,0.6333,0.7,0.5,-0.2,5,14,4.67,210
NYJ,2026,4,A.Mitchell,WR,targets,WR,2,1,45.9,RISING -- OUT-EARNING DEPTH CHART,46.9,8.7,72.6,66.7,46.2,15,59,0.2542,0.2647,0.24,-0.0247,1,14,13.67,123
NYJ,2026,5,O.Cooper,WR,targets,WR,6,2,38.4,INSUFFICIENT SAMPLE,55.1,0.0,12.4,83.3,60.2,1,23,0.0435,0.0,0.1429,0.1429,,,30.0,30
NYJ,2026,6,K.Sadiq,TE,targets,TE,1,0,36.2,ROTATIONAL CONTRIBUTOR,47.7,26.0,29.1,50.0,20.2,6,59,0.1017,0.1176,0.08,-0.0376,1,14,6.83,41
NYJ,2026,7,I.Williams,WR,targets,WR,3,0,34.5,ROTATIONAL CONTRIBUTOR,50.2,8.7,33.9,50.0,22.8,7,59,0.1186,0.1176,0.12,0.0024,1,14,6.88,55
NYJ,2026,8,G.Smith,QB,rush_attempts_qb,QB,1,0,31.4,ROTATIONAL CONTRIBUTOR,51.6,8.7,23.8,50.0,9.5,5,60,0.0833,0.075,0.1,0.025,1,14,2.18,24
NYJ,2026,9,M.Taylor,TE,targets,TE,2,0,30.4,INSUFFICIENT SAMPLE,50.0,0.0,37.3,50.0,-0.7,3,23,0.1304,0.1875,0.0,-0.1875,,,-1.0,-2
NYJ,2026,10,A.Smith,WR,targets,WR,7,2,29.5,INSUFFICIENT SAMPLE,50.0,0.0,12.4,83.3,0.0,1,23,0.0435,0.0625,0.0,-0.0625,,,,
NYJ,2026,11,J.Ruckert,TE,targets,TE,3,0,28.5,INSUFFICIENT SAMPLE,49.3,8.7,14.5,50.0,8.1,3,59,0.0508,0.0588,0.04,-0.0188,1,14,3.0,9
PHI,2026,1,D.Smith,WR,targets,WR,1,0,65.5,PRIMARY -- TRUSTED UNDER PRESSURE,84.7,18.2,96.9,50.0,61.1,19,56,0.3393,0.2308,0.4333,0.2026,1,16,13.08,170
PHI,2026,2,D.Wicks,WR,targets,WR,2,0,61.4,PRIMARY -- TRUSTED UNDER PRESSURE,89.2,26.0,51.0,50.0,76.6,10,56,0.1786,0.0385,0.3,0.2615,2,16,21.0,147
PHI,2026,3,W.Shipley,RB,rush_attempts,RB,3,0,49.3,PRIMARY -- TRUSTED UNDER PRESSURE,72.1,31.3,51.4,50.0,13.9,9,50,0.18,0.1176,0.3125,0.1949,4,16,3.42,41
PHI,2026,4,J.Hurts,QB,rush_attempts_qb,QB,1,0,47.4,"CLOSER -- SMALL ROLE, BIG MOMENTS",85.5,18.2,28.6,50.0,22.0,5,50,0.1,0.0,0.3125,0.3125,1,16,5.17,62
PHI,2026,5,T.Bigsby,RB,rush_attempts,RB,2,0,46.3,VOLUME ONLY -- BENCHED WHEN IT TIGHTENS,38.7,44.3,80.0,50.0,11.8,14,50,0.28,0.3235,0.1875,-0.136,3,16,2.56,41
PHI,2026,6,S.Barkley,RB,rush_attempts,RB,1,0,41.8,VOLUME ONLY -- BENCHED WHEN IT TIGHTENS,26.4,15.6,100.0,50.0,27.9,19,50,0.38,0.4706,0.1875,-0.2831,2,16,4.76,100
PHI,2026,7,D.Goedert,TE,targets,TE,1,0,40.5,ROTATIONAL CONTRIBUTOR,51.8,15.6,35.7,50.0,52.8,7,56,0.125,0.1154,0.1333,0.0179,2,16,16.2,81
PHI,2026,8,D.Cooper,WR,targets,WR,4,0,38.1,INSUFFICIENT SAMPLE,47.1,28.6,25.2,50.0,39.4,3,34,0.0882,0.1333,0.0526,-0.0807,1,16,13.0,26
PHI,2026,9,J.Mundt,TE,targets,TE,2,0,28.4,INSUFFICIENT SAMPLE,47.1,0.0,25.2,50.0,10.8,3,34,0.0882,0.1333,0.0526,-0.0807,,,4.0,8
PHI,2026,10,M.Lemon,WR,targets,WR,3,0,26.7,ROTATIONAL CONTRIBUTOR,45.7,0.0,25.5,50.0,0.7,5,56,0.0893,0.1538,0.0333,-0.1205,,,0.8,4
PHI,2026,11,M.Brown,WR,targets,WR,5,0,25.1,INSUFFICIENT SAMPLE,50.0,0.0,0.0,50.0,17.1,0,34,0.0,0.0,0.0,0.0,,,6.0,12
PIT,2026,1,J.Warren,RB,rush_attempts,RB,1,0,50.6,VOLUME ONLY -- BENCHED WHEN IT TIGHTENS,25.6,46.9,100.0,50.0,46.6,21,42,0.5,0.5714,0.3571,-0.2143,2,6,5.36,150
PIT,2026,2,R.Dowdle,RB,rush_attempts,RB,2,0,49.1,ROTATIONAL CONTRIBUTOR,50.0,15.6,100.0,50.0,22.3,15,42,0.3571,0.3571,0.3571,0.0,1,6,3.42,65
PIT,2026,3,G.Bernard,WR,targets,WR,4,1,47.6,RISING -- OUT-EARNING DEPTH CHART,56.7,15.6,61.8,66.7,37.6,8,37,0.2162,0.1923,0.2727,0.0804,1,6,8.75,35
PIT,2026,4,P.Freiermuth,TE,targets,TE,1,0,46.3,RED ZONE SPECIALIST,52.1,46.9,38.6,50.0,37.9,10,74,0.1351,0.1277,0.1481,0.0205,2,6,8.0,80
PIT,2026,5,D.Metcalf,WR,targets,WR,1,0,45.0,ROTATIONAL CONTRIBUTOR,58.9,0.0,73.4,50.0,36.0,19,74,0.2568,0.234,0.2963,0.0623,,,8.38,67
PIT,2026,6,R.Wilson,WR,targets,WR,3,1,41.7,RISING -- OUT-EARNING DEPTH CHART,61.8,0.0,46.3,66.7,28.7,12,74,0.1622,0.1277,0.2222,0.0946,,,6.75,54
PIT,2026,7,A.Rodgers,QB,rush_attempts_qb,QB,1,0,39.7,INSUFFICIENT SAMPLE,75.0,0.0,40.8,50.0,0.5,3,21,0.1429,0.0,0.3,0.3,,,0.5,2
PIT,2026,8,T.Homer,RB,rush_attempts,RB,4,1,33.7,INSUFFICIENT SAMPLE,50.0,0.0,27.2,66.7,27.1,2,21,0.0952,0.1176,0.0,-0.1176,,,8.0,16
PIT,2026,9,M.Pittman,WR,targets,WR,2,-2,32.4,INSUFFICIENT SAMPLE,48.8,0.0,23.2,16.7,76.0,3,37,0.0811,0.0952,0.0625,-0.0327,,,19.33,58
PIT,2026,10,D.Washington,TE,targets,TE,2,0,28.9,INSUFFICIENT SAMPLE,49.0,0.0,15.5,50.0,26.4,4,74,0.0541,0.0638,0.037,-0.0268,,,8.33,25
PIT,2026,11,B.Skowronek,WR,targets,WR,5,0,25.1,INSUFFICIENT SAMPLE,50.0,0.0,7.7,50.0,4.9,1,37,0.027,0.0385,0.0,-0.0385,,,2.0,2
SEA,2026,1,J.Smith-Njigba,WR,targets,WR,1,0,78.0,PRIMARY -- TRUSTED UNDER PRESSURE,87.8,46.8,100.0,50.0,98.6,22,50,0.44,0.3448,0.5714,0.2266,6,27,16.29,277
SEA,2026,2,E.Wilson,RB,rush_attempts,RB,2,1,75.6,RISING -- OUT-EARNING DEPTH CHART,67.3,88.7,100.0,66.7,43.3,23,61,0.377,0.3333,0.44,0.1067,8,27,4.13,95
SEA,2026,3,G.Holani,RB,rush_attempts,RB,3,0,56.0,PRIMARY -- TRUSTED UNDER PRESSURE,69.0,51.7,56.2,50.0,32.7,12,61,0.1967,0.1389,0.28,0.1411,6,27,3.38,44
SEA,2026,4,J.Price,RB,rush_attempts,RB,1,-1,41.2,VOLUME ONLY -- BENCHED WHEN IT TIGHTENS,13.2,31.4,100.0,33.3,48.2,23,61,0.377,0.5278,0.16,-0.3678,3,27,4.54,118
SEA,2026,5,R.Shaheed,WR,targets,WR,2,0,40.1,ROTATIONAL CONTRIBUTOR,51.8,5.0,51.4,50.0,42.2,9,50,0.18,0.1724,0.1905,0.0181,1,27,8.6,43
SEA,2026,6,C.Kupp,WR,targets,WR,3,0,35.0,ROTATIONAL CONTRIBUTOR,49.5,0.0,28.6,50.0,53.9,5,50,0.1,0.1034,0.0952,-0.0082,,,13.75,55
SEA,2026,7,D.Lock,QB,rush_attempts_qb,QB,2,1,34.9,INSUFFICIENT SAMPLE,55.1,5.0,13.6,66.7,36.0,1,21,0.0476,0.0,0.1429,0.1429,1,27,6.5,13
SEA,2026,8,E.Arroyo,TE,targets,TE,3,1,33.9,INSUFFICIENT SAMPLE,50.0,0.0,11.0,66.7,55.4,1,26,0.0385,0.0714,0.0,-0.0714,,,17.0,17
SEA,2026,9,A.Barner,TE,targets,TE,1,0,33.8,INSUFFICIENT SAMPLE,50.0,15.8,17.1,50.0,32.7,3,50,0.06,0.1034,0.0,-0.1034,1,27,5.5,22
SEA,2026,10,B.Russell,RB,rush_attempts,FB,1,0,28.4,INSUFFICIENT SAMPLE,50.0,0.0,0.0,50.0,45.4,0,21,0.0,0.0,0.0,0.0,,,10.0,20
SEA,2026,11,E.Saubert,TE,targets,TE,2,-1,24.9,INSUFFICIENT SAMPLE,53.0,5.0,11.0,33.3,-3.2,1,26,0.0385,0.0,0.0833,0.0833,1,27,-10.0,-10
SF,2026,1,C.McCaffrey,RB,rush_attempts,RB,1,-1,71.6,PRIMARY -- TRUSTED UNDER PRESSURE,62.8,96.5,100.0,33.3,41.9,20,52,0.3846,0.359,0.4615,0.1026,8,22,5.31,154
SF,2026,2,M.Evans,WR,targets,WR,1,-1,51.2,PRIMARY -- TRUSTED UNDER PRESSURE,76.2,22.7,51.9,33.3,49.6,10,55,0.1818,0.0968,0.2917,0.1949,2,22,11.44,103
SF,2026,3,D.Samuel,WR,targets,WR,2,1,49.5,RISING -- OUT-EARNING DEPTH CHART,51.7,34.3,57.1,66.7,41.0,11,55,0.2,0.1935,0.2083,0.0148,3,22,8.64,95
SF,2026,4,K.Black,RB,rush_attempts,RB,2,1,46.8,RISING -- OUT-EARNING DEPTH CHART,37.2,12.0,100.0,66.7,29.6,21,52,0.4038,0.4359,0.3077,-0.1282,2,22,4.32,95
SF,2026,5,B.Purdy,QB,rush_attempts_qb,QB,1,0,44.2,INSUFFICIENT SAMPLE,72.3,16.7,30.6,50.0,31.7,3,28,0.1071,0.0435,0.4,0.3565,1,22,7.38,59
SF,2026,6,G.Kittle,TE,targets,TE,1,0,43.8,ROTATIONAL CONTRIBUTOR,44.3,29.1,46.7,50.0,58.1,9,55,0.1636,0.1935,0.125,-0.0685,3,22,15.33,92
SF,2026,7,D.Robinson,WR,targets,WR,3,0,40.5,ROTATIONAL CONTRIBUTOR,47.1,22.7,31.2,50.0,60.6,6,55,0.1091,0.129,0.0833,-0.0457,2,22,16.8,84
SF,2026,8,K.Hodge,WR,targets,WR,6,2,36.4,INSUFFICIENT SAMPLE,50.0,0.0,13.6,83.3,55.9,1,21,0.0476,0.0769,0.0,-0.0769,,,18.0,18
SF,2026,9,J.James,RB,rush_attempts,RB,3,0,33.9,INSUFFICIENT SAMPLE,47.8,0.0,47.6,50.0,17.4,4,24,0.1667,0.1875,0.125,-0.0625,,,3.75,15
SF,2026,10,K.Juszczyk,FB,rush_attempts,FB,1,0,31.2,INSUFFICIENT SAMPLE,50.0,11.5,0.0,50.0,47.0,0,24,0.0,0.0,0.0,0.0,1,22,13.5,27
SF,2026,11,L.Farrell,TE,targets,TE,2,0,30.4,INSUFFICIENT SAMPLE,50.0,0.0,16.8,50.0,33.9,2,34,0.0588,0.1111,0.0,-0.1111,,,9.5,19
SF,2026,12,M.Jones,QB,rush_attempts_qb,QB,2,0,27.7,INSUFFICIENT SAMPLE,50.0,0.0,23.8,50.0,-0.7,2,24,0.0833,0.125,0.0,-0.125,,,-1.0,-2
TB,2026,1,B.Irving,RB,rush_attempts,RB,1,0,56.4,ROTATIONAL CONTRIBUTOR,45.9,44.3,100.0,50.0,42.0,25,38,0.6579,0.6667,0.6364,-0.0303,5,20,5.08,183
TB,2026,2,T.Hurst,WR,targets,WR,4,2,48.1,RISING -- OUT-EARNING DEPTH CHART,62.6,13.0,47.6,83.3,37.2,10,60,0.1667,0.1212,0.2222,0.101,2,20,12.6,63
TB,2026,3,T.Johnson,WR,targets,WR,5,1,43.7,RISING -- OUT-EARNING DEPTH CHART,54.2,24.7,23.8,66.7,59.0,5,60,0.0833,0.0606,0.1111,0.0505,2,20,22.5,45
TB,2026,4,E.Egbuka,WR,targets,WR,1,0,43.0,ROTATIONAL CONTRIBUTOR,43.6,37.2,52.4,50.0,29.2,11,60,0.1833,0.2121,0.1481,-0.064,2,20,8.44,76
TB,2026,5,K.Gainwell,RB,rush_attempts,RB,2,0,40.7,PRIMARY -- TRUSTED UNDER PRESSURE,60.4,13.0,52.6,50.0,6.6,7,38,0.1842,0.1481,0.2727,0.1246,2,20,3.0,33
TB,2026,6,B.Mayfield,QB,rush_attempts_qb,QB,1,0,38.9,INSUFFICIENT SAMPLE,51.9,44.3,15.0,50.0,21.0,2,38,0.0526,0.037,0.0909,0.0539,5,20,6.56,59
TB,2026,7,C.Otton,TE,targets,TE,1,0,37.2,ROTATIONAL CONTRIBUTOR,43.6,13.0,52.4,50.0,25.6,11,60,0.1833,0.2121,0.1481,-0.064,2,20,8.0,64
TB,2026,8,C.Godwin,WR,targets,WR,2,-1,32.3,ROTATIONAL CONTRIBUTOR,49.2,0.0,33.3,33.3,41.3,7,60,0.1167,0.1212,0.1111,-0.0101,,,11.22,101
TEN,2026,1,E.Ayomanor,WR,targets,WR,4,1,61.5,RISING -- OUT-EARNING DEPTH CHART,85.7,38.2,38.1,66.7,69.5,6,45,0.1333,0.0,0.2857,0.2857,3,16,26.67,80
TEN,2026,2,T.Pollard,RB,rush_attempts,RB,1,0,58.8,ROTATIONAL CONTRIBUTOR,41.8,69.4,100.0,50.0,27.8,21,37,0.5676,0.5909,0.5333,-0.0576,5,16,4.3,99
TEN,2026,3,C.Ward,QB,rush_attempts_qb,QB,1,0,49.7,INSUFFICIENT SAMPLE,58.9,83.3,21.2,50.0,8.9,2,27,0.0741,0.0,0.1429,0.1429,4,16,3.5,28
TEN,2026,4,C.Tate,WR,targets,WR,1,0,48.2,PRIMARY -- TRUSTED UNDER PRESSURE,72.4,0.0,69.8,50.0,29.9,11,45,0.2444,0.1667,0.3333,0.1667,,,9.29,65
TEN,2026,5,T.Spears,RB,rush_attempts,RB,2,0,43.7,ROTATIONAL CONTRIBUTOR,49.4,7.8,77.2,50.0,31.6,10,37,0.2703,0.2727,0.2667,-0.0061,1,16,6.71,94
TEN,2026,6,G.Helm,TE,targets,TE,1,0,39.8,ROTATIONAL CONTRIBUTOR,56.6,15.6,44.5,50.0,18.9,7,45,0.1556,0.125,0.1905,0.0655,2,16,6.83,41
TEN,2026,7,C.Ridley,WR,targets,WR,3,-1,33.2,INSUFFICIENT SAMPLE,50.0,0.0,33.6,33.3,45.4,2,17,0.1176,0.2857,0.0,-0.2857,,,17.5,35
TEN,2026,8,W.Robinson,WR,targets,WR,2,0,32.2,ROTATIONAL CONTRIBUTOR,42.9,0.0,44.5,50.0,22.5,7,45,0.1556,0.2083,0.0952,-0.1131,,,7.83,47
TEN,2026,9,N.Singleton,RB,rush_attempts,RB,3,0,31.7,INSUFFICIENT SAMPLE,44.3,7.8,42.3,50.0,4.1,4,27,0.1481,0.2308,0.0714,-0.1593,1,16,2.5,10
TEN,2026,10,D.Bellinger,TE,targets,TE,2,0,27.2,INSUFFICIENT SAMPLE,50.2,0.0,12.7,50.0,13.5,2,45,0.0444,0.0417,0.0476,0.006,,,7.0,7
TEN,2026,11,C.Dike,WR,targets,WR,5,0,26.7,INSUFFICIENT SAMPLE,50.0,0.0,10.2,50.0,13.5,1,28,0.0357,0.0588,0.0,-0.0588,,,7.0,7
WAS,2026,1,S.Diggs,WR,targets,WR,2,1,62.0,RISING -- OUT-EARNING DEPTH CHART,76.7,38.6,67.0,66.7,50.0,15,64,0.2344,0.1515,0.3226,0.1711,4,24,11.33,102
WAS,2026,2,R.White,RB,rush_attempts,RB,2,0,60.3,PRIMARY -- TRUSTED UNDER PRESSURE,81.9,38.6,74.1,50.0,26.2,14,54,0.2593,0.1765,0.4,0.2235,4,24,5.0,110
WAS,2026,3,T.McLaurin,WR,targets,WR,1,-1,42.9,ROTATIONAL CONTRIBUTOR,40.8,27.4,58.0,33.3,61.7,13,64,0.2031,0.2424,0.1613,-0.0811,2,24,16.0,64
WAS,2026,4,J.Bates,TE,targets,TE,3,2,42.4,INSUFFICIENT SAMPLE,48.9,27.4,38.1,83.3,17.6,4,30,0.1333,0.1429,0.125,-0.0179,2,24,6.5,13
WAS,2026,5,K.Allen,RB,rush_attempts,RB,3,0,41.7,ROTATIONAL CONTRIBUTOR,55.3,27.5,47.6,50.0,11.2,9,54,0.1667,0.1471,0.2,0.0529,3,24,4.44,40
WAS,2026,6,J.Daniels,QB,rush_attempts_qb,QB,1,0,41.1,INSUFFICIENT SAMPLE,62.5,27.8,15.9,50.0,37.6,3,54,0.0556,0.0,0.15,0.15,4,24,8.33,100
WAS,2026,7,A.Williams,WR,targets,WR,3,-1,37.7,ROTATIONAL CONTRIBUTOR,48.0,21.9,31.3,33.3,52.4,7,64,0.1094,0.1212,0.0968,-0.0244,2,24,12.57,88
WAS,2026,8,D.Brown,WR,targets,WR,4,1,35.8,RISING -- OUT-EARNING DEPTH CHART,45.4,16.3,35.7,66.7,13.9,8,64,0.125,0.1515,0.0968,-0.0547,1,24,5.25,21
WAS,2026,9,J.Croskey-Merritt,RB,rush_attempts,RB,1,0,33.6,VOLUME ONLY -- BENCHED WHEN IT TIGHTENS,1.5,21.9,100.0,50.0,19.0,28,54,0.5185,0.6765,0.25,-0.4265,2,24,3.47,104
WAS,2026,10,C.Yankoff,TE,targets,TE,4,1,32.3,INSUFFICIENT SAMPLE,50.0,0.0,8.4,66.7,46.5,1,34,0.0294,0.0526,0.0,-0.0526,,,14.0,14
WAS,2026,11,C.Okonkwo,TE,targets,TE,1,-1,29.7,INSUFFICIENT SAMPLE,50.0,0.0,28.6,33.3,24.8,3,30,0.1,0.2143,0.0,-0.2143,,,8.0,16
WAS,2026,12,J.Lane,WR,targets,WR,6,0,26.1,INSUFFICIENT SAMPLE,52.2,0.0,9.5,50.0,3.8,1,30,0.0333,0.0,0.0625,0.0625,,,4.0,4
WAS,2026,13,T.Burks,WR,targets,WR,5,0,25.5,INSUFFICIENT SAMPLE,52.4,0.0,8.4,50.0,0.0,1,34,0.0294,0.0,0.0667,0.0667,,,,
WAS,2026,14,B.Sinnott,TE,targets,TE,2,-2,22.1,INSUFFICIENT SAMPLE,50.0,0.0,8.4,16.7,12.0,1,34,0.0294,0.0526,0.0,-0.0526,,,6.0,6
