season,team,player_id,player_name,opportunity_type,team_opp_i20,team_opp_i10,team_opp_i5,opp_i20,yds_i20,td_i20,pct_i20_intra,pct_i20_shrunk,opp_i10,yds_i10,td_i10,pct_i10_intra,pct_i10_shrunk,opp_i5,yds_i5,td_i5,pct_i5_intra,pct_i5_shrunk,opp_g2g,td_g2g,pct_g2g_shrunk
2026,ARI,00-0037263,T.Allgeier,target,18,9,4,4,6,0,0.2222,0.1818,1,0,0,0.1111,0.0769,1,0,0,0.25,0.125,1,0,0.0833
2026,ARI,00-0033307,K.Bourne,target,18,9,4,1,11,0,0.0556,0.0455,0,0,0,0.0,0.0,0,0,0,0.0,0.0,0,0,0.0
2026,LAC,00-0039915,L.McConkey,target,14,9,2,2,8,1,0.1429,0.1111,2,8,1,0.2222,0.1538,0,0,0,0.0,0.0,1,0,0.1
2026,ARI,00-0041027,J.Love,target,18,9,4,6,18,1,0.3333,0.2727,3,9,1,0.3333,0.2308,1,5,1,0.25,0.125,3,1,0.25
2026,LAC,00-0033885,D.Njoku,target,14,9,2,1,6,0,0.0714,0.0556,0,0,0,0.0,0.0,0,0,0,0.0,0.0,0,0,0.0
2026,PIT,00-0036139,R.Dowdle,target,6,2,0,1,3,0,0.1667,0.1,0,0,0,0.0,0.0,0,0,0,,0.0,0,0,0.0
2026,PIT,00-0037228,J.Warren,target,6,2,0,2,7,0,0.3333,0.2,1,0,0,0.5,0.1667,0,0,0,,0.0,0,0,0.0
2026,IND,00-0030279,K.Allen,target,18,9,6,1,3,0,0.0556,0.0455,1,3,0,0.1111,0.0769,0,0,0,0.0,0.0,1,0,0.0833
2026,IND,00-0038997,J.Downs,target,18,9,6,2,17,0,0.1111,0.0909,0,0,0,0.0,0.0,0,0,0,0.0,0.0,0,0,0.0
2026,IND,00-0036223,J.Taylor,target,18,9,6,10,20,3,0.5556,0.4545,6,13,3,0.6667,0.4615,5,8,3,0.8333,0.5,5,2,0.4167
2026,IND,00-0037664,A.Pierce,target,18,9,6,1,13,0,0.0556,0.0455,0,0,0,0.0,0.0,0,0,0,0.0,0.0,0,0,0.0
2026,BAL,00-0032764,D.Henry,target,17,10,5,11,47,3,0.6471,0.5238,7,24,3,0.7,0.5,3,8,3,0.6,0.3333,7,3,0.4375
2026,BAL,00-0036550,R.Bateman,target,17,10,5,1,0,0,0.0588,0.0476,0,0,0,0.0,0.0,0,0,0,0.0,0.0,0,0,0.0
2026,HOU,00-0038608,K.Boutte,target,15,5,3,1,0,0,0.0667,0.0526,0,0,0,0.0,0.0,0,0,0,0.0,0.0,0,0,0.0
2026,BUF,00-0037261,K.Shakir,target,20,10,8,3,2,0,0.15,0.125,1,0,0,0.1,0.0714,1,0,0,0.125,0.0833,1,0,0.0833
2026,BUF,00-0038933,D.Kincaid,target,20,10,8,1,16,1,0.05,0.0417,0,0,0,0.0,0.0,0,0,0,0.0,0.0,0,0,0.0
2026,HOU,00-0040583,W.Marks,target,15,5,3,3,1,0,0.2,0.1579,0,0,0,0.0,0.0,0,0,0,0.0,0.0,0,0,0.0
2026,HOU,00-0038618,X.Hutchinson,target,15,5,3,1,0,0,0.0667,0.0526,0,0,0,0.0,0.0,0,0,0,0.0,0.0,0,0,0.0
2026,CHI,00-0040735,L.Burden,target,25,14,6,2,8,0,0.08,0.069,0,0,0,0.0,0.0,0,0,0,0.0,0.0,0,0,0.0
2026,CAR,00-0037005,T.Tremble,target,30,18,7,1,4,0,0.0333,0.0294,0,0,0,0.0,0.0,0,0,0,0.0,0.0,0,0,0.0
2026,CAR,00-0039491,J.Coker,target,30,18,7,5,19,1,0.1667,0.1471,4,16,1,0.2222,0.1818,1,0,0,0.1429,0.0909,4,1,0.2
2026,CAR,00-0040187,M.Evans,target,30,18,7,2,9,0,0.0667,0.0588,1,0,0,0.0556,0.0455,1,0,0,0.1429,0.0909,1,0,0.05
2026,CHI,00-0032464,K.Raymond,target,25,14,6,2,15,0,0.08,0.069,1,8,0,0.0714,0.0556,0,0,0,0.0,0.0,0,0,0.0
2026,CHI,00-0040236,K.Monangai,target,25,14,6,4,10,0,0.16,0.1379,3,3,0,0.2143,0.1667,0,0,0,0.0,0.0,0,0,0.0
2026,CAR,00-0040124,T.McMillan,target,30,18,7,4,18,0,0.1333,0.1176,3,0,0,0.1667,0.1364,2,0,0,0.2857,0.1818,2,0,0.1
2026,CAR,00-0039344,J.Brooks,target,30,18,7,4,8,0,0.1333,0.1176,1,3,0,0.0556,0.0455,0,0,0,0.0,0.0,1,0,0.05
2026,CHI,00-0040126,C.Loveland,target,25,14,6,2,0,0,0.08,0.069,0,0,0,0.0,0.0,0,0,0,0.0,0.0,0,0,0.0
2026,CHI,00-0036275,D.Swift,target,25,14,6,9,27,2,0.36,0.3103,6,12,2,0.4286,0.3333,4,6,2,0.6667,0.4,5,2,0.4167
2026,CLE,00-0041547,K.Concepcion,target,10,2,1,2,4,0,0.2,0.1429,0,0,0,0.0,0.0,0,0,0,0.0,0.0,0,0,0.0
2026,JAX,00-0041100,J.Cameron,target,9,7,5,1,4,1,0.1111,0.0769,1,4,1,0.1429,0.0909,1,4,1,0.2,0.1111,1,1,0.0909
2026,CLE,00-0040784,Q.Judkins,target,10,2,1,3,6,0,0.3,0.2143,1,2,0,0.5,0.1667,1,2,0,1.0,0.2,0,0,0.0
2026,CLE,00-0041037,D.Boston,target,10,2,1,2,0,0,0.2,0.1429,1,0,0,0.5,0.1667,0,0,0,0.0,0.0,0,0,0.0
2026,JAX,00-0040719,B.Tuten,target,9,7,5,3,10,1,0.3333,0.2308,2,1,1,0.2857,0.1818,2,1,1,0.4,0.2222,2,1,0.1818
2026,DAL,00-0036358,C.Lamb,target,19,9,7,3,19,2,0.1579,0.1304,2,4,2,0.2222,0.1538,2,4,2,0.2857,0.1818,2,2,0.1667
2026,NYG,00-0039337,M.Nabers,target,17,7,4,2,13,0,0.1176,0.0952,0,0,0,0.0,0.0,0,0,0,0.0,0.0,0,0,0.0
2026,NYG,00-0037838,I.Likely,target,17,7,4,4,35,2,0.2353,0.1905,1,2,1,0.1429,0.0909,1,2,1,0.25,0.125,1,1,0.1429
2026,DAL,00-0037801,K.Turpin,target,19,9,7,1,1,0,0.0526,0.0435,0,0,0,0.0,0.0,0,0,0,0.0,0.0,0,0,0.0
2026,DAL,00-0038041,J.Ferguson,target,19,9,7,3,22,2,0.1579,0.1304,2,10,1,0.2222,0.1538,1,0,0,0.1429,0.0909,2,1,0.1667
2026,DAL,00-0036997,J.Williams,target,19,9,7,9,16,2,0.4737,0.3913,4,2,1,0.4444,0.3077,4,2,1,0.5714,0.3636,4,1,0.3333
2026,KC,00-0030506,T.Kelce,target,25,10,8,1,13,1,0.04,0.0345,0,0,0,0.0,0.0,0,0,0,0.0,0.0,0,0,0.0
2026,KC,00-0039894,X.Worthy,target,25,10,8,4,7,1,0.16,0.1379,2,5,1,0.2,0.1429,2,5,1,0.25,0.1667,2,1,0.1333
2026,KC,00-0041013,E.Johnson,target,25,10,8,1,4,0,0.04,0.0345,0,0,0,0.0,0.0,0,0,0,0.0,0.0,0,0,0.0
2026,GB,00-0040667,M.Golden,target,18,9,2,3,8,0,0.1667,0.1364,1,0,0,0.1111,0.0769,0,0,0,0.0,0.0,1,0,0.0769
2026,MIN,00-0036322,J.Jefferson,target,15,5,3,4,16,1,0.2667,0.2105,2,11,1,0.4,0.2222,1,2,0,0.3333,0.1429,0,0,0.0
2026,GB,00-0038124,C.Watson,target,18,9,2,3,5,2,0.1667,0.1364,2,5,2,0.2222,0.1538,2,5,2,1.0,0.3333,2,2,0.1538
2026,MIN,00-0033293,A.Jones,target,15,5,3,4,8,1,0.2667,0.2105,1,3,1,0.2,0.1111,1,3,1,0.3333,0.1429,1,1,0.1667
2026,GB,00-0039146,J.Reed,target,18,9,2,1,0,0,0.0556,0.0455,1,0,0,0.1111,0.0769,0,0,0,0.0,0.0,1,0,0.0769
2026,GB,00-0038685,C.Brooks,target,18,9,2,4,12,0,0.2222,0.1818,2,9,0,0.2222,0.1538,0,0,0,0.0,0.0,2,0,0.1538
2026,MIA,00-0039040,D.Achane,target,14,4,1,7,22,0,0.5,0.3889,3,4,0,0.75,0.375,1,-1,0,1.0,0.2,4,0,0.5
2026,LV,00-0037291,J.Nailor,target,22,6,4,1,0,0,0.0455,0.0385,0,0,0,0.0,0.0,0,0,0,0.0,0.0,0,0,0.0
2026,MIA,00-0041523,C.Douglas,target,14,4,1,1,8,0,0.0714,0.0556,0,0,0,0.0,0.0,0,0,0,0.0,0.0,0,0,0.0
2026,MIA,00-0037252,G.Dulcich,target,14,4,1,1,0,0,0.0714,0.0556,0,0,0,0.0,0.0,0,0,0,0.0,0.0,0,0,0.0
2026,NE,00-0033555,M.Hollins,target,3,1,1,1,0,0,0.3333,0.1429,0,0,0,0.0,0.0,0,0,0,0.0,0.0,0,0,0.0
2026,SEA,00-0039793,A.Barner,target,27,13,8,1,1,1,0.037,0.0323,1,1,1,0.0769,0.0588,1,1,1,0.125,0.0833,1,1,0.0667
2026,SEA,00-0041512,J.Price,target,27,13,8,3,6,0,0.1111,0.0968,2,0,0,0.1538,0.1176,1,-2,0,0.125,0.0833,2,0,0.1333
2026,DET,00-0036963,A.St. Brown,target,27,12,9,6,38,3,0.2222,0.1935,3,10,2,0.25,0.1875,2,6,2,0.2222,0.1538,2,1,0.1667
2026,NO,00-0039424,D.Vele,target,22,12,5,2,1,1,0.0909,0.0769,2,1,1,0.1667,0.125,1,1,1,0.2,0.1111,2,1,0.1429
2026,DET,00-0039065,S.LaPorta,target,27,12,9,4,15,1,0.1481,0.129,3,8,1,0.25,0.1875,2,1,1,0.2222,0.1538,2,1,0.1667
2026,DET,00-0040669,I.TeSlaa,target,27,12,9,1,0,0,0.037,0.0323,0,0,0,0.0,0.0,0,0,0,0.0,0.0,0,0,0.0
2026,NO,00-0036040,J.Johnson,target,22,12,5,4,15,1,0.1818,0.1538,3,15,1,0.25,0.1875,0,0,0,0.0,0.0,3,1,0.2143
2026,NO,00-0041067,B.Lance,target,22,12,5,1,0,0,0.0455,0.0385,1,0,0,0.0833,0.0625,1,0,0,0.2,0.1111,0,0,0.0
2026,DET,00-0039364,S.Vaki,target,27,12,9,1,4,0,0.037,0.0323,0,0,0,0.0,0.0,0,0,0,0.0,0.0,1,0,0.0833
2026,NYJ,00-0037740,G.Wilson,target,14,5,5,1,5,1,0.0714,0.0556,1,5,1,0.2,0.1111,1,5,1,0.2,0.1111,1,1,0.125
2026,TEN,00-0040584,G.Helm,target,16,8,5,2,8,0,0.125,0.1,0,0,0,0.0,0.0,0,0,0,0.0,0.0,0,0,0.0
2026,NYJ,00-0039451,I.Williams,target,14,5,5,1,8,0,0.0714,0.0556,0,0,0,0.0,0.0,0,0,0,0.0,0.0,0,0,0.0
2026,NYJ,00-0039890,A.Mitchell,target,14,5,5,1,15,0,0.0714,0.0556,0,0,0,0.0,0.0,0,0,0,0.0,0.0,0,0,0.0
2026,NYJ,00-0037805,J.Ruckert,target,14,5,5,1,0,0,0.0714,0.0556,0,0,0,0.0,0.0,0,0,0,0.0,0.0,0,0,0.0
2026,LA,00-0039075,P.Nacua,target,16,10,5,1,1,0,0.0625,0.05,1,1,0,0.1,0.0714,1,1,0,0.2,0.1111,1,0,0.0833
2026,SF,00-0031408,M.Evans,target,22,13,8,2,10,1,0.0909,0.0769,1,2,1,0.0769,0.0588,1,2,1,0.125,0.0833,1,1,0.0667
2026,SF,00-0041052,K.Black,target,22,13,8,2,4,0,0.0909,0.0769,0,0,0,0.0,0.0,0,0,0,0.0,0.0,0,0,0.0
2026,SF,00-0033280,C.McCaffrey,target,22,13,8,8,31,2,0.3636,0.3077,5,5,2,0.3846,0.2941,4,4,2,0.5,0.3333,5,2,0.3333
2026,LA,00-0031381,D.Adams,target,16,10,5,1,11,1,0.0625,0.05,0,0,0,0.0,0.0,0,0,0,0.0,0.0,0,0,0.0
2026,LA,00-0040737,T.Ferguson,target,16,10,5,1,5,1,0.0625,0.05,1,5,1,0.1,0.0714,1,5,1,0.2,0.1111,1,1,0.0833
2026,TB,00-0040129,E.Egbuka,target,20,4,1,2,5,1,0.1,0.0833,1,5,1,0.25,0.125,1,5,1,1.0,0.2,1,1,0.125
2026,CIN,00-0038597,C.Brown,target,18,6,6,7,23,1,0.3889,0.3182,3,8,1,0.5,0.3,3,8,1,0.5,0.3,2,1,0.25
2026,TB,00-0039361,B.Irving,target,20,4,1,5,18,1,0.25,0.2083,1,10,1,0.25,0.125,0,0,0,0.0,0.0,1,1,0.125
2026,PHI,00-0038393,D.Wicks,target,16,5,2,2,16,1,0.125,0.1,1,9,1,0.2,0.1111,0,0,0,0.0,0.0,0,0,0.0
2026,PHI,00-0034351,D.Goedert,target,16,5,2,2,17,1,0.125,0.1,0,0,0,0.0,0.0,0,0,0,0.0,0.0,1,1,0.1
2026,WAS,00-0040242,J.Croskey-Merritt,target,24,13,8,2,6,1,0.0833,0.0714,1,1,1,0.0769,0.0588,1,1,1,0.125,0.0833,1,1,0.0909
2026,DEN,00-0041496,J.Coleman,target,17,9,4,3,6,1,0.1765,0.1429,2,4,1,0.2222,0.1538,1,3,1,0.25,0.125,2,1,0.1333
2026,DEN,00-0037085,T.Badie,target,17,9,4,1,0,0,0.0588,0.0476,1,0,0,0.1111,0.0769,0,0,0,0.0,0.0,1,0,0.0667
2026,DEN,00-0038783,N.Adkins,target,17,9,4,1,7,1,0.0588,0.0476,1,7,1,0.1111,0.0769,0,0,0,0.0,0.0,1,1,0.0667
2026,LAC,00-0040666,O.Hampton,target,14,9,2,4,21,2,0.2857,0.2222,2,9,2,0.2222,0.1538,1,1,1,0.5,0.1667,1,1,0.1
2026,LA,00-0038359,X.Smith,target,16,10,5,1,0,0,0.0625,0.05,1,0,0,0.1,0.0714,0,0,0,0.0,0.0,0,0,0.0
2026,PHI,00-0038555,T.Bigsby,target,16,5,2,3,14,1,0.1875,0.15,1,2,1,0.2,0.1111,1,2,1,0.5,0.1667,0,0,0.0
2026,SEA,00-0033576,E.Saubert,target,27,13,8,1,-10,0,0.037,0.0323,0,0,0,0.0,0.0,0,0,0,0.0,0.0,0,0,0.0
2026,BAL,00-0034796,L.Jackson,rush,17,10,5,1,5,1,0.0588,0.0476,1,5,1,0.1,0.0714,1,5,1,0.2,0.1111,1,1,0.0625
2026,BUF,00-0034857,J.Allen,rush,20,10,8,5,17,3,0.25,0.2083,3,4,3,0.3,0.2143,3,4,3,0.375,0.25,3,3,0.25
2026,CHI,00-0039918,C.Williams,rush,25,14,6,4,13,1,0.16,0.1379,3,15,1,0.2143,0.1667,1,0,0,0.1667,0.1,2,0,0.1667
2026,CAR,00-0039150,B.Young,rush,30,18,7,3,16,1,0.1,0.0882,1,7,1,0.0556,0.0455,0,0,0,0.0,0.0,2,1,0.1
2026,NYG,00-0040691,J.Dart,rush,17,7,4,1,-2,0,0.0588,0.0476,0,0,0,0.0,0.0,0,0,0,0.0,0.0,0,0,0.0
2026,DEN,00-0039732,B.Nix,rush,17,9,4,4,0,0,0.2353,0.1905,0,0,0,0.0,0.0,0,0,0,0.0,0.0,1,0,0.0667
2026,MIN,00-0037525,J.Mason,rush,15,5,3,4,4,1,0.2667,0.2105,2,1,1,0.4,0.2222,1,1,1,0.3333,0.1429,1,1,0.1667
2026,GB,00-0036264,J.Love,rush,18,9,2,1,0,0,0.0556,0.0455,0,0,0,0.0,0.0,0,0,0,0.0,0.0,0,0,0.0
2026,MIA,00-0039874,J.Wright,rush,14,4,1,2,11,0,0.1429,0.1111,1,3,0,0.25,0.125,0,0,0,0.0,0.0,0,0,0.0
2026,NO,00-0038551,K.Miller,rush,22,12,5,2,7,1,0.0909,0.0769,2,7,1,0.1667,0.125,0,0,0,0.0,0.0,2,1,0.1429
2026,DET,00-0033106,J.Goff,rush,27,12,9,1,4,0,0.037,0.0323,0,0,0,0.0,0.0,0,0,0,0.0,0.0,0,0,0.0
2026,CIN,00-0036442,J.Burrow,rush,18,6,6,4,18,0,0.2222,0.1818,0,0,0,0.0,0.0,0,0,0,0.0,0.0,0,0,0.0
2026,TB,00-0034855,B.Mayfield,rush,20,4,1,5,37,1,0.25,0.2083,1,9,1,0.25,0.125,0,0,0,0.0,0.0,1,1,0.125
2026,PHI,00-0036389,J.Hurts,rush,16,5,2,1,-1,0,0.0625,0.05,1,-1,0,0.2,0.1111,0,0,0,0.0,0.0,1,0,0.1
2026,WAS,00-0039910,J.Daniels,rush,24,13,8,4,3,0,0.1667,0.1429,1,0,0,0.0769,0.0588,0,0,0,0.0,0.0,0,0,0.0
2026,WAS,00-0041096,K.Allen,rush,24,13,8,3,11,0,0.125,0.1071,1,3,0,0.0769,0.0588,1,3,0,0.125,0.0833,1,0,0.0909
2026,ARI,00-0037744,T.McBride,target,18,9,4,6,5,2,0.3333,0.2727,4,5,2,0.4444,0.3077,2,5,2,0.5,0.25,3,2,0.25
2026,LAC,00-0040189,O.Gadsden,target,14,9,2,1,10,1,0.0714,0.0556,1,10,1,0.1111,0.0769,0,0,0,0.0,0.0,1,1,0.1
2026,PIT,00-0036894,P.Freiermuth,target,6,2,0,2,8,1,0.3333,0.2,1,6,1,0.5,0.1667,0,0,0,,0.0,0,0,0.0
2026,BAL,00-0034798,D.Smythe,target,17,10,5,1,4,0,0.0588,0.0476,1,4,0,0.1,0.0714,0,0,0,0.0,0.0,1,0,0.0625
2026,IND,00-0040128,T.Warren,target,18,9,6,3,17,2,0.1667,0.1364,2,10,2,0.2222,0.1538,1,1,1,0.1667,0.1,2,2,0.1667
2026,BAL,00-0034753,M.Andrews,target,17,10,5,1,0,0,0.0588,0.0476,0,0,0,0.0,0.0,0,0,0,0.0,0.0,1,0,0.0625
2026,BAL,00-0040870,J.Lane,target,17,10,5,2,11,0,0.1176,0.0952,1,0,0,0.1,0.0714,1,0,0,0.2,0.1111,2,0,0.125
2026,BUF,00-0037248,J.Cook,target,20,10,8,8,20,1,0.4,0.3333,4,4,1,0.4,0.2857,2,2,1,0.25,0.1667,3,1,0.25
2026,BUF,00-0039901,K.Coleman,target,20,10,8,2,4,0,0.1,0.0833,1,0,0,0.1,0.0714,1,0,0,0.125,0.0833,0,0,0.0
2026,HOU,00-0036554,N.Collins,target,15,5,3,2,12,1,0.1333,0.1053,0,0,0,0.0,0.0,0,0,0,0.0,0.0,1,0,0.1
2026,HOU,00-0035685,D.Montgomery,target,15,5,3,7,26,3,0.4667,0.3684,5,9,2,1.0,0.5556,3,2,1,1.0,0.4286,5,2,0.5
2026,HOU,00-0038728,J.Wayne,target,15,5,3,1,12,0,0.0667,0.0526,0,0,0,0.0,0.0,0,0,0,0.0,0.0,0,0,0.0
2026,BUF,00-0035689,D.Knox,target,20,10,8,1,1,1,0.05,0.0417,1,1,1,0.1,0.0714,1,1,1,0.125,0.0833,1,1,0.0833
2026,CAR,00-0036555,C.Hubbard,target,30,18,7,8,25,3,0.2667,0.2353,7,22,3,0.3889,0.3182,3,9,3,0.4286,0.2727,5,2,0.25
2026,CAR,00-0039342,X.Legette,target,30,18,7,1,0,0,0.0333,0.0294,0,0,0,0.0,0.0,0,0,0,0.0,0.0,0,0,0.0
2026,CAR,00-0031610,D.Waller,target,30,18,7,2,19,2,0.0667,0.0588,1,7,1,0.0556,0.0455,0,0,0,0.0,0.0,1,1,0.05
2026,CHI,00-0040277,J.Walker,target,25,14,6,1,1,1,0.04,0.0345,1,1,1,0.0714,0.0556,1,1,1,0.1667,0.1,1,1,0.0833
2026,CLE,00-0038710,B.Whiteheart,target,10,2,1,1,17,1,0.1,0.0714,0,0,0,0.0,0.0,0,0,0,0.0,0.0,0,0,0.0
2026,JAX,00-0038935,B.Strange,target,9,7,5,2,17,1,0.2222,0.1538,1,3,0,0.1429,0.0909,0,0,0,0.0,0.0,1,0,0.0909
2026,DAL,00-0037247,G.Pickens,target,19,9,7,1,0,0,0.0526,0.0435,1,0,0,0.1111,0.0769,0,0,0,0.0,0.0,0,0,0.0
2026,NYG,00-0035250,D.Singletary,target,17,7,4,3,19,1,0.1765,0.1429,1,9,1,0.1429,0.0909,0,0,0,0.0,0.0,0,0,0.0
2026,DEN,00-0034348,C.Sutton,target,17,9,4,2,6,0,0.1176,0.0952,1,0,0,0.1111,0.0769,0,0,0,0.0,0.0,2,0,0.1333
2026,DEN,00-0033881,E.Engram,target,17,9,4,1,19,1,0.0588,0.0476,0,0,0,0.0,0.0,0,0,0,0.0,0.0,0,0,0.0
2026,KC,00-0038134,K.Walker,target,25,10,8,11,30,1,0.44,0.3793,6,3,1,0.6,0.4286,5,0,1,0.625,0.4167,6,1,0.4
2026,DEN,00-0036613,J.Waddle,target,17,9,4,1,8,0,0.0588,0.0476,0,0,0,0.0,0.0,0,0,0,0.0,0.0,0,0,0.0
2026,KC,00-0039067,R.Rice,target,25,10,8,2,19,1,0.08,0.069,0,0,0,0.0,0.0,0,0,0,0.0,0.0,0,0,0.0
2026,DEN,00-0039868,T.Franklin,target,17,9,4,1,0,0,0.0588,0.0476,1,0,0,0.1111,0.0769,0,0,0,0.0,0.0,1,0,0.0667
2026,MIN,00-0035229,T.Hockenson,target,15,5,3,2,16,1,0.1333,0.1053,0,0,0,0.0,0.0,0,0,0,0.0,0.0,0,0,0.0
2026,MIN,00-0038994,J.Addison,target,15,5,3,1,0,0,0.0667,0.0526,0,0,0,0.0,0.0,0,0,0,0.0,0.0,0,0,0.0
2026,GB,00-0039811,M.Lloyd,target,18,9,2,5,14,1,0.2778,0.2273,3,7,1,0.3333,0.2308,0,0,0,0.0,0.0,3,1,0.2308
2026,GB,00-0038090,S.Moore,target,18,9,2,1,0,0,0.0556,0.0455,0,0,0,0.0,0.0,0,0,0,0.0,0.0,0,0,0.0
2026,MIA,00-0039880,M.Washington,target,14,4,1,1,4,0,0.0714,0.0556,0,0,0,0.0,0.0,0,0,0,0.0,0.0,0,0,0.0
2026,LV,00-0039066,M.Mayer,target,22,6,4,1,0,0,0.0455,0.0385,0,0,0,0.0,0.0,0,0,0,0.0,0.0,0,0,0.0
2026,LV,00-0038563,T.Tucker,target,22,6,4,1,0,0,0.0455,0.0385,1,0,0,0.1667,0.1,0,0,0,0.0,0.0,1,0,0.0909
2026,LV,00-0040122,A.Jeanty,target,22,6,4,13,47,2,0.5909,0.5,4,2,0,0.6667,0.4,4,2,0,1.0,0.5,5,0,0.4545
2026,LV,00-0040729,J.Bech,target,22,6,4,2,18,1,0.0909,0.0769,0,0,0,0.0,0.0,0,0,0,0.0,0.0,0,0,0.0
2026,LV,00-0035891,C.White,target,22,6,4,2,24,2,0.0909,0.0769,0,0,0,0.0,0.0,0,0,0,0.0,0.0,0,0,0.0
2026,SEA,00-0038543,J.Smith-Njigba,target,27,13,8,6,26,2,0.2222,0.1935,3,7,1,0.2308,0.1765,0,0,0,0.0,0.0,1,1,0.0667
2026,SEA,00-0037545,R.Shaheed,target,27,13,8,1,4,0,0.037,0.0323,0,0,0,0.0,0.0,0,0,0,0.0,0.0,0,0,0.0
2026,NE,00-0041395,E.Raridon,target,3,1,1,1,2,1,0.3333,0.1429,1,2,1,1.0,0.2,1,2,1,1.0,0.2,1,1,0.1667
2026,NE,00-0033090,H.Henry,target,3,1,1,1,4,0,0.3333,0.1429,0,0,0,0.0,0.0,0,0,0,0.0,0.0,1,0,0.1667
2026,SEA,00-0039299,G.Holani,target,27,13,8,6,16,0,0.2222,0.1935,2,2,0,0.1538,0.1176,2,2,0,0.25,0.1667,2,0,0.1333
2026,NO,00-0035644,N.Fant,target,22,12,5,1,8,1,0.0455,0.0385,1,8,1,0.0833,0.0625,0,0,0,0.0,0.0,1,1,0.0714
2026,DET,00-0039139,J.Gibbs,target,27,12,9,13,45,3,0.4815,0.4194,6,7,2,0.5,0.375,5,8,2,0.5556,0.3846,3,2,0.25
2026,DET,00-0037240,J.Williams,target,27,12,9,1,10,0,0.037,0.0323,0,0,0,0.0,0.0,0,0,0,0.0,0.0,0,0,0.0
2026,NO,00-0037239,C.Olave,target,22,12,5,1,9,0,0.0455,0.0385,0,0,0,0.0,0.0,0,0,0,0.0,0.0,0,0,0.0
2026,NO,00-0036973,T.Etienne,target,22,12,5,4,16,0,0.1818,0.1538,1,2,0,0.0833,0.0625,1,2,0,0.2,0.1111,0,0,0.0
2026,NYJ,00-0041032,K.Sadiq,target,14,5,5,1,3,1,0.0714,0.0556,1,3,1,0.2,0.1111,1,3,1,0.2,0.1111,1,1,0.125
2026,TEN,00-0035261,T.Pollard,target,16,8,5,5,14,0,0.3125,0.25,3,10,0,0.375,0.25,1,1,0,0.2,0.1111,4,0,0.3077
2026,NYJ,00-0038120,B.Hall,target,14,5,5,5,15,1,0.3571,0.2778,2,5,1,0.4,0.2222,2,5,1,0.4,0.2222,1,0,0.125
2026,NYJ,00-0039794,B.Allen,target,14,5,5,3,13,1,0.2143,0.1667,1,5,1,0.2,0.1111,1,5,1,0.2,0.1111,1,1,0.125
2026,TEN,00-0040170,E.Ayomanor,target,16,8,5,3,11,1,0.1875,0.15,1,0,0,0.125,0.0833,1,0,0,0.2,0.1111,1,0,0.0769
2026,TEN,00-0039032,T.Spears,target,16,8,5,1,1,0,0.0625,0.05,0,0,0,0.0,0.0,0,0,0,0.0,0.0,1,0,0.0769
2026,SF,00-0033288,G.Kittle,target,22,13,8,3,20,1,0.1364,0.1154,2,8,0,0.1538,0.1176,0,0,0,0.0,0.0,1,0,0.0667
2026,SF,00-0035719,D.Samuel,target,22,13,8,3,20,1,0.1364,0.1154,2,5,0,0.1538,0.1176,1,3,0,0.125,0.0833,2,0,0.1333
2026,SF,00-0032775,D.Robinson,target,22,13,8,2,11,0,0.0909,0.0769,1,0,0,0.0769,0.0588,1,0,0,0.125,0.0833,1,0,0.0667
2026,LA,00-0037840,K.Williams,target,16,10,5,7,28,2,0.4375,0.35,5,22,2,0.5,0.3571,2,6,1,0.4,0.2222,4,1,0.3333
2026,LA,00-0036244,C.Parkinson,target,16,10,5,1,6,0,0.0625,0.05,1,6,0,0.1,0.0714,0,0,0,0.0,0.0,1,0,0.0833
2026,LA,00-0037557,R.Rivers,target,16,10,5,2,6,0,0.125,0.1,0,0,0,0.0,0.0,0,0,0,0.0,0.0,0,0,0.0
2026,CIN,00-0036900,J.Chase,target,18,6,6,2,18,1,0.1111,0.0909,0,0,0,0.0,0.0,0,0,0,0.0,0.0,0,0,0.0
2026,TB,00-0038129,C.Otton,target,20,4,1,2,13,0,0.1,0.0833,0,0,0,0.0,0.0,0,0,0,0.0,0.0,0,0,0.0
2026,CIN,00-0038619,A.Iosivas,target,18,6,6,1,0,0,0.0556,0.0455,1,0,0,0.1667,0.1,1,0,0,0.1667,0.1,1,0,0.125
2026,CIN,00-0034829,M.Gesicki,target,18,6,6,2,2,1,0.1111,0.0909,2,2,1,0.3333,0.2,2,2,1,0.3333,0.2,1,0,0.125
2026,TB,00-0036919,K.Gainwell,target,20,4,1,2,4,0,0.1,0.0833,0,0,0,0.0,0.0,0,0,0,0.0,0.0,0,0,0.0
2026,CIN,00-0033526,S.Perine,target,18,6,6,1,3,0,0.0556,0.0455,0,0,0,0.0,0.0,0,0,0,0.0,0.0,0,0,0.0
2026,CIN,00-0035631,D.Sample,target,18,6,6,1,11,0,0.0556,0.0455,0,0,0,0.0,0.0,0,0,0,0.0,0.0,0,0,0.0
2026,TB,00-0041048,T.Hurst,target,20,4,1,2,6,0,0.1,0.0833,0,0,0,0.0,0.0,0,0,0,0.0,0.0,0,0,0.0
2026,TB,00-0040237,T.Johnson,target,20,4,1,2,0,0,0.1,0.0833,1,0,0,0.25,0.125,0,0,0,0.0,0.0,1,0,0.125
2026,WAS,00-0035659,T.McLaurin,target,24,13,8,2,6,0,0.0833,0.0714,2,6,0,0.1538,0.1176,1,0,0,0.125,0.0833,1,0,0.0909
2026,WAS,00-0031588,S.Diggs,target,24,13,8,4,42,3,0.1667,0.1429,2,14,2,0.1538,0.1176,1,4,1,0.125,0.0833,1,1,0.0909
2026,PHI,00-0034844,S.Barkley,target,16,5,2,2,-1,0,0.125,0.1,0,0,0,0.0,0.0,0,0,0,0.0,0.0,2,0,0.2
2026,WAS,00-0036626,D.Brown,target,24,13,8,1,0,0,0.0417,0.0357,1,0,0,0.0769,0.0588,1,0,0,0.125,0.0833,1,0,0.0909
2026,PHI,00-0036912,D.Smith,target,16,5,2,1,0,0,0.0625,0.05,1,0,0,0.2,0.1111,0,0,0,0.0,0.0,1,0,0.1
2026,WAS,00-0036628,J.Bates,target,24,13,8,2,0,0,0.0833,0.0714,2,0,0,0.1538,0.1176,1,0,0,0.125,0.0833,0,0,0.0
2026,WAS,00-0041040,A.Williams,target,24,13,8,2,17,1,0.0833,0.0714,1,1,1,0.0769,0.0588,1,1,1,0.125,0.0833,1,1,0.0909
2026,PHI,00-0039746,W.Shipley,target,16,5,2,4,12,0,0.25,0.2,0,0,0,0.0,0.0,0,0,0,0.0,0.0,0,0,0.0
2026,WAS,00-0037256,R.White,target,24,13,8,4,10,0,0.1667,0.1429,2,6,0,0.1538,0.1176,1,4,0,0.125,0.0833,1,0,0.0909
2026,KC,00-0040646,J.Royals,target,25,10,8,1,1,1,0.04,0.0345,1,1,1,0.1,0.0714,1,1,1,0.125,0.0833,1,1,0.0667
2026,JAX,00-0040238,L.Allen,target,9,7,5,1,0,0,0.1111,0.0769,1,0,0,0.1429,0.0909,1,0,0,0.2,0.1111,1,0,0.0909
2026,LV,00-0040878,M.Washington,target,22,6,4,2,1,0,0.0909,0.0769,1,-1,0,0.1667,0.1,0,0,0,0.0,0.0,1,0,0.0909
2026,LAC,00-0038454,K.Mitchell,target,14,9,2,2,-1,0,0.1429,0.1111,1,-3,0,0.1111,0.0769,0,0,0,0.0,0.0,1,0,0.1
2026,SF,00-0029892,K.Juszczyk,target,22,13,8,1,6,1,0.0455,0.0385,1,6,1,0.0769,0.0588,0,0,0,0.0,0.0,0,0,0.0
2026,CHI,00-0041558,S.Roush,target,25,14,6,1,0,0,0.04,0.0345,0,0,0,0.0,0.0,0,0,0,0.0,0.0,0,0,0.0
2026,NO,00-0033906,A.Kamara,target,22,12,5,2,-4,0,0.0909,0.0769,0,0,0,0.0,0.0,0,0,0,0.0,0.0,0,0,0.0
2026,NYG,00-0040715,C.Skattebo,target,17,7,4,5,9,1,0.2941,0.2381,3,5,1,0.4286,0.2727,2,5,1,0.5,0.25,2,1,0.2857
2026,PHI,00-0040024,D.Cooper,target,16,5,2,1,3,1,0.0625,0.05,1,3,1,0.2,0.1111,1,3,1,0.5,0.1667,1,1,0.1
2026,PIT,00-0041489,G.Bernard,target,6,2,0,1,0,0,0.1667,0.1,0,0,0,0.0,0.0,0,0,0,,0.0,1,0,0.2
2026,SEA,00-0038797,E.Wilson,target,27,13,8,8,6,0,0.2963,0.2581,5,4,0,0.3846,0.2941,4,2,0,0.5,0.3333,5,0,0.3333
2026,ARI,00-0033119,J.Brissett,rush,18,9,4,1,7,0,0.0556,0.0455,1,7,0,0.1111,0.0769,0,0,0,0.0,0.0,1,0,0.0833
2026,LAC,00-0036355,J.Herbert,rush,14,9,2,4,14,0,0.2857,0.2222,3,9,0,0.3333,0.2308,1,0,0,0.5,0.1667,2,0,0.2
2026,IND,00-0035710,D.Jones,rush,18,9,6,1,5,0,0.0556,0.0455,0,0,0,0.0,0.0,0,0,0,0.0,0.0,0,0,0.0
2026,JAX,00-0038611,C.Rodriguez,rush,9,7,5,2,3,0,0.2222,0.1538,2,3,0,0.2857,0.1818,1,-2,0,0.2,0.1111,2,0,0.1818
2026,CLE,00-0033537,D.Watson,rush,10,2,1,2,15,0,0.2,0.1429,0,0,0,0.0,0.0,0,0,0,0.0,0.0,0,0,0.0
2026,DAL,00-0033077,D.Prescott,rush,19,9,7,1,11,0,0.0526,0.0435,0,0,0,0.0,0.0,0,0,0,0.0,0.0,0,0,0.0
2026,DAL,00-0038705,E.Demercado,rush,19,9,7,1,3,0,0.0526,0.0435,0,0,0,0.0,0.0,0,0,0,0.0,0.0,0,0,0.0
2026,DEN,00-0036158,J.Dobbins,rush,17,9,4,3,-1,0,0.1765,0.1429,3,-1,0,0.3333,0.2308,3,-1,0,0.75,0.375,3,0,0.2
2026,KC,00-0033873,P.Mahomes,rush,25,10,8,5,12,1,0.2,0.1724,1,1,0,0.1,0.0714,0,0,0,0.0,0.0,2,1,0.1333
2026,MIA,00-0038128,M.Willis,rush,14,4,1,1,14,1,0.0714,0.0556,0,0,0,0.0,0.0,0,0,0,0.0,0.0,0,0,0.0
2026,SEA,00-0035704,D.Lock,rush,27,13,8,1,14,0,0.037,0.0323,0,0,0,0.0,0.0,0,0,0,0.0,0.0,0,0,0.0
2026,NO,00-0040743,T.Shough,rush,22,12,5,5,21,1,0.2273,0.1923,2,1,1,0.1667,0.125,2,1,1,0.4,0.2222,2,1,0.1429
2026,TEN,00-0040676,C.Ward,rush,16,8,5,4,7,2,0.25,0.2,4,7,2,0.5,0.3333,3,6,2,0.6,0.3333,3,2,0.2308
2026,NYJ,00-0030565,G.Smith,rush,14,5,5,1,7,0,0.0714,0.0556,0,0,0,0.0,0.0,0,0,0,0.0,0.0,0,0,0.0
2026,SF,00-0037834,B.Purdy,rush,22,13,8,1,2,1,0.0455,0.0385,1,2,1,0.0769,0.0588,1,2,1,0.125,0.0833,1,1,0.0667
2026,LA,00-0026498,M.Stafford,rush,16,10,5,2,-1,0,0.125,0.1,1,0,0,0.1,0.0714,1,0,0,0.2,0.1111,1,0,0.0833
2026,MIA,00-0040198,O.Gordon,rush,14,4,1,1,1,0,0.0714,0.0556,0,0,0,0.0,0.0,0,0,0,0.0,0.0,0,0,0.0
2026,NYG,00-0036893,N.Harris,rush,17,7,4,2,0,0,0.1176,0.0952,2,0,0,0.2857,0.1818,1,-3,0,0.25,0.125,0,0,0.0
2026,TEN,00-0040886,N.Singleton,rush,16,8,5,1,1,0,0.0625,0.05,0,0,0,0.0,0.0,0,0,0,0.0,0.0,0,0,0.0
