season,team,player_id,player_name,spine_metric,games,spine_opps,team_spine_opps,spine_opps_stress,team_spine_opps_stress,spine_opps_calm,team_spine_opps_calm,share_overall,share_stress,share_calm,confidence_delta
2026,ARI,00-0033119,J.Brissett,rush_attempts_qb,1,5,33,3,10,2,23,0.1515,0.3,0.087,0.213
2026,LAC,00-0038454,K.Mitchell,rush_attempts,2,9,47,3,15,6,32,0.1915,0.2,0.1875,0.0125
2026,JAX,00-0033319,N.Mullens,rush_attempts_qb,1,3,32,1,10,2,22,0.0938,0.1,0.0909,0.0091
2026,MIN,00-0032950,C.Wentz,rush_attempts_qb,2,6,58,4,21,2,37,0.1034,0.1905,0.0541,0.1364
2026,GB,00-0038090,S.Moore,targets,2,4,69,2,28,2,41,0.058,0.0714,0.0488,0.0226
2026,MIA,00-0038128,M.Willis,rush_attempts_qb,2,2,41,1,16,1,25,0.0488,0.0625,0.04,0.0225
2026,NYJ,00-0030565,G.Smith,rush_attempts_qb,2,5,60,2,20,3,40,0.0833,0.1,0.075,0.025
2026,SF,00-0037834,B.Purdy,rush_attempts_qb,1,3,28,2,5,1,23,0.1071,0.4,0.0435,0.3565
2026,PHI,00-0039746,W.Shipley,rush_attempts,2,9,50,5,16,4,34,0.18,0.3125,0.1176,0.1949
2026,CLE,00-0033537,D.Watson,rush_attempts_qb,2,7,39,4,15,3,24,0.1795,0.2667,0.125,0.1417
2026,KC,00-0036637,N.Gray,targets,2,2,68,0,32,2,36,0.0294,0.0,0.0556,-0.0556
2026,DEN,00-0036158,J.Dobbins,rush_attempts,2,18,42,3,17,15,25,0.4286,0.1765,0.6,-0.4235
2026,LAC,00-0036355,J.Herbert,rush_attempts_qb,1,2,31,2,9,0,22,0.0645,0.2222,0.0,0.2222
2026,LV,00-0037304,C.Heyward,rush_attempts,2,2,64,2,23,0,41,0.0313,0.087,0.0,0.087
2026,MIA,00-0040198,O.Gordon,rush_attempts,1,3,28,1,12,2,16,0.1071,0.0833,0.125,-0.0417
2026,NYG,00-0031503,J.Winston,rush_attempts_qb,1,2,21,2,6,0,15,0.0952,0.3333,0.0,0.3333
2026,PIT,00-0035594,T.Homer,rush_attempts,1,2,21,0,4,2,17,0.0952,0.0,0.1176,-0.1176
2026,NE,00-0039851,D.Maye,rush_attempts_qb,2,3,51,1,13,2,38,0.0588,0.0769,0.0526,0.0243
2026,ARI,00-0037157,Z.Knight,rush_attempts,1,2,16,0,5,2,11,0.125,0.0,0.1818,-0.1818
2026,ARI,00-0038559,Mi.Wilson,targets,2,14,63,7,25,7,38,0.2222,0.28,0.1842,0.0958
2026,LAC,00-0040189,O.Gadsden,targets,2,4,53,2,23,2,30,0.0755,0.087,0.0667,0.0203
2026,JAX,00-0036971,T.Lawrence,rush_attempts_qb,2,4,56,2,17,2,39,0.0714,0.1176,0.0513,0.0664
2026,MIN,00-0035249,J.Oliver,targets,2,5,43,0,24,5,19,0.1163,0.0,0.2632,-0.2632
2026,GB,00-0039811,M.Lloyd,rush_attempts,2,19,39,3,9,16,30,0.4872,0.3333,0.5333,-0.2
2026,MIA,00-0041524,W.Kacmarek,targets,2,2,50,1,16,1,34,0.04,0.0625,0.0294,0.0331
2026,NYJ,00-0039794,B.Allen,rush_attempts,2,15,60,7,20,8,40,0.25,0.35,0.2,0.15
2026,SF,00-0032775,D.Robinson,targets,2,6,55,2,24,4,31,0.1091,0.0833,0.129,-0.0457
2026,PHI,00-0036912,D.Smith,targets,2,19,56,13,30,6,26,0.3393,0.4333,0.2308,0.2026
2026,CLE,00-0036407,J.Jeudy,targets,2,5,52,0,15,5,37,0.0962,0.0,0.1351,-0.1351
2026,KC,00-0040646,J.Royals,targets,1,2,43,1,20,1,23,0.0465,0.05,0.0435,0.0065
2026,DEN,00-0033881,E.Engram,targets,2,6,56,1,22,5,34,0.1071,0.0455,0.1471,-0.1016
2026,LV,00-0040894,M.Benson,targets,2,3,58,1,23,2,35,0.0517,0.0435,0.0571,-0.0137
2026,MIN,00-0036425,D.Dallas,rush_attempts,2,2,58,0,21,2,37,0.0345,0.0,0.0541,-0.0541
2026,NYG,00-0036893,N.Harris,rush_attempts,1,4,21,2,6,2,15,0.1905,0.3333,0.1333,0.2
2026,PIT,00-0036862,B.Skowronek,targets,1,1,37,0,11,1,26,0.027,0.0,0.0385,-0.0385
2026,NE,00-0040734,T.Henderson,rush_attempts,1,16,26,5,8,11,18,0.6154,0.625,0.6111,0.0139
2026,ARI,00-0039849,M.Harrison,targets,2,4,63,0,25,4,38,0.0635,0.0,0.1053,-0.1053
2026,JAX,00-0038611,C.Rodriguez,rush_attempts,2,12,56,6,17,6,39,0.2143,0.3529,0.1538,0.1991
2026,GB,00-0037091,B.Melton,targets,2,2,69,1,28,1,41,0.029,0.0357,0.0244,0.0113
2026,MIA,00-0039880,M.Washington,targets,2,13,50,3,16,10,34,0.26,0.1875,0.2941,-0.1066
2026,NYJ,00-0038120,B.Hall,rush_attempts,2,38,60,10,20,28,40,0.6333,0.5,0.7,-0.2
2026,SF,00-0035719,D.Samuel,targets,2,11,55,5,24,6,31,0.2,0.2083,0.1935,0.0148
2026,PHI,00-0034844,S.Barkley,rush_attempts,2,19,50,3,16,16,34,0.38,0.1875,0.4706,-0.2831
2026,CLE,00-0038710,B.Whiteheart,targets,2,3,52,1,15,2,37,0.0577,0.0667,0.0541,0.0126
2026,KC,00-0039067,R.Rice,targets,2,8,68,6,32,2,36,0.1176,0.1875,0.0556,0.1319
2026,DEN,00-0039868,T.Franklin,targets,2,3,56,2,22,1,34,0.0536,0.0909,0.0294,0.0615
2026,LV,00-0040878,M.Washington,rush_attempts,2,10,64,4,23,6,41,0.1563,0.1739,0.1463,0.0276
2026,NYG,00-0035250,D.Singletary,rush_attempts,2,9,56,1,24,8,32,0.1607,0.0417,0.25,-0.2083
2026,PIT,00-0041489,G.Bernard,targets,1,8,37,3,11,5,26,0.2162,0.2727,0.1923,0.0804
2026,NE,00-0040563,E.Chism,targets,1,1,21,1,6,0,15,0.0476,0.1667,0.0,0.1667
2026,ARI,00-0037744,T.McBride,targets,2,23,63,12,25,11,38,0.3651,0.48,0.2895,0.1905
2026,JAX,00-0032104,A.Abdullah,rush_attempts,2,7,56,3,17,4,39,0.125,0.1765,0.1026,0.0739
2026,MIN,00-0038994,J.Addison,targets,2,7,43,4,24,3,19,0.1628,0.1667,0.1579,0.0088
2026,GB,00-0033858,J.Smith,targets,1,3,40,1,15,2,25,0.075,0.0667,0.08,-0.0133
2026,NYJ,00-0040736,M.Taylor,targets,1,3,23,0,7,3,16,0.1304,0.0,0.1875,-0.1875
2026,SF,00-0033288,G.Kittle,targets,2,9,55,3,24,6,31,0.1636,0.125,0.1935,-0.0685
2026,CLE,00-0040782,I.Bond,targets,1,1,30,0,11,1,19,0.0333,0.0,0.0526,-0.0526
2026,KC,00-0038134,K.Walker,rush_attempts,2,47,61,21,28,26,33,0.7705,0.75,0.7879,-0.0379
2026,DEN,00-0034348,C.Sutton,targets,2,9,56,4,22,5,34,0.1607,0.1818,0.1471,0.0348
2026,LV,00-0035891,C.White,targets,2,3,58,2,23,1,35,0.0517,0.087,0.0286,0.0584
2026,MIN,00-0040506,M.Price,targets,1,1,19,0,11,1,8,0.0526,0.0,0.125,-0.125
2026,NO,00-0040743,T.Shough,rush_attempts_qb,2,9,49,6,23,3,26,0.1837,0.2609,0.1154,0.1455
2026,NYG,00-0040715,C.Skattebo,rush_attempts,2,30,56,13,24,17,32,0.5357,0.5417,0.5313,0.0104
2026,PIT,00-0038558,D.Washington,targets,2,4,74,1,27,3,47,0.0541,0.037,0.0638,-0.0268
2026,NE,00-0040131,K.Williams,targets,1,2,21,1,6,1,15,0.0952,0.1667,0.0667,0.1
2026,JAX,00-0038935,B.Strange,targets,2,5,49,2,16,3,33,0.102,0.125,0.0909,0.0341
2026,KC,00-0033873,P.Mahomes,rush_attempts_qb,1,3,34,3,14,0,20,0.0882,0.2143,0.0,0.2143
2026,MIN,00-0035229,T.Hockenson,targets,2,9,43,7,24,2,19,0.2093,0.2917,0.1053,0.1864
2026,NYJ,00-0041511,O.Cooper,targets,1,1,23,1,7,0,16,0.0435,0.1429,0.0,0.1429
2026,WAS,00-0040164,J.Lane,targets,1,1,30,1,16,0,14,0.0333,0.0625,0.0,0.0625
2026,CLE,00-0040466,R.Sanders,rush_attempts,2,3,39,3,15,0,24,0.0769,0.2,0.0,0.2
2026,TB,00-0040237,T.Johnson,targets,2,5,60,3,27,2,33,0.0833,0.1111,0.0606,0.0505
2026,IND,00-0035710,D.Jones,rush_attempts_qb,1,1,30,1,12,0,18,0.0333,0.0833,0.0,0.0833
2026,DEN,00-0036613,J.Waddle,targets,2,13,56,8,22,5,34,0.2321,0.3636,0.1471,0.2166
2026,LV,00-0040729,J.Bech,targets,2,6,58,2,23,4,35,0.1034,0.087,0.1143,-0.0273
2026,NO,00-0041326,C.Donaldson,rush_attempts,2,3,49,3,23,0,26,0.0612,0.1304,0.0,0.1304
2026,NYG,00-0039847,T.Johnson,targets,2,5,61,1,25,4,36,0.082,0.04,0.1111,-0.0711
2026,PIT,00-0036894,P.Freiermuth,targets,2,10,74,4,27,6,47,0.1351,0.1481,0.1277,0.0205
2026,NE,00-0041395,E.Raridon,targets,2,2,52,1,23,1,29,0.0385,0.0435,0.0345,0.009
2026,ATL,00-0036970,K.Pitts,targets,2,4,50,1,17,3,33,0.08,0.0588,0.0909,-0.0321
2026,JAX,00-0039893,Bri.Thomas,targets,2,11,49,3,16,8,33,0.2245,0.1875,0.2424,-0.0549
2026,NYJ,00-0041032,K.Sadiq,targets,2,6,59,2,25,4,34,0.1017,0.08,0.1176,-0.0376
2026,TEN,00-0039032,T.Spears,rush_attempts,2,10,37,4,15,6,22,0.2703,0.2667,0.2727,-0.0061
2026,WAS,00-0037256,R.White,rush_attempts,2,14,54,8,20,6,34,0.2593,0.4,0.1765,0.2235
2026,HOU,00-0035685,D.Montgomery,rush_attempts,2,26,46,10,17,16,29,0.5652,0.5882,0.5517,0.0365
2026,TB,00-0036919,K.Gainwell,rush_attempts,2,7,38,3,11,4,27,0.1842,0.2727,0.1481,0.1246
2026,BUF,00-0035689,D.Knox,targets,2,3,57,3,27,0,30,0.0526,0.1111,0.0,0.1111
2026,IND,00-0041125,S.McGowan,rush_attempts,2,2,49,0,19,2,30,0.0408,0.0,0.0667,-0.0667
2026,LV,00-0040122,A.Jeanty,rush_attempts,2,44,64,14,23,30,41,0.6875,0.6087,0.7317,-0.123
2026,NO,00-0037231,K.Austin,targets,1,1,32,1,15,0,17,0.0313,0.0667,0.0,0.0667
2026,TEN,00-0040886,N.Singleton,rush_attempts,1,4,27,1,14,3,13,0.1481,0.0714,0.2308,-0.1593
2026,NE,00-0037816,R.Doubs,targets,2,7,52,3,23,4,29,0.1346,0.1304,0.1379,-0.0075
2026,JAX,00-0038606,P.Washington,targets,2,18,49,6,16,12,33,0.3673,0.375,0.3636,0.0114
2026,KC,00-0040081,J.Briningstool,targets,1,1,25,0,12,1,13,0.04,0.0,0.0769,-0.0769
2026,TEN,00-0040170,E.Ayomanor,targets,2,6,45,6,21,0,24,0.1333,0.2857,0.0,0.2857
2026,WAS,00-0041040,A.Williams,targets,2,7,64,3,31,4,33,0.1094,0.0968,0.1212,-0.0244
2026,HOU,00-0040138,J.Noel,targets,2,7,87,2,37,5,50,0.0805,0.0541,0.1,-0.0459
2026,TB,00-0038129,C.Otton,targets,2,11,60,4,27,7,33,0.1833,0.1481,0.2121,-0.064
2026,BUF,00-0037248,J.Cook,rush_attempts,2,34,51,12,22,22,29,0.6667,0.5455,0.7586,-0.2132
2026,IND,00-0041132,D.Burks,targets,1,0,30,0,12,0,18,0.0,0.0,0.0,0.0
2026,JAX,00-0040238,L.Allen,rush_attempts,1,0,24,0,7,0,17,0.0,0.0,0.0,0.0
2026,LV,00-0038563,T.Tucker,targets,2,11,58,5,23,6,35,0.1897,0.2174,0.1714,0.046
2026,NO,00-0041041,O.Delp,targets,1,1,32,0,15,1,17,0.0313,0.0,0.0588,-0.0588
2026,TEN,00-0040676,C.Ward,rush_attempts_qb,1,2,27,2,14,0,13,0.0741,0.1429,0.0,0.1429
2026,NE,00-0036875,R.Stevenson,rush_attempts,2,24,51,6,13,18,38,0.4706,0.4615,0.4737,-0.0121
2026,DEN,00-0036422,A.Trautman,targets,1,3,27,0,11,3,16,0.1111,0.0,0.1875,-0.1875
2026,TEN,00-0035261,T.Pollard,rush_attempts,2,21,37,8,15,13,22,0.5676,0.5333,0.5909,-0.0576
2026,WAS,00-0036628,J.Bates,targets,1,4,30,2,16,2,14,0.1333,0.125,0.1429,-0.0179
2026,HOU,00-0038728,J.Wayne,targets,2,8,87,5,37,3,50,0.092,0.1351,0.06,0.0751
2026,TB,00-0041048,T.Hurst,targets,2,10,60,6,27,4,33,0.1667,0.2222,0.1212,0.101
2026,BUF,00-0039901,K.Coleman,targets,2,8,57,5,27,3,30,0.1404,0.1852,0.1,0.0852
2026,IND,00-0037292,A.Ogletree,targets,2,2,59,0,22,2,37,0.0339,0.0,0.0541,-0.0541
2026,LV,00-0039066,M.Mayer,targets,2,11,58,3,23,8,35,0.1897,0.1304,0.2286,-0.0981
2026,NO,00-0036973,T.Etienne,rush_attempts,2,18,49,6,23,12,26,0.3673,0.2609,0.4615,-0.2007
2026,NE,00-0033090,H.Henry,targets,2,8,52,2,23,6,29,0.1538,0.087,0.2069,-0.1199
2026,WAS,00-0031588,S.Diggs,targets,2,15,64,10,31,5,33,0.2344,0.3226,0.1515,0.1711
2026,KC,00-0040890,C.Allen,targets,1,1,25,1,12,0,13,0.04,0.0833,0.0,0.0833
2026,WAS,00-0036626,D.Brown,targets,2,8,64,3,31,5,33,0.125,0.0968,0.1515,-0.0547
2026,IND,00-0040128,T.Warren,targets,2,12,59,5,22,7,37,0.2034,0.2273,0.1892,0.0381
2026,CHI,00-0041558,S.Roush,targets,1,3,30,1,18,2,12,0.1,0.0556,0.1667,-0.1111
2026,NO,00-0037239,C.Olave,targets,2,23,85,11,40,12,45,0.2706,0.275,0.2667,0.0083
2026,WAS,00-0035659,T.McLaurin,targets,2,13,64,5,31,8,33,0.2031,0.1613,0.2424,-0.0811
2026,IND,00-0032951,L.Treadwell,targets,2,4,59,0,22,4,37,0.0678,0.0,0.1081,-0.1081
2026,NO,00-0033906,A.Kamara,rush_attempts,1,9,26,4,12,5,14,0.3462,0.3333,0.3571,-0.0238
2026,PIT,00-0023459,A.Rodgers,rush_attempts_qb,1,3,21,3,10,0,11,0.1429,0.3,0.0,0.3
2026,BAL,00-0032398,C.Moore,targets,2,5,53,4,20,1,33,0.0943,0.2,0.0303,0.1697
2026,CHI,00-0040277,J.Walker,targets,1,1,26,1,9,0,17,0.0385,0.1111,0.0,0.1111
2026,CAR,00-0040218,Ji.Horn,targets,1,1,34,0,11,1,23,0.0294,0.0,0.0435,-0.0435
2026,DAL,00-0038705,E.Demercado,rush_attempts,2,5,34,1,15,4,19,0.1471,0.0667,0.2105,-0.1439
2026,SEA,00-0035704,D.Lock,rush_attempts_qb,1,1,21,1,7,0,14,0.0476,0.1429,0.0,0.1429
2026,DET,00-0037240,J.Williams,targets,2,13,77,3,31,10,46,0.1688,0.0968,0.2174,-0.1206
2026,LA,00-0026498,M.Stafford,rush_attempts_qb,2,5,55,3,19,2,36,0.0909,0.1579,0.0556,0.1023
2026,CIN,00-0034613,T.Hudson,targets,1,1,34,0,14,1,20,0.0294,0.0,0.05,-0.05
2026,CAR,00-0038102,K.Pickett,rush_attempts_qb,1,1,21,0,10,1,11,0.0476,0.0,0.0909,-0.0909
2026,SF,00-0040177,J.James,rush_attempts,1,4,24,1,8,3,16,0.1667,0.125,0.1875,-0.0625
2026,BAL,00-0034798,D.Smythe,targets,2,2,53,1,20,1,33,0.0377,0.05,0.0303,0.0197
2026,PHI,00-0040024,D.Cooper,targets,1,3,34,1,19,2,15,0.0882,0.0526,0.1333,-0.0807
2026,DAL,00-0033077,D.Prescott,rush_attempts_qb,1,1,18,1,8,0,10,0.0556,0.125,0.0,0.125
2026,BAL,00-0040075,L.Wester,targets,2,4,53,0,20,4,33,0.0755,0.0,0.1212,-0.1212
2026,CAR,00-0031610,D.Waller,targets,2,5,66,2,28,3,38,0.0758,0.0714,0.0789,-0.0075
2026,DAL,00-0039410,R.Flournoy,targets,2,10,61,2,23,8,38,0.1639,0.087,0.2105,-0.1236
2026,SEA,00-0038797,E.Wilson,rush_attempts,2,23,61,11,25,12,36,0.377,0.44,0.3333,0.1067
2026,DET,00-0039139,J.Gibbs,rush_attempts,2,45,50,14,16,31,34,0.9,0.875,0.9118,-0.0368
2026,LA,00-0039738,B.Corum,rush_attempts,2,22,55,4,19,18,36,0.4,0.2105,0.5,-0.2895
2026,CIN,00-0035631,D.Sample,targets,1,3,34,1,14,2,20,0.0882,0.0714,0.1,-0.0286
2026,SF,00-0034854,K.Hodge,targets,1,1,21,0,8,1,13,0.0476,0.0,0.0769,-0.0769
2026,BAL,00-0040870,J.Lane,targets,1,3,24,3,9,0,15,0.125,0.3333,0.0,0.3333
2026,CAR,00-0039342,X.Legette,targets,2,6,66,2,28,4,38,0.0909,0.0714,0.1053,-0.0338
2026,DAL,00-0039530,B.Spann-Ford,targets,1,2,30,0,11,2,19,0.0667,0.0,0.1053,-0.1053
2026,SEA,00-0039299,G.Holani,rush_attempts,2,12,61,7,25,5,36,0.1967,0.28,0.1389,0.1411
2026,LA,00-0037557,R.Rivers,rush_attempts,1,5,28,4,12,1,16,0.1786,0.3333,0.0625,0.2708
2026,CIN,00-0033526,S.Perine,rush_attempts,2,7,49,2,20,5,29,0.1429,0.1,0.1724,-0.0724
2026,SF,00-0029892,K.Juszczyk,rush_attempts,1,0,24,0,8,0,16,0.0,0.0,0.0,0.0
2026,PHI,00-0033246,J.Mundt,targets,1,3,34,1,19,2,15,0.0882,0.0526,0.1333,-0.0807
2026,BAL,00-0034753,M.Andrews,targets,2,13,53,6,20,7,33,0.2453,0.3,0.2121,0.0879
2026,CAR,00-0036555,C.Hubbard,rush_attempts,2,22,40,9,14,13,26,0.55,0.6429,0.5,0.1429
2026,DAL,00-0037247,G.Pickens,targets,2,14,61,7,23,7,38,0.2295,0.3043,0.1842,0.1201
2026,SEA,00-0033908,C.Kupp,targets,2,5,50,2,21,3,29,0.1,0.0952,0.1034,-0.0082
2026,LA,00-0040590,K.Mumpfield,targets,2,3,57,1,22,2,35,0.0526,0.0455,0.0571,-0.0117
2026,CIN,00-0036410,T.Higgins,targets,2,16,65,7,25,9,40,0.2462,0.28,0.225,0.055
2026,SEA,00-0037545,R.Shaheed,targets,2,9,50,4,21,5,29,0.18,0.1905,0.1724,0.0181
2026,NO,00-0035644,N.Fant,targets,1,8,53,3,25,5,28,0.1509,0.12,0.1786,-0.0586
2026,LA,00-0036244,C.Parkinson,targets,2,4,57,2,22,2,35,0.0702,0.0909,0.0571,0.0338
2026,CIN,00-0034829,M.Gesicki,targets,1,7,34,3,14,4,20,0.2059,0.2143,0.2,0.0143
2026,CIN,00-0038619,A.Iosivas,targets,2,4,65,3,25,1,40,0.0615,0.12,0.025,0.095
2026,IND,00-0035021,A.Dulin,targets,1,1,29,0,10,1,19,0.0345,0.0,0.0526,-0.0526
2026,BAL,00-0040879,M.Hibner,targets,1,1,24,0,9,1,15,0.0417,0.0,0.0667,-0.0667
2026,SEA,00-0038543,J.Smith-Njigba,targets,2,22,50,12,21,10,29,0.44,0.5714,0.3448,0.2266
2026,LA,00-0037840,K.Williams,rush_attempts,2,23,55,8,19,15,36,0.4182,0.4211,0.4167,0.0044
2026,ATL,00-0032392,A.Hooper,targets,1,4,31,2,11,2,20,0.129,0.1818,0.1,0.0818
2026,CIN,00-0039814,E.All,targets,1,3,31,0,11,3,20,0.0968,0.0,0.15,-0.15
2026,BAL,00-0039064,Z.Flowers,targets,1,6,24,1,9,5,15,0.25,0.1111,0.3333,-0.2222
2026,HOU,00-0039163,C.Stroud,rush_attempts_qb,1,1,31,1,13,0,18,0.0323,0.0769,0.0,0.0769
2026,CIN,00-0036900,J.Chase,targets,2,13,65,4,25,9,40,0.2,0.16,0.225,-0.065
2026,ATL,00-0036463,C.Blair,targets,1,3,31,1,11,2,20,0.0968,0.0909,0.1,-0.0091
2026,ATL,00-0036429,C.Woerner,targets,1,1,31,0,11,1,20,0.0323,0.0,0.05,-0.05
2026,CIN,00-0041069,C.Young,targets,1,1,31,0,11,1,20,0.0323,0.0,0.05,-0.05
2026,LA,00-0036849,T.Atwell,targets,1,2,30,0,10,2,20,0.0667,0.0,0.1,-0.1
2026,ATL,00-0041044,Z.Branch,targets,1,2,31,0,11,2,20,0.0645,0.0,0.1,-0.1
2026,HOU,00-0041472,M.Klein,targets,1,1,37,0,18,1,19,0.027,0.0,0.0526,-0.0526
2026,HOU,00-0036554,N.Collins,targets,1,10,37,5,18,5,19,0.2703,0.2778,0.2632,0.0146
2026,ATL,00-0037746,Br.Robinson,rush_attempts,2,20,59,2,9,18,50,0.339,0.2222,0.36,-0.1378
2026,BUF,00-0039471,F.Gore,rush_attempts,1,1,20,0,8,1,12,0.05,0.0,0.0833,-0.0833
2026,CLE,00-0041037,D.Boston,targets,2,11,52,5,15,6,37,0.2115,0.3333,0.1622,0.1712
2026,NYG,00-0039384,T.Tracy,rush_attempts,1,2,35,0,18,2,17,0.0571,0.0,0.1176,-0.1176
2026,DEN,00-0039732,B.Nix,rush_attempts_qb,2,7,42,4,17,3,25,0.1667,0.2353,0.12,0.1153
2026,KC,00-0041013,E.Johnson,rush_attempts,2,10,61,3,28,7,33,0.1639,0.1071,0.2121,-0.105
2026,TEN,00-0040584,G.Helm,targets,2,7,45,4,21,3,24,0.1556,0.1905,0.125,0.0655
2026,WAS,00-0041096,K.Allen,rush_attempts,2,9,54,4,20,5,34,0.1667,0.2,0.1471,0.0529
2026,HOU,00-0034981,F.Moreau,targets,2,4,87,0,37,4,50,0.046,0.0,0.08,-0.08
2026,TB,00-0034855,B.Mayfield,rush_attempts_qb,2,2,38,1,11,1,27,0.0526,0.0909,0.037,0.0539
2026,BUF,00-0034827,D.Moore,targets,2,8,57,3,27,5,30,0.1404,0.1111,0.1667,-0.0556
2026,NYJ,00-0039451,I.Williams,targets,2,7,59,3,25,4,34,0.1186,0.12,0.1176,0.0024
2026,IND,00-0036223,J.Taylor,rush_attempts,2,43,49,17,19,26,30,0.8776,0.8947,0.8667,0.0281
2026,JAX,00-0034960,J.Meyers,targets,2,3,49,1,16,2,33,0.0612,0.0625,0.0606,0.0019
2026,CHI,00-0039918,C.Williams,rush_attempts_qb,2,5,60,4,21,1,39,0.0833,0.1905,0.0256,0.1648
2026,NO,00-0041067,B.Lance,targets,2,6,85,3,40,3,45,0.0706,0.075,0.0667,0.0083
2026,TEN,00-0034837,C.Ridley,targets,1,2,17,0,10,2,7,0.1176,0.0,0.2857,-0.2857
2026,ATL,00-0035208,O.Zaccheaus,targets,2,4,50,1,17,3,33,0.08,0.0588,0.0909,-0.0321
2026,BUF,00-0034857,J.Allen,rush_attempts_qb,2,14,51,10,22,4,29,0.2745,0.4545,0.1379,0.3166
2026,CLE,00-0040784,Q.Judkins,rush_attempts,2,24,39,7,15,17,24,0.6154,0.4667,0.7083,-0.2417
2026,NYG,00-0040691,J.Dart,rush_attempts_qb,1,9,35,6,18,3,17,0.2571,0.3333,0.1765,0.1569
2026,DEN,00-0040730,R.Harvey,rush_attempts,1,3,14,1,1,2,13,0.2143,1.0,0.1538,0.8462
2026,KC,00-0038104,T.Thornton,targets,2,5,68,4,32,1,36,0.0735,0.125,0.0278,0.0972
2026,TEN,00-0038115,D.Bellinger,targets,2,2,45,1,21,1,24,0.0444,0.0476,0.0417,0.006
2026,WAS,00-0039910,J.Daniels,rush_attempts_qb,2,3,54,3,20,0,34,0.0556,0.15,0.0,0.15
2026,HOU,00-0040583,W.Marks,rush_attempts,2,17,46,6,17,11,29,0.3696,0.3529,0.3793,-0.0264
2026,TB,00-0033921,C.Godwin,targets,2,7,60,3,27,4,33,0.1167,0.1111,0.1212,-0.0101
2026,NYJ,00-0037805,J.Ruckert,targets,2,3,59,1,25,2,34,0.0508,0.04,0.0588,-0.0188
2026,IND,00-0030279,K.Allen,targets,2,11,59,5,22,6,37,0.1864,0.2273,0.1622,0.0651
2026,JAX,00-0036590,Q.Morris,targets,2,2,49,0,16,2,33,0.0408,0.0,0.0606,-0.0606
2026,CHI,00-0036290,C.Kmet,targets,2,4,56,2,27,2,29,0.0714,0.0741,0.069,0.0051
2026,NO,00-0036040,J.Johnson,targets,2,11,85,11,40,0,45,0.1294,0.275,0.0,0.275
2026,TEN,00-0038117,W.Robinson,targets,2,7,45,2,21,5,24,0.1556,0.0952,0.2083,-0.1131
2026,LAC,00-0040666,O.Hampton,rush_attempts,2,35,47,10,15,25,32,0.7447,0.6667,0.7813,-0.1146
2026,ATL,00-0037238,D.London,targets,2,9,50,4,17,5,33,0.18,0.2353,0.1515,0.0838
2026,BUF,00-0039875,R.Davis,rush_attempts,1,1,20,0,8,1,12,0.05,0.0,0.0833,-0.0833
2026,CLE,00-0040663,H.Fannin,targets,2,9,52,4,15,5,37,0.1731,0.2667,0.1351,0.1315
2026,NYG,00-0036309,D.Mooney,targets,2,5,61,2,25,3,36,0.082,0.08,0.0833,-0.0033
2026,DEN,00-0040134,P.Bryant,targets,2,7,56,2,22,5,34,0.125,0.0909,0.1471,-0.0561
2026,KC,00-0039894,X.Worthy,targets,2,13,68,6,32,7,36,0.1912,0.1875,0.1944,-0.0069
2026,TEN,00-0041438,C.Tate,targets,2,11,45,7,21,4,24,0.2444,0.3333,0.1667,0.1667
2026,WAS,00-0040242,J.Croskey-Merritt,rush_attempts,2,28,54,5,20,23,34,0.5185,0.25,0.6765,-0.4265
2026,HOU,00-0038608,K.Boutte,targets,2,7,87,3,37,4,50,0.0805,0.0811,0.08,0.0011
2026,TB,00-0040129,E.Egbuka,targets,2,11,60,4,27,7,33,0.1833,0.1481,0.2121,-0.064
2026,BUF,00-0036988,J.Palmer,targets,2,5,57,3,27,2,30,0.0877,0.1111,0.0667,0.0444
2026,NYJ,00-0037740,G.Wilson,targets,2,14,59,9,25,5,34,0.2373,0.36,0.1471,0.2129
2026,IND,00-0038997,J.Downs,targets,2,13,59,6,22,7,37,0.2203,0.2727,0.1892,0.0835
2026,JAX,00-0040719,B.Tuten,rush_attempts,2,28,56,4,17,24,39,0.5,0.2353,0.6154,-0.3801
2026,CHI,00-0032464,K.Raymond,targets,2,14,56,8,27,6,29,0.25,0.2963,0.2069,0.0894
2026,NO,00-0039424,D.Vele,targets,2,16,85,8,40,8,45,0.1882,0.2,0.1778,0.0222
2026,WAS,00-0037742,T.Burks,targets,1,1,34,1,15,0,19,0.0294,0.0667,0.0,0.0667
2026,LAC,00-0038573,D.Davis,targets,2,2,53,1,23,1,30,0.0377,0.0435,0.0333,0.0101
2026,ATL,00-0037741,J.Dotson,targets,2,7,50,2,17,5,33,0.14,0.1176,0.1515,-0.0339
2026,CLE,00-0041547,K.Concepcion,targets,2,11,52,3,15,8,37,0.2115,0.2,0.2162,-0.0162
2026,NYG,00-0041042,M.Fields,targets,2,10,61,4,25,6,36,0.1639,0.16,0.1667,-0.0067
2026,KC,00-0030506,T.Kelce,targets,2,16,68,6,32,10,36,0.2353,0.1875,0.2778,-0.0903
2026,MIA,00-0039874,J.Wright,rush_attempts,2,3,41,2,16,1,25,0.0732,0.125,0.04,0.085
2026,WAS,00-0037809,C.Okonkwo,targets,1,3,30,0,16,3,14,0.1,0.0,0.2143,-0.2143
2026,PHI,00-0036389,J.Hurts,rush_attempts_qb,2,5,50,5,16,0,34,0.1,0.3125,0.0,0.3125
2026,HOU,00-0034383,D.Schultz,targets,2,22,87,9,37,13,50,0.2529,0.2432,0.26,-0.0168
2026,TB,00-0039361,B.Irving,rush_attempts,2,25,38,7,11,18,27,0.6579,0.6364,0.6667,-0.0303
2026,BUF,00-0038933,D.Kincaid,targets,2,14,57,4,27,10,30,0.2456,0.1481,0.3333,-0.1852
2026,NYJ,00-0039890,A.Mitchell,targets,2,15,59,6,25,9,34,0.2542,0.24,0.2647,-0.0247
2026,IND,00-0037664,A.Pierce,targets,2,7,59,3,22,4,37,0.1186,0.1364,0.1081,0.0283
2026,CHI,00-0039919,R.Odunze,targets,2,7,56,2,27,5,29,0.125,0.0741,0.1724,-0.0983
2026,WAS,00-0039686,C.Yankoff,targets,1,1,34,0,15,1,19,0.0294,0.0,0.0526,-0.0526
2026,ARI,00-0041027,J.Love,rush_attempts,2,20,49,6,15,14,34,0.4082,0.4,0.4118,-0.0118
2026,LAC,00-0040727,T.Harris,targets,2,9,53,4,23,5,30,0.1698,0.1739,0.1667,0.0072
2026,ATL,00-0038542,Bi.Robinson,rush_attempts,2,37,59,6,9,31,50,0.6271,0.6667,0.62,0.0467
2026,NYG,00-0037838,I.Likely,targets,2,18,61,9,25,9,36,0.2951,0.36,0.25,0.11
2026,GB,00-0036264,J.Love,rush_attempts_qb,1,1,21,1,4,0,17,0.0476,0.25,0.0,0.25
2026,MIA,00-0041529,K.Coleman,targets,1,2,27,1,6,1,21,0.0741,0.1667,0.0476,0.119
2026,TEN,00-0040705,C.Dike,targets,1,1,28,0,11,1,17,0.0357,0.0,0.0588,-0.0588
2026,SF,00-0036887,L.Farrell,targets,1,2,34,0,16,2,18,0.0588,0.0,0.1111,-0.1111
2026,PHI,00-0038555,T.Bigsby,rush_attempts,2,14,50,3,16,11,34,0.28,0.1875,0.3235,-0.136
2026,HOU,00-0038618,X.Hutchinson,targets,2,15,87,6,37,9,50,0.1724,0.1622,0.18,-0.0178
2026,BUF,00-0037261,K.Shakir,targets,2,12,57,5,27,7,30,0.2105,0.1852,0.2333,-0.0481
2026,CHI,00-0040735,L.Burden,targets,2,12,56,7,27,5,29,0.2143,0.2593,0.1724,0.0868
2026,ARI,00-0037263,T.Allgeier,rush_attempts,2,22,49,6,15,16,34,0.449,0.4,0.4706,-0.0706
2026,ARI,00-0033307,K.Bourne,targets,2,11,63,4,25,7,38,0.1746,0.16,0.1842,-0.0242
2026,LAC,00-0038544,Q.Johnston,targets,2,11,53,4,23,7,30,0.2075,0.1739,0.2333,-0.0594
2026,NYG,00-0033376,P.Ricard,rush_attempts,1,0,35,0,18,0,17,0.0,0.0,0.0,0.0
2026,MIN,00-0037525,J.Mason,rush_attempts,1,15,31,5,12,10,19,0.4839,0.4167,0.5263,-0.1096
2026,GB,00-0038685,C.Brooks,rush_attempts,2,11,39,5,9,6,30,0.2821,0.5556,0.2,0.3556
2026,MIA,00-0041525,C.Bell,targets,2,3,50,0,16,3,34,0.06,0.0,0.0882,-0.0882
2026,SF,00-0033280,C.McCaffrey,rush_attempts,2,20,52,6,13,14,39,0.3846,0.4615,0.359,0.1026
2026,PHI,00-0034351,D.Goedert,targets,2,7,56,4,30,3,26,0.125,0.1333,0.1154,0.0179
2026,CLE,00-0038794,J.McLaughlin,rush_attempts,1,1,20,0,9,1,11,0.05,0.0,0.0909,-0.0909
2026,LAC,00-0038046,C.Kolar,targets,1,3,26,1,13,2,13,0.1154,0.0769,0.1538,-0.0769
2026,MIA,00-0038824,R.Miller,targets,1,1,23,1,10,0,13,0.0435,0.1,0.0,0.1
2026,CHI,00-0040126,C.Loveland,targets,2,5,56,2,27,3,29,0.0893,0.0741,0.1034,-0.0294
2026,PIT,00-0039739,R.Wilson,targets,2,12,74,6,27,6,47,0.1622,0.2222,0.1277,0.0946
2026,WAS,00-0039912,B.Sinnott,targets,1,1,34,0,15,1,19,0.0294,0.0,0.0526,-0.0526
2026,LAC,00-0033885,D.Njoku,targets,2,8,53,4,23,4,30,0.1509,0.1739,0.1333,0.0406
2026,NYG,00-0039337,M.Nabers,targets,2,13,61,5,25,8,36,0.2131,0.2,0.2222,-0.0222
2026,MIN,00-0033293,A.Jones,rush_attempts,2,35,58,12,21,23,37,0.6034,0.5714,0.6216,-0.0502
2026,GB,00-0039146,J.Reed,targets,2,8,69,3,28,5,41,0.1159,0.1071,0.122,-0.0148
2026,MIA,00-0037252,G.Dulcich,targets,2,5,50,1,16,4,34,0.1,0.0625,0.1176,-0.0551
2026,SF,00-0041052,K.Black,rush_attempts,2,21,52,4,13,17,39,0.4038,0.3077,0.4359,-0.1282
2026,PHI,00-0038393,D.Wicks,targets,2,10,56,9,30,1,26,0.1786,0.3,0.0385,0.2615
2026,DEN,00-0035406,L.Humphrey,targets,1,1,29,0,11,1,18,0.0345,0.0,0.0556,-0.0556
2026,CHI,00-0040236,K.Monangai,rush_attempts,2,20,60,5,21,15,39,0.3333,0.2381,0.3846,-0.1465
2026,PIT,00-0036139,R.Dowdle,rush_attempts,2,15,42,5,14,10,28,0.3571,0.3571,0.3571,0.0
2026,LAC,00-0039915,L.McConkey,targets,2,10,53,5,23,5,30,0.1887,0.2174,0.1667,0.0507
2026,MIN,00-0036322,J.Jefferson,targets,2,16,43,10,24,6,19,0.3721,0.4167,0.3158,0.1009
2026,GB,00-0038124,C.Watson,targets,2,19,69,10,28,9,41,0.2754,0.3571,0.2195,0.1376
2026,MIA,00-0041523,C.Douglas,targets,2,10,50,6,16,4,34,0.2,0.375,0.1176,0.2574
2026,NYJ,00-0040582,A.Smith,targets,1,1,23,0,7,1,16,0.0435,0.0,0.0625,-0.0625
2026,SF,00-0031408,M.Evans,targets,2,10,55,7,24,3,31,0.1818,0.2917,0.0968,0.1949
2026,PHI,00-0040867,M.Lemon,targets,2,5,56,1,30,4,26,0.0893,0.0333,0.1538,-0.1205
2026,DEN,00-0036727,A.Prentice,rush_attempts,1,0,28,0,16,0,12,0.0,0.0,0.0,0.0
2026,MIN,00-0041104,D.Claiborne,rush_attempts,1,0,27,0,9,0,18,0.0,0.0,0.0,0.0
2026,CHI,00-0036275,D.Swift,rush_attempts,2,34,60,12,21,22,39,0.5667,0.5714,0.5641,0.0073
2026,PIT,00-0037228,J.Warren,rush_attempts,2,21,42,5,14,16,28,0.5,0.3571,0.5714,-0.2143
2026,MIN,00-0036259,J.Jennings,targets,1,1,24,0,13,1,11,0.0417,0.0,0.0909,-0.0909
2026,GB,00-0040667,M.Golden,targets,2,18,69,9,28,9,41,0.2609,0.3214,0.2195,0.1019
2026,MIA,00-0039040,D.Achane,rush_attempts,2,31,41,10,16,21,25,0.7561,0.625,0.84,-0.215
2026,DEN,00-0038783,N.Adkins,targets,1,3,29,1,11,2,18,0.1034,0.0909,0.1111,-0.0202
2026,LAC,00-0041550,B.Thompson,targets,1,3,26,2,13,1,13,0.1154,0.1538,0.0769,0.0769
2026,LV,00-0029604,K.Cousins,rush_attempts_qb,2,7,64,3,23,4,41,0.1094,0.1304,0.0976,0.0329
2026,PIT,00-0035640,D.Metcalf,targets,2,19,74,8,27,11,47,0.2568,0.2963,0.234,0.0623
2026,NE,00-0040556,C.Kiner,rush_attempts,2,8,51,1,13,7,38,0.1569,0.0769,0.1842,-0.1073
2026,GB,00-0038996,T.Kraft,targets,2,9,69,0,28,9,41,0.1304,0.0,0.2195,-0.2195
2026,DEN,00-0037085,T.Badie,rush_attempts,1,1,28,0,16,1,12,0.0357,0.0,0.0833,-0.0833
2026,LV,00-0037093,D.Young,targets,1,1,29,0,10,1,19,0.0345,0.0,0.0526,-0.0526
2026,MIA,00-0041436,D.Herman,rush_attempts,1,0,28,0,12,0,16,0.0,0.0,0.0,0.0
2026,NE,00-0033555,M.Hollins,targets,2,7,52,4,23,3,29,0.1346,0.1739,0.1034,0.0705
2026,JAX,00-0041503,N.Boerkircher,targets,1,1,21,0,6,1,15,0.0476,0.0,0.0667,-0.0667
2026,DEN,00-0041496,J.Coleman,rush_attempts,1,10,28,9,16,1,12,0.3571,0.5625,0.0833,0.4792
2026,LV,00-0034365,I.Thomas,targets,1,1,29,0,10,1,19,0.0345,0.0,0.0526,-0.0526
2026,NE,00-0036187,R.Gilliam,rush_attempts,1,0,26,0,8,0,18,0.0,0.0,0.0,0.0
2026,JAX,00-0041100,J.Cameron,targets,1,2,21,2,6,0,15,0.0952,0.3333,0.0,0.3333
2026,LV,00-0037291,J.Nailor,targets,2,8,58,3,23,5,35,0.1379,0.1304,0.1429,-0.0124
2026,NE,00-0038621,D.Douglas,targets,2,9,52,5,23,4,29,0.1731,0.2174,0.1379,0.0795
2026,CIN,00-0036442,J.Burrow,rush_attempts_qb,2,5,49,4,20,1,29,0.102,0.2,0.0345,0.1655
2026,GB,00-0040142,K.Johnson,rush_attempts,1,8,18,0,5,8,13,0.4444,0.0,0.6154,-0.6154
2026,LA,00-0039074,D.Allen,targets,2,2,57,2,22,0,35,0.0351,0.0909,0.0,0.0909
2026,SEA,00-0033576,E.Saubert,targets,1,1,26,1,12,0,14,0.0385,0.0833,0.0,0.0833
2026,HOU,00-0039359,C.Stover,targets,1,1,37,0,18,1,19,0.027,0.0,0.0526,-0.0526
2026,NE,00-0040568,L.Larison,rush_attempts,1,0,25,0,5,0,20,0.0,0.0,0.0,0.0
2026,CIN,00-0040785,D.Meyers,targets,2,2,65,1,25,1,40,0.0308,0.04,0.025,0.015
2026,LA,00-0038359,X.Smith,targets,1,1,30,1,10,0,20,0.0333,0.1,0.0,0.1
2026,SEA,00-0041512,J.Price,rush_attempts,2,23,61,4,25,19,36,0.377,0.16,0.5278,-0.3678
2026,DET,00-0033106,J.Goff,rush_attempts_qb,2,2,50,1,16,1,34,0.04,0.0625,0.0294,0.0331
2026,CIN,00-0038597,C.Brown,rush_attempts,2,36,49,14,20,22,29,0.7347,0.7,0.7586,-0.0586
2026,LA,00-0040737,T.Ferguson,targets,2,10,57,3,22,7,35,0.1754,0.1364,0.2,-0.0636
2026,SEA,00-0040739,E.Arroyo,targets,1,1,26,0,12,1,14,0.0385,0.0,0.0714,-0.0714
2026,NE,00-0035676,A.Brown,targets,1,4,31,3,17,1,14,0.129,0.1765,0.0714,0.105
2026,DET,00-0036754,B.Wright,targets,1,1,39,0,16,1,23,0.0256,0.0,0.0435,-0.0435
2026,DET,00-0040669,I.TeSlaa,targets,2,6,77,2,31,4,46,0.0779,0.0645,0.087,-0.0224
2026,LA,00-0031381,D.Adams,targets,2,16,57,5,22,11,35,0.2807,0.2273,0.3143,-0.087
2026,SEA,00-0039793,A.Barner,targets,2,3,50,0,21,3,29,0.06,0.0,0.1034,-0.1034
2026,CAR,00-0036265,A.Dillon,rush_attempts,2,8,40,1,14,7,26,0.2,0.0714,0.2692,-0.1978
2026,DAL,00-0038738,H.Luepke,rush_attempts,2,2,34,2,15,0,19,0.0588,0.1333,0.0,0.1333
2026,DET,00-0039364,S.Vaki,rush_attempts,2,3,50,1,16,2,34,0.06,0.0625,0.0588,0.0037
2026,DET,00-0036963,A.St. Brown,targets,2,27,77,16,31,11,46,0.3506,0.5161,0.2391,0.277
2026,BAL,00-0034975,J.Hill,rush_attempts,2,8,52,3,18,5,34,0.1538,0.1667,0.1471,0.0196
2026,CAR,00-0039344,J.Brooks,rush_attempts,2,9,40,4,14,5,26,0.225,0.2857,0.1923,0.0934
2026,DAL,00-0039062,J.Mingo,targets,1,1,30,0,11,1,19,0.0333,0.0,0.0526,-0.0526
2026,NO,00-0041099,B.Brown,targets,1,0,53,0,25,0,28,0.0,0.0,0.0,0.0
2026,CAR,00-0040187,M.Evans,targets,2,3,66,3,28,0,38,0.0455,0.1071,0.0,0.1071
2026,BAL,00-0039792,D.Walker,targets,1,2,29,1,11,1,18,0.069,0.0909,0.0556,0.0354
2026,PHI,00-0035662,M.Brown,targets,1,0,34,0,19,0,15,0.0,0.0,0.0,0.0
2026,DAL,00-0037801,K.Turpin,targets,2,1,61,0,23,1,38,0.0164,0.0,0.0263,-0.0263
2026,PIT,00-0036252,M.Pittman,targets,1,3,37,1,16,2,21,0.0811,0.0625,0.0952,-0.0327
2026,CAR,00-0040124,T.McMillan,targets,2,18,66,6,28,12,38,0.2727,0.2143,0.3158,-0.1015
2026,DAL,00-0036997,J.Williams,rush_attempts,2,24,34,10,15,14,19,0.7059,0.6667,0.7368,-0.0702
2026,DET,00-0039065,S.LaPorta,targets,2,15,77,7,31,8,46,0.1948,0.2258,0.1739,0.0519
2026,NO,00-0038551,K.Miller,rush_attempts,1,9,23,4,11,5,12,0.3913,0.3636,0.4167,-0.053
2026,LA,00-0039751,J.Whittington,targets,1,1,27,0,12,1,15,0.037,0.0,0.0667,-0.0667
2026,CAR,00-0037005,T.Tremble,targets,2,7,66,3,28,4,38,0.1061,0.1071,0.1053,0.0019
2026,SF,00-0036972,M.Jones,rush_attempts_qb,1,2,24,0,8,2,16,0.0833,0.0,0.125,-0.125
2026,BAL,00-0036550,R.Bateman,targets,2,10,53,3,20,7,33,0.1887,0.15,0.2121,-0.0621
2026,DAL,00-0038041,J.Ferguson,targets,2,6,61,4,23,2,38,0.0984,0.1739,0.0526,0.1213
2026,BAL,00-0034796,L.Jackson,rush_attempts_qb,1,4,34,2,11,2,23,0.1176,0.1818,0.087,0.0949
2026,BAL,00-0032764,D.Henry,rush_attempts,2,40,52,13,18,27,34,0.7692,0.7222,0.7941,-0.0719
2026,DAL,00-0036358,C.Lamb,targets,2,17,61,7,23,10,38,0.2787,0.3043,0.2632,0.0412
2026,CAR,00-0039491,J.Coker,targets,2,18,66,6,28,12,38,0.2727,0.2143,0.3158,-0.1015
2026,DAL,00-0038547,L.Schoonmaker,targets,1,1,30,0,11,1,19,0.0333,0.0,0.0526,-0.0526
2026,SEA,00-0038488,B.Russell,rush_attempts,1,0,21,0,7,0,14,0.0,0.0,0.0,0.0
2026,LA,00-0033110,T.Higbee,targets,1,2,27,1,12,1,15,0.0741,0.0833,0.0667,0.0167
2026,LA,00-0039075,P.Nacua,targets,1,9,27,5,12,4,15,0.3333,0.4167,0.2667,0.15
